01.04.2016;1;32;0;0;11;0;15;5;5;9;0;13;1;4;0;0;0;22;0;8;0;2;0;10;19;0;0;0;0;0;0;0;0;11;0
01.04.2016;2;65;0;0;11;0;17;7;12;13;0;19;3;2;4;0;0;20;0;7;0;9;0;13;14;0;0;0;0;0;0;0;1;11;0
01.04.2016;3;95;0;0;10;0;28;13;12;19;0;25;3;11;6;0;0;17;0;11;0;20;0;22;13;0;0;0;0;0;0;0;1;25;0
01.04.2016;4;130;0;0;19;7;40;20;11;24;4;33;9;21;5;0;0;24;0;24;0;36;0;36;18;0;0;0;0;0;0;8;0;42;0
01.04.2016;5;158;0;0;29;15;28;11;17;11;13;40;17;29;11;0;25;23;10;25;27;31;19;27;17;0;1;0;0;0;0;14;0;30;0
01.04.2016;6;164;0;0;27;2;19;4;26;24;12;45;28;32;11;0;44;34;23;39;41;26;30;26;23;0;1;0;0;0;0;7;1;28;0
01.04.2016;7;166;0;6;32;0;31;14;19;28;16;40;15;38;4;0;46;34;3;32;6;47;11;34;26;0;0;0;0;0;0;0;0;26;0
01.04.2016;8;197;0;14;46;0;29;17;20;31;10;43;39;38;6;0;49;42;0;50;0;48;0;38;30;0;1;0;0;0;0;0;0;21;2
01.04.2016;9;188;0;23;53;0;35;21;25;22;17;28;24;25;11;0;45;23;0;34;0;42;0;30;36;0;0;0;0;0;0;0;1;26;2
01.04.2016;10;166;0;24;51;0;20;18;25;15;22;40;14;26;21;0;39;32;0;29;0;34;0;27;23;0;0;0;0;0;0;0;1;21;3
01.04.2016;11;171;0;24;48;0;22;19;25;20;17;29;16;32;21;0;34;21;0;33;2;43;0;24;26;0;0;0;0;0;0;0;0;14;1
01.04.2016;12;178;0;18;40;0;18;25;27;20;15;35;16;36;19;0;45;28;0;42;29;33;0;27;31;0;0;0;0;0;0;0;1;15;0
01.04.2016;13;199;0;22;42;0;32;21;24;24;24;45;15;33;17;0;49;42;0;34;32;24;0;26;43;0;0;0;0;0;0;0;0;23;0
01.04.2016;14;225;0;22;41;0;33;31;35;25;24;43;29;32;18;0;52;41;0;55;43;26;0;23;48;5;0;0;0;1;0;0;2;18;1
01.04.2016;15;241;0;28;55;0;30;41;35;29;31;44;27;29;29;0;42;46;0;57;48;21;0;31;33;13;0;0;0;0;0;0;2;23;3
01.04.2016;16;217;0;18;43;0;34;30;28;23;24;44;32;36;15;0;50;44;0;48;39;25;0;37;37;0;0;0;0;0;0;0;0;26;1
01.04.2016;17;194;0;10;35;0;37;19;21;16;28;38;23;32;10;0;45;30;0;33;32;26;21;36;39;0;0;0;0;0;0;0;0;38;3
01.04.2016;18;207;0;10;25;0;38;16;25;10;21;45;21;46;11;0;59;41;0;37;29;27;44;28;46;0;1;0;0;0;0;0;2;36;3
01.04.2016;19;199;0;16;41;0;38;9;26;13;29;46;22;36;20;0;54;42;0;32;36;25;39;21;30;0;2;0;0;0;0;0;0;33;4
01.04.2016;20;171;0;8;31;0;47;10;16;20;15;40;19;34;16;0;22;31;0;32;19;26;29;34;17;0;0;0;0;0;0;0;1;38;1
01.04.2016;21;140;0;0;19;0;28;14;24;31;0;30;13;33;16;0;0;33;0;28;0;35;0;29;20;0;0;0;0;0;0;0;0;21;0
01.04.2016;22;108;0;0;20;0;32;11;16;19;0;20;17;19;8;0;0;26;0;18;0;17;0;34;10;0;0;0;0;0;0;0;0;28;0
01.04.2016;23;82;0;0;20;0;23;15;10;17;0;13;6;11;11;0;0;17;0;13;0;16;0;17;11;0;0;0;0;0;0;0;0;18;0
01.04.2016;24;59;0;0;7;0;13;10;10;9;0;11;5;5;7;0;0;17;0;7;0;6;0;7;11;0;0;0;0;0;0;0;0;6;0
02.04.2016;1;39;0;0;8;0;12;10;5;9;0;13;2;5;6;0;0;17;0;12;0;8;0;7;22;0;0;0;0;0;0;0;0;7;0
02.04.2016;2;75;0;0;15;0;14;17;12;19;0;20;4;3;8;0;0;17;0;16;0;14;0;6;16;0;0;0;0;0;0;0;1;8;0
02.04.2016;3;98;0;0;10;0;32;19;13;11;0;21;4;10;5;0;0;15;0;13;0;18;0;13;14;0;0;0;0;0;0;0;1;20;0
02.04.2016;4;128;0;0;26;0;37;20;14;23;0;29;10;23;8;0;0;29;0;27;0;33;0;25;25;0;0;0;0;0;0;0;0;35;0
02.04.2016;5;156;0;18;29;0;47;14;15;17;10;41;15;26;20;0;17;23;7;25;25;29;27;24;19;0;1;0;0;0;0;0;0;51;0
02.04.2016;6;157;0;11;18;0;29;8;27;18;11;37;27;34;14;0;45;35;19;29;33;29;26;18;21;0;1;0;0;0;0;0;0;29;0
02.04.2016;7;159;1;14;26;0;32;10;26;24;8;45;12;36;4;0;45;33;0;29;28;28;25;17;21;0;0;0;0;0;0;0;1;24;0
02.04.2016;8;165;0;17;34;0;21;12;22;27;14;38;24;33;6;0;41;34;0;36;34;17;6;27;25;0;0;0;0;0;0;0;0;25;3
02.04.2016;9;162;0;20;43;0;33;14;24;22;15;25;18;25;16;0;39;22;0;26;19;24;0;32;26;0;1;0;0;0;0;0;0;22;3
02.04.2016;10;159;0;14;50;0;20;14;25;19;21;35;16;33;16;0;48;39;0;34;0;42;0;23;20;0;2;0;0;0;0;0;0;16;0
02.04.2016;11;173;0;22;49;0;20;27;24;20;18;33;16;35;18;0;33;27;0;45;36;32;0;22;28;0;0;0;0;0;0;0;1;17;3
02.04.2016;12;171;0;18;43;0;16;23;24;22;17;33;16;29;17;0;39;36;6;31;31;23;0;19;41;0;0;0;0;0;0;0;0;13;3
02.04.2016;13;193;0;19;36;0;29;14;32;21;20;45;21;30;15;0;54;47;26;25;35;26;0;24;42;8;1;0;0;0;11;0;1;17;2
02.04.2016;14;211;0;18;31;0;26;18;28;16;18;40;26;33;14;0;64;42;39;35;41;29;0;29;35;31;1;6;0;0;9;0;0;18;0
02.04.2016;15;203;2;20;32;0;25;17;30;26;26;43;28;27;18;0;60;45;37;31;43;25;0;31;15;23;0;10;0;0;14;0;1;21;0
02.04.2016;16;201;0;13;37;0;30;22;29;17;23;44;30;26;13;0;54;46;32;28;28;21;0;30;21;14;0;0;0;0;5;0;0;22;0
02.04.2016;17;164;0;9;30;0;26;21;12;19;26;43;19;26;15;0;39;39;27;21;37;25;6;38;28;4;0;0;0;0;0;0;0;32;0
02.04.2016;18;162;0;13;28;0;22;19;21;11;15;37;19;33;14;0;47;35;20;15;26;29;28;22;35;0;2;0;0;0;0;0;1;24;0
02.04.2016;19;175;0;13;37;0;27;8;20;14;29;42;24;34;16;0;44;40;26;24;29;21;42;25;31;0;2;0;0;0;0;0;1;28;0
02.04.2016;20;153;0;7;27;0;43;5;11;14;12;44;17;28;12;0;19;41;8;25;11;18;25;29;18;0;0;0;0;0;0;0;0;42;0
02.04.2016;21;111;0;0;18;0;27;12;13;27;0;21;12;23;7;0;0;35;0;31;0;22;0;25;15;0;0;0;0;0;0;0;0;25;0
02.04.2016;22;96;0;0;15;0;31;9;10;19;0;20;9;17;6;0;0;24;0;18;0;13;0;26;11;0;0;0;0;0;0;0;0;26;0
02.04.2016;23;83;0;0;18;0;24;13;6;14;0;20;7;9;9;0;0;28;0;16;0;10;0;24;10;0;0;0;0;0;0;0;0;22;0
02.04.2016;24;54;0;0;11;0;12;8;10;7;0;9;0;6;5;0;0;16;0;5;0;5;0;6;13;0;0;0;0;0;0;0;0;8;0
03.04.2016;1;47;0;0;11;0;13;7;7;9;0;11;5;6;8;0;0;22;0;10;0;6;0;9;22;0;0;0;0;0;0;0;0;0;0
03.04.2016;2;87;0;0;11;0;27;14;17;14;0;21;4;7;17;0;0;27;0;14;0;6;0;11;18;0;0;0;0;0;0;0;0;0;0
03.04.2016;3;102;0;0;9;0;28;20;16;17;0;21;1;10;8;0;0;20;0;17;0;18;0;12;21;0;0;0;0;0;0;0;0;0;0
03.04.2016;4;121;0;0;15;4;39;27;11;20;0;31;8;16;8;0;1;27;1;25;0;24;1;26;16;0;1;0;0;0;0;7;0;0;0
03.04.2016;5;135;1;9;23;12;30;9;16;15;8;38;19;25;9;0;21;27;12;25;30;23;30;23;7;0;1;0;0;0;0;19;0;0;0
03.04.2016;6;143;0;15;27;5;22;5;25;28;6;39;20;31;13;0;35;32;26;28;35;25;34;22;13;0;1;0;0;0;0;10;0;0;0
03.04.2016;7;153;0;20;31;0;29;11;20;27;9;43;10;35;3;0;39;41;22;21;31;27;12;24;22;0;0;0;0;0;0;0;0;0;0
03.04.2016;8;174;0;18;44;0;26;15;21;27;12;42;25;34;6;0;42;38;23;35;36;31;0;32;22;0;0;0;0;0;0;0;0;0;0
03.04.2016;9;167;0;26;37;0;25;20;21;18;13;26;21;20;21;0;42;27;18;26;24;18;0;16;33;0;2;0;0;0;17;0;0;0;0
03.04.2016;10;168;0;20;30;0;23;21;24;15;22;37;17;30;18;0;41;37;24;20;34;26;0;29;23;0;1;0;0;0;14;0;0;0;0
03.04.2016;11;174;0;25;32;0;22;15;19;24;20;34;22;34;17;0;35;33;28;31;41;34;0;26;29;0;0;0;0;0;11;0;0;0;0
03.04.2016;12;187;0;25;41;0;17;27;29;23;15;40;19;33;18;0;44;32;34;26;35;30;0;21;34;0;0;0;0;0;9;0;0;0;0
03.04.2016;13;210;0;21;40;0;37;21;40;20;22;45;18;30;19;0;54;44;21;20;30;24;0;21;50;3;0;0;0;0;0;0;0;0;0
03.04.2016;14;223;0;19;41;0;26;30;27;21;32;40;26;29;22;0;54;36;37;32;47;26;0;31;37;28;1;0;0;1;0;0;0;0;0
03.04.2016;15;216;0;27;52;0;28;31;32;29;24;44;23;25;25;0;56;39;30;27;40;18;0;22;23;27;0;0;0;0;0;0;0;0;0
03.04.2016;16;201;0;15;39;0;27;25;20;20;18;49;34;33;13;0;49;45;33;33;29;25;0;33;34;1;0;0;0;0;0;0;0;0;0
03.04.2016;17;192;0;8;29;0;30;16;16;18;23;52;19;45;17;0;47;48;22;22;28;28;0;46;37;0;0;0;0;0;0;0;0;0;0
03.04.2016;18;188;0;10;33;0;28;13;21;11;23;41;24;44;13;0;57;37;17;23;30;33;23;27;40;0;1;0;0;0;0;0;0;0;0
03.04.2016;19;185;0;15;36;0;29;5;23;14;22;44;27;35;18;0;45;38;22;34;31;21;49;25;26;0;2;0;0;0;0;0;0;0;0
03.04.2016;20;163;0;4;37;0;41;5;15;26;4;33;22;37;15;0;38;29;14;24;27;18;47;25;23;0;0;0;0;0;0;0;0;0;0
03.04.2016;21;122;0;0;16;0;30;8;21;22;0;31;16;26;11;0;5;35;4;24;8;20;9;25;15;0;0;0;0;0;0;0;0;0;0
03.04.2016;22;118;0;0;22;0;34;16;15;26;0;23;16;23;7;0;0;29;0;18;0;19;0;37;14;0;0;0;0;0;0;0;0;0;0
03.04.2016;23;84;0;0;22;0;26;16;10;12;0;16;5;6;13;0;0;22;0;18;0;7;0;19;15;0;0;0;0;0;0;0;0;0;0
03.04.2016;24;49;0;0;9;0;16;8;8;4;0;7;3;3;7;0;0;12;0;5;0;5;0;4;10;0;0;0;0;0;0;0;0;0;0
04.04.2016;1;43;0;0;13;0;9;8;8;11;0;13;3;5;3;0;0;20;0;9;0;5;0;6;21;0;0;0;0;0;0;0;0;4;0
04.04.2016;2;71;0;0;15;0;18;12;13;17;0;20;3;2;11;0;0;16;0;11;0;12;0;10;14;0;0;0;0;0;0;0;1;8;0
04.04.2016;3;106;0;0;9;0;38;20;14;20;0;26;2;6;7;0;0;19;0;16;0;15;0;19;12;0;0;0;0;0;0;0;1;27;0
04.04.2016;4;149;0;0;24;0;46;27;18;28;0;33;9;20;10;0;0;32;0;29;0;32;0;32;24;0;0;0;0;0;0;0;0;43;0
04.04.2016;5;176;0;4;29;0;46;13;18;25;1;47;21;30;13;0;35;41;18;29;34;28;34;25;18;0;1;0;0;1;0;13;0;37;0
04.04.2016;6;172;0;18;23;0;25;10;30;23;10;36;27;35;16;0;46;31;28;26;34;26;32;21;22;0;1;0;0;0;0;8;2;26;2
04.04.2016;7;167;0;21;29;0;30;13;28;27;12;37;15;40;6;0;44;33;2;32;39;38;23;22;22;0;0;0;0;0;0;0;1;23;2
04.04.2016;8;194;0;17;36;0;31;11;31;20;9;48;36;37;10;0;53;45;0;47;31;20;0;40;21;0;1;0;0;0;0;0;0;29;0
04.04.2016;9;176;0;25;41;0;35;21;26;24;15;26;21;20;24;0;45;24;0;36;29;23;0;25;39;0;0;0;0;0;0;0;0;27;1
04.04.2016;10;164;0;18;51;0;16;26;20;21;21;32;21;32;15;0;35;32;0;38;32;24;0;22;29;0;0;0;0;0;0;0;1;15;2
04.04.2016;11;180;0;25;54;0;19;26;36;28;19;27;19;36;20;0;38;20;0;47;43;29;0;23;23;0;0;0;0;0;0;0;0;15;2
04.04.2016;12;198;0;19;48;0;16;22;42;25;22;42;16;33;18;0;57;38;0;38;36;24;0;32;22;14;0;0;0;0;0;0;0;17;1
04.04.2016;13;198;0;23;39;0;31;19;31;23;24;44;14;29;16;0;48;41;0;33;35;22;0;24;27;15;1;0;0;0;0;0;1;18;3
04.04.2016;14;222;2;18;35;0;32;34;29;21;31;42;26;31;19;0;56;34;0;50;48;25;0;32;29;18;1;0;0;1;3;0;0;18;2
04.04.2016;15;234;0;24;37;0;34;39;35;29;28;46;28;30;29;0;56;37;0;56;52;21;0;31;28;18;0;0;0;0;17;0;3;28;1
04.04.2016;16;199;1;14;38;0;40;21;26;20;21;42;29;30;14;0;44;38;0;47;33;24;0;34;25;8;0;0;0;0;4;0;0;27;4
04.04.2016;17;162;0;5;24;0;35;11;16;11;16;40;16;34;10;0;39;32;0;30;30;27;0;30;37;0;0;0;0;0;0;0;0;37;2
04.04.2016;18;172;0;11;36;0;25;17;17;13;21;36;28;30;14;0;44;31;0;39;33;25;17;27;33;0;1;0;0;0;0;0;1;29;2
04.04.2016;19;187;0;15;38;0;34;10;24;11;26;41;26;31;23;0;46;33;0;38;27;19;41;28;30;0;0;0;0;0;0;0;1;31;2
04.04.2016;20;172;0;16;35;0;44;6;16;15;19;47;18;38;16;0;39;43;0;35;39;26;43;25;18;0;1;0;0;0;0;0;0;41;2
04.04.2016;21;125;0;0;18;0;18;15;16;25;0;26;16;27;6;0;12;33;0;24;15;18;12;28;16;0;0;0;0;0;0;0;0;17;1
04.04.2016;22;98;0;0;15;0;28;16;14;21;0;20;10;22;7;0;0;27;0;20;0;21;0;32;13;0;0;0;0;0;0;0;0;29;0
04.04.2016;23;80;0;0;20;0;25;12;7;15;0;17;6;10;8;0;0;21;0;16;0;12;0;18;7;0;0;0;0;0;0;0;0;20;1
04.04.2016;24;53;0;0;8;0;13;8;10;11;0;8;0;6;3;0;0;15;0;7;0;8;0;7;10;0;0;0;0;0;0;0;0;10;0
05.04.2016;1;36;0;0;10;0;4;7;4;16;0;10;2;5;4;0;0;17;0;7;0;5;0;5;14;0;0;0;0;0;0;0;0;0;0
05.04.2016;2;76;0;0;9;0;18;18;15;25;0;19;5;2;15;0;0;19;0;14;0;15;0;7;12;0;0;0;0;0;0;0;0;0;0
05.04.2016;3;102;0;0;6;0;28;22;13;20;0;18;2;6;7;0;0;12;0;10;0;17;0;21;15;0;0;0;0;0;0;0;0;0;1
05.04.2016;4;132;0;3;17;8;37;21;17;21;9;37;10;20;4;0;4;32;3;25;1;33;6;35;14;0;0;0;0;0;0;0;0;0;1
05.04.2016;5;158;0;15;26;21;30;9;15;11;12;36;13;33;11;0;30;24;20;19;35;34;40;19;15;0;1;0;0;0;0;0;0;0;0
05.04.2016;6;174;0;17;28;8;22;8;29;27;12;36;32;38;16;0;48;31;36;36;43;29;36;22;23;0;1;0;0;0;0;0;0;0;1
05.04.2016;7;162;0;16;24;0;36;14;24;25;11;38;23;32;5;0;43;27;15;34;32;28;17;21;24;0;0;0;0;0;0;0;0;0;3
05.04.2016;8;179;0;16;32;0;25;14;22;23;7;41;31;37;9;0;44;33;0;36;30;24;0;38;25;0;1;0;0;0;0;0;0;0;1
05.04.2016;9;174;1;21;45;0;30;14;21;25;11;29;25;24;18;0;42;25;0;40;25;21;0;21;31;0;0;0;0;0;0;0;0;0;3
05.04.2016;10;157;0;10;38;0;22;18;23;21;14;37;16;21;13;0;33;31;0;28;27;16;0;22;24;0;0;0;0;0;0;0;0;0;1
05.04.2016;11;163;0;21;51;0;23;16;25;27;21;29;16;31;19;0;31;20;0;32;37;33;0;23;21;0;0;0;0;0;0;0;0;0;4
05.04.2016;12;179;0;18;42;0;21;23;20;26;18;40;16;30;20;0;45;31;0;35;40;24;0;25;26;2;0;0;0;0;0;0;0;0;4
05.04.2016;13;186;0;23;40;0;34;16;23;23;18;43;19;22;17;0;45;37;0;32;29;22;0;26;36;13;0;0;9;0;0;0;0;0;4
05.04.2016;14;205;0;17;32;0;30;18;23;16;24;43;26;23;16;0;45;35;0;46;38;24;0;29;38;17;1;0;15;0;0;0;0;0;1
05.04.2016;15;214;0;18;39;0;25;23;29;35;33;44;26;37;18;0;39;24;0;60;62;25;0;23;29;22;0;0;14;0;0;0;0;0;2
05.04.2016;16;177;0;12;32;0;26;13;19;20;23;36;24;27;13;0;41;34;17;28;37;24;0;27;31;0;0;0;6;0;0;0;0;0;4
05.04.2016;17;163;1;10;25;0;34;9;15;10;22;40;18;34;12;0;40;38;13;22;34;25;0;41;33;0;0;0;3;0;0;0;0;0;0
05.04.2016;18;177;1;9;28;0;30;10;22;7;23;41;21;31;9;0;51;37;8;27;30;27;0;36;31;0;1;0;0;0;0;0;0;0;1
05.04.2016;19;177;0;13;34;0;27;6;21;13;21;46;23;31;12;0;44;35;0;35;33;23;40;35;25;0;1;0;0;0;0;0;0;0;0
05.04.2016;20;169;0;8;37;0;45;16;15;28;6;36;21;33;13;0;36;35;0;33;32;20;45;23;22;0;0;0;0;0;0;0;0;0;0
05.04.2016;21;131;0;0;18;0;25;17;17;25;0;30;14;32;12;0;16;29;0;25;21;19;12;24;16;0;0;0;0;0;0;0;0;0;0
05.04.2016;22;92;0;0;18;0;25;13;14;22;0;23;13;16;6;0;0;30;0;20;0;20;0;31;8;0;0;0;0;0;0;0;0;0;0
05.04.2016;23;86;0;0;25;0;23;20;9;17;0;15;8;8;14;0;0;22;0;17;0;12;0;16;9;0;0;0;0;0;0;0;0;0;0
05.04.2016;24;58;0;0;15;0;14;9;9;6;0;7;4;5;7;0;0;12;0;6;0;6;0;4;9;0;0;0;0;0;0;0;0;0;0
06.04.2016;1;40;0;0;8;0;12;9;9;14;0;12;2;5;2;0;0;19;0;10;0;8;0;7;20;0;0;0;0;0;0;0;0;0;0
06.04.2016;2;81;0;0;14;0;20;12;17;22;0;21;2;3;9;0;0;21;0;11;0;15;0;14;16;0;0;0;0;0;0;0;0;0;0
06.04.2016;3;100;0;0;12;0;33;16;13;17;0;25;3;8;6;0;0;19;0;17;0;20;0;19;11;0;0;0;0;0;0;0;0;0;0
06.04.2016;4;126;0;0;18;0;41;21;16;21;0;34;8;20;6;0;2;30;0;27;3;38;1;26;13;0;0;0;0;0;0;0;0;0;0
06.04.2016;5;165;0;8;25;0;46;12;18;24;3;42;22;27;13;0;35;29;19;29;33;24;38;20;16;0;1;0;0;1;0;0;0;0;0
06.04.2016;6;165;0;11;22;0;23;11;29;23;10;40;27;28;16;0;42;29;29;32;35;21;30;19;25;0;1;0;0;0;0;0;0;0;0
06.04.2016;7;152;0;17;25;0;33;13;25;29;12;36;16;35;6;0;10;43;24;20;37;36;27;16;21;0;0;0;0;0;0;0;0;0;0
06.04.2016;8;174;0;14;30;0;26;14;22;26;5;48;26;34;9;0;0;50;11;34;16;35;28;26;25;0;1;0;3;0;4;0;0;0;3
06.04.2016;9;168;1;21;27;0;31;13;19;23;11;26;24;27;17;0;0;48;0;32;0;38;13;24;26;8;0;0;5;0;10;0;0;0;3
06.04.2016;10;162;0;17;33;0;20;11;25;17;17;36;13;31;13;0;0;52;0;25;0;35;0;26;22;4;0;0;5;0;10;0;0;0;0
06.04.2016;11;158;0;28;37;0;16;13;16;22;22;28;15;37;18;0;0;28;0;38;0;48;0;28;16;11;0;0;9;0;13;0;0;0;0
06.04.2016;12;174;0;20;33;0;20;9;30;23;17;35;15;28;22;0;20;48;0;29;0;32;0;22;18;17;0;0;15;0;10;0;0;0;1
06.04.2016;13;202;0;25;30;0;38;10;32;19;18;43;18;27;21;0;55;45;0;30;0;43;0;33;35;17;1;0;9;0;9;0;0;0;2
06.04.2016;14;222;0;22;34;0;37;27;33;22;16;38;28;30;18;0;50;41;0;55;0;49;0;36;29;25;1;0;0;1;3;0;0;0;0
06.04.2016;15;212;0;18;39;0;20;30;38;31;38;45;31;30;19;0;47;41;0;52;0;61;0;29;21;15;0;0;0;0;0;0;0;0;1
06.04.2016;16;178;0;14;38;0;21;22;29;19;16;37;29;27;13;0;42;39;0;39;0;40;0;35;24;1;0;0;0;0;0;0;0;0;1
06.04.2016;17;152;0;6;18;0;28;14;18;6;21;41;12;36;10;0;42;37;0;24;0;42;0;43;32;0;0;0;0;0;0;0;0;0;1
06.04.2016;18;178;1;14;32;0;29;11;22;9;18;42;18;36;10;0;50;39;0;28;0;43;0;38;35;0;1;0;0;0;0;0;0;0;0
06.04.2016;19;170;0;15;33;0;29;7;24;16;29;41;23;34;19;0;46;40;0;37;25;32;43;26;19;0;1;0;0;0;0;0;0;0;0
06.04.2016;20;162;0;10;32;0;50;10;13;23;8;41;19;32;13;0;32;26;0;30;27;25;50;27;19;0;0;0;0;0;0;0;0;0;0
06.04.2016;21;131;0;0;23;0;21;16;18;27;0;28;15;30;10;0;7;32;0;31;13;36;11;19;21;0;0;0;0;0;0;0;0;0;0
06.04.2016;22;107;0;0;18;0;24;13;13;25;0;23;18;19;6;0;0;20;0;22;0;35;0;33;13;0;0;0;0;0;0;0;0;0;0
06.04.2016;23;75;0;0;18;0;22;12;7;19;0;13;9;7;9;0;0;16;0;12;0;13;0;13;9;0;0;0;0;0;0;0;0;0;0
06.04.2016;24;50;0;0;12;0;8;7;9;14;0;8;4;4;4;0;0;9;0;4;0;8;0;6;9;0;0;0;0;0;0;0;0;0;0
07.04.2016;1;40;0;0;10;0;11;7;6;10;0;12;4;5;3;0;0;19;0;8;0;6;0;5;16;0;0;0;0;0;0;0;0;5;0
07.04.2016;2;73;0;0;10;0;21;9;17;11;0;23;4;1;12;0;0;19;0;15;0;6;0;9;16;0;0;0;0;0;0;0;1;10;0
07.04.2016;3;95;0;0;7;1;33;10;12;14;0;22;4;5;5;0;0;23;0;12;0;14;0;18;16;0;0;0;0;0;0;0;1;25;0
07.04.2016;4;129;0;0;24;8;36;20;14;22;0;30;12;20;9;0;0;31;0;30;0;29;0;32;14;0;0;0;0;1;0;9;0;30;1
07.04.2016;5;175;0;0;32;15;31;16;25;17;12;44;24;31;19;0;33;39;21;28;25;23;34;41;14;0;1;0;0;1;0;23;0;26;4
07.04.2016;6;174;0;0;25;6;23;10;33;21;12;33;27;35;15;0;42;29;16;28;18;26;24;30;20;0;1;0;0;0;0;10;1;17;3
07.04.2016;7;161;0;0;32;0;28;16;26;32;15;32;19;38;7;0;45;36;0;37;0;50;0;33;21;0;0;0;0;0;0;0;0;20;0
07.04.2016;8;179;0;12;38;0;27;11;19;27;6;42;35;29;9;0;48;41;0;36;0;45;0;35;25;0;1;0;0;0;0;0;0;25;0
07.04.2016;9;169;0;24;42;0;27;17;26;19;10;25;23;23;17;0;39;29;0;31;0;30;0;24;36;0;1;0;0;0;0;0;2;23;0
07.04.2016;10;165;0;28;39;0;24;22;22;19;17;34;20;27;19;0;36;31;0;28;0;37;0;27;27;0;0;0;0;0;0;0;0;21;2
07.04.2016;11;162;0;28;35;0;25;19;18;27;16;27;18;30;22;0;31;20;0;33;0;40;0;23;25;0;0;0;0;0;7;0;0;17;0
07.04.2016;12;169;0;19;38;0;19;16;34;16;15;35;15;25;16;0;52;32;0;34;19;28;0;25;35;0;0;0;0;0;3;0;0;16;1
07.04.2016;13;187;0;22;31;0;34;15;24;16;15;47;21;24;15;0;54;50;0;34;23;19;0;21;41;0;1;0;0;0;0;0;0;17;2
07.04.2016;14;206;0;16;37;0;33;27;32;20;17;35;26;22;18;0;54;41;0;47;33;21;0;32;43;21;1;0;0;0;0;0;1;23;1
07.04.2016;15;213;0;24;49;0;27;29;25;28;34;45;18;29;18;0;47;38;0;50;51;31;0;26;37;15;0;0;0;0;0;0;3;21;3
07.04.2016;16;202;0;20;40;0;30;22;27;19;20;40;34;32;19;0;44;35;0;47;29;23;0;33;32;0;0;0;0;0;0;0;0;25;2
07.04.2016;17;183;0;10;29;0;33;18;18;13;24;47;18;34;15;0;43;45;0;29;26;22;37;29;39;0;0;0;0;0;0;0;0;35;3
07.04.2016;18;184;0;12;28;0;33;14;16;9;20;41;18;29;14;0;47;35;0;25;24;22;32;20;42;0;1;0;0;0;0;0;3;31;0
07.04.2016;19;171;0;13;34;0;26;6;25;13;27;45;23;33;17;0;49;33;0;40;37;25;39;24;23;0;1;0;0;0;0;0;0;31;0
07.04.2016;20;149;0;6;28;0;39;4;15;18;5;36;21;34;13;0;22;33;0;33;17;26;34;27;18;0;0;0;0;0;0;0;0;39;0
07.04.2016;21;113;0;0;15;0;23;12;19;24;0;22;14;27;5;0;0;35;0;25;0;30;0;23;11;0;0;0;0;0;0;0;0;18;1
07.04.2016;22;90;0;0;13;0;27;10;9;20;0;24;7;18;4;0;0;30;0;16;0;19;0;36;9;0;0;0;0;0;0;0;0;30;0
07.04.2016;23;75;0;0;16;0;27;13;8;15;0;16;9;6;10;0;0;20;0;15;0;8;0;20;6;0;0;0;0;0;0;0;0;23;0
07.04.2016;24;52;0;0;9;0;13;6;13;8;0;9;3;3;4;0;0;11;0;5;0;5;0;3;8;0;0;0;0;0;0;0;0;5;0
08.04.2016;1;41;0;0;11;0;11;9;5;14;0;11;4;4;6;0;0;16;0;7;0;9;0;3;18;0;0;0;0;0;0;0;4;0;0
08.04.2016;2;69;0;0;10;0;21;9;13;15;0;16;3;6;8;0;0;26;0;12;0;8;0;12;18;0;0;0;0;0;0;1;13;0;0
08.04.2016;3;75;0;0;13;0;15;5;11;15;0;20;3;8;3;0;0;19;0;12;0;14;0;8;12;0;0;0;0;0;0;0;13;0;0
08.04.2016;4;93;0;0;20;0;21;19;18;20;0;13;7;22;6;0;0;25;0;23;0;35;0;11;15;0;0;0;0;0;0;0;22;0;0
08.04.2016;5;123;0;11;24;0;30;11;14;16;9;29;6;27;4;0;8;20;8;17;15;25;5;18;13;0;0;0;0;0;0;0;28;0;0
08.04.2016;6;176;0;15;27;0;39;6;27;21;14;40;13;34;11;0;48;39;26;19;33;27;31;23;31;0;1;0;0;0;0;1;39;0;0
08.04.2016;7;203;0;21;29;0;46;16;30;28;18;45;33;38;6;0;48;42;37;38;41;31;58;28;23;0;0;0;0;0;0;2;51;0;0
08.04.2016;8;199;0;15;29;0;37;19;27;21;6;48;32;31;8;0;39;46;6;38;32;22;29;42;24;0;1;0;0;0;0;0;37;0;1
08.04.2016;9;211;0;27;50;0;32;16;31;30;15;55;32;27;19;0;64;49;0;52;33;21;0;36;39;0;0;0;0;0;0;1;29;0;1
08.04.2016;10;195;0;25;51;0;18;22;25;27;19;42;21;25;23;0;51;37;0;33;33;19;0;25;40;0;0;0;0;0;0;0;18;0;3
08.04.2016;11;175;1;27;42;0;20;23;27;26;17;24;18;43;20;0;35;27;0;37;38;36;0;25;29;0;0;0;0;0;0;0;19;0;1
08.04.2016;12;179;0;21;35;0;23;21;26;21;17;35;20;35;17;0;50;40;10;38;30;31;0;26;26;9;0;0;0;0;0;2;17;0;0
08.04.2016;13;205;0;23;34;0;39;18;41;20;20;46;21;29;14;0;55;46;34;24;30;19;0;33;29;15;0;0;5;0;8;1;26;0;2
08.04.2016;14;229;0;21;28;0;36;21;34;22;25;39;27;29;14;0;57;45;36;35;47;35;0;27;35;24;0;11;23;0;9;1;16;0;0
08.04.2016;15;232;0;29;35;0;29;14;25;29;33;47;20;31;22;0;57;49;36;28;52;26;0;26;27;15;0;17;22;0;14;2;22;0;3
08.04.2016;16;211;0;19;36;0;29;16;33;19;20;46;33;31;15;0;57;51;35;40;34;25;0;42;27;13;1;2;3;0;12;0;26;0;3
08.04.2016;17;197;1;12;37;0;40;11;27;16;26;45;21;39;13;0;52;48;24;22;36;34;20;37;32;7;0;0;0;0;5;2;35;0;2
08.04.2016;18;200;0;16;35;0;33;21;32;14;23;45;19;43;10;0;49;46;24;22;31;34;40;23;34;0;0;0;0;0;0;2;33;0;3
08.04.2016;19;185;0;15;33;0;34;7;33;14;26;40;26;31;24;0;46;40;28;34;24;24;40;21;33;0;2;0;0;0;0;0;30;0;1
08.04.2016;20;166;0;15;29;0;40;7;24;19;14;42;22;35;10;0;36;38;13;28;18;27;34;27;16;0;1;0;0;0;0;0;33;0;1
08.04.2016;21;135;0;0;22;0;24;15;24;34;0;26;21;33;12;0;0;39;0;29;0;35;0;27;19;0;0;0;0;0;0;0;17;0;2
08.04.2016;22;106;0;0;20;0;27;11;21;24;0;22;13;20;7;0;0;29;0;15;0;18;0;32;8;0;0;0;0;0;0;0;27;0;2
08.04.2016;23;87;0;0;24;0;23;17;12;18;0;17;8;10;11;0;0;18;0;16;0;12;0;16;9;0;0;0;0;0;0;0;18;0;0
08.04.2016;24;72;0;0;14;0;14;16;12;19;0;10;4;9;10;0;0;13;0;9;0;14;0;5;11;0;0;0;0;0;0;0;6;0;0
09.04.2016;1;39;0;0;12;0;7;10;5;15;0;16;5;6;11;0;0;21;0;8;0;4;0;5;21;0;0;0;0;0;0;0;0;0;0
09.04.2016;2;78;0;0;14;0;13;16;13;21;0;20;5;3;14;0;0;20;0;17;0;10;0;9;13;0;0;0;0;0;0;0;1;0;0
09.04.2016;3;112;0;0;17;0;32;23;13;13;0;20;6;11;11;0;0;19;0;19;0;11;0;19;17;0;0;0;0;0;0;0;1;0;0
09.04.2016;4;141;0;0;28;5;34;24;15;21;6;34;11;24;12;0;3;36;0;27;2;28;0;37;18;0;0;0;0;0;0;6;0;0;1
09.04.2016;5;160;0;6;27;14;31;16;18;14;14;38;17;27;17;0;29;32;14;25;29;22;28;28;16;0;0;0;0;0;0;18;0;0;1
09.04.2016;6;156;0;14;18;6;22;8;20;17;12;39;25;29;15;0;41;34;27;26;26;18;30;22;21;0;0;0;0;0;0;10;1;0;0
09.04.2016;7;155;0;16;27;0;32;9;23;26;14;33;12;37;4;0;42;33;12;16;38;29;31;27;16;0;0;0;0;0;0;0;1;0;1
09.04.2016;8;178;1;18;42;0;30;16;23;32;12;41;31;37;8;0;57;45;25;35;43;37;29;28;22;0;0;0;0;0;0;0;1;0;0
09.04.2016;9;174;0;20;36;0;30;15;26;17;12;26;21;22;14;0;46;29;14;23;25;22;0;23;25;0;0;0;0;0;10;0;2;0;1
09.04.2016;10;160;0;26;38;0;20;24;23;21;17;34;13;31;21;0;48;40;20;19;30;27;0;22;26;0;1;0;0;0;12;0;1;0;3
09.04.2016;11;176;0;25;38;0;22;27;25;23;16;32;14;36;24;0;35;28;34;27;38;37;0;21;26;0;1;0;0;0;10;0;0;0;0
09.04.2016;12;165;0;18;32;0;15;22;22;25;19;35;12;34;15;0;51;36;33;21;35;31;0;23;26;0;0;0;0;0;12;0;0;0;0
09.04.2016;13;171;0;15;31;0;23;21;19;18;18;41;16;30;12;0;50;45;25;19;29;24;0;23;36;3;1;0;0;0;1;0;0;0;0
09.04.2016;14;184;0;14;31;0;35;20;18;14;17;37;21;28;14;0;49;37;30;29;40;24;0;27;25;19;1;0;13;0;0;0;0;0;1
09.04.2016;15;200;0;23;50;0;27;24;26;27;20;41;19;25;18;0;47;36;31;26;44;21;0;32;30;20;0;0;19;0;0;0;3;0;1
09.04.2016;16;184;0;15;47;0;25;19;25;19;18;38;26;26;10;0;53;39;28;28;27;20;0;31;33;1;0;0;0;0;0;0;0;0;0
09.04.2016;17;150;0;7;22;0;26;11;16;11;21;40;18;35;8;0;36;37;16;17;24;27;0;36;34;0;0;0;0;0;0;0;0;0;0
09.04.2016;18;155;0;12;24;0;29;16;20;8;14;39;16;31;10;0;47;39;14;14;19;21;16;24;36;0;1;0;0;0;0;0;2;0;0
09.04.2016;19;163;0;10;32;0;27;9;22;17;24;47;21;29;17;0;44;44;15;25;26;22;32;15;22;0;1;0;0;0;0;0;0;0;0
09.04.2016;20;143;0;0;25;0;45;6;18;20;1;42;17;27;13;0;35;40;0;30;16;26;37;12;16;0;0;0;0;0;0;0;0;0;0
09.04.2016;21;111;0;0;14;0;29;10;18;20;0;23;12;21;5;0;0;28;0;23;0;30;0;12;13;0;0;0;0;0;0;0;0;0;0
09.04.2016;22;92;0;0;15;0;21;13;10;21;0;25;12;18;6;0;0;24;0;22;0;20;0;28;13;0;0;0;0;0;0;0;0;0;1
09.04.2016;23;77;0;0;16;0;25;7;8;11;0;18;9;8;5;0;0;21;0;16;0;9;0;14;11;0;0;0;0;0;0;0;0;0;0
09.04.2016;24;50;0;0;10;0;9;6;12;5;0;7;5;3;3;0;0;12;0;10;0;5;0;3;12;0;0;0;0;0;0;0;0;0;0
10.04.2016;1;40;0;0;14;0;11;9;11;8;0;13;2;6;6;0;0;19;0;6;0;5;0;4;18;0;0;0;0;0;0;0;0;4;0
10.04.2016;2;80;0;0;18;0;17;13;15;21;0;21;2;8;13;0;0;16;0;10;0;14;0;10;15;0;0;0;0;0;0;0;1;9;0
10.04.2016;3;106;0;0;14;0;30;20;13;22;0;22;2;10;10;0;0;18;0;9;0;18;0;17;16;0;0;0;0;0;0;0;1;23;0
10.04.2016;4;138;0;0;24;0;38;26;11;22;0;37;8;15;13;0;0;30;0;28;0;22;0;33;20;0;0;0;0;0;0;0;0;38;0
10.04.2016;5;156;0;4;24;0;45;18;17;24;1;41;17;25;13;0;25;30;21;25;32;22;29;20;14;0;0;0;0;0;0;12;0;39;0
10.04.2016;6;159;0;14;27;0;28;4;23;27;10;39;21;31;14;0;41;29;22;22;41;23;30;24;19;0;0;0;0;0;0;8;1;26;1
10.04.2016;7;152;0;16;26;0;30;10;18;32;10;31;12;37;7;0;37;28;20;12;31;26;26;24;17;0;0;0;0;0;0;0;0;26;1
10.04.2016;8;165;0;19;40;0;26;13;19;28;7;41;23;29;10;0;48;37;16;30;29;20;28;27;26;0;0;0;0;0;0;0;1;30;0
10.04.2016;9;168;0;25;47;0;31;17;21;17;12;29;26;17;18;0;36;25;0;39;25;15;0;17;32;0;1;0;0;0;0;0;0;19;0
10.04.2016;10;170;0;25;48;0;18;20;29;17;19;37;15;32;22;0;42;30;0;29;31;29;0;19;30;0;1;0;0;0;0;0;1;13;0
10.04.2016;11;162;0;21;36;0;15;15;29;22;20;34;13;39;19;0;42;32;0;39;34;32;0;23;27;0;0;0;0;0;0;0;1;12;0
10.04.2016;12;185;0;22;45;0;15;25;26;32;17;39;21;37;17;0;45;33;0;42;41;30;0;25;24;14;0;0;0;0;0;0;0;14;0
10.04.2016;13;201;0;23;45;0;29;16;24;26;17;45;21;28;16;0;53;40;0;31;30;19;0;35;31;22;1;0;0;0;0;0;0;25;1
10.04.2016;14;206;0;17;34;0;36;26;29;16;22;43;25;29;20;0;47;41;0;49;44;28;0;27;28;18;1;0;0;0;0;0;0;23;0
10.04.2016;15;214;1;26;37;0;27;26;31;30;24;44;22;23;20;0;44;38;0;39;43;19;0;30;21;18;0;0;0;0;18;0;2;25;1
10.04.2016;16;193;0;21;37;0;27;20;29;20;15;47;32;30;20;0;48;43;0;48;27;28;3;28;26;9;0;0;0;0;7;0;0;25;0
10.04.2016;17;177;0;8;26;0;34;12;25;11;23;46;18;38;12;0;45;40;0;30;24;22;37;33;34;3;0;0;0;0;0;0;0;32;0
10.04.2016;18;176;0;13;28;0;33;12;21;8;16;36;19;42;14;0;43;34;0;24;23;31;29;28;30;0;1;0;0;0;0;0;2;29;0
10.04.2016;19;183;0;19;37;0;30;5;28;14;23;44;24;38;21;0;46;35;0;31;30;23;38;39;30;0;1;0;0;0;0;0;0;28;0
10.04.2016;20;157;0;15;27;0;49;7;21;15;12;35;23;35;18;0;30;25;0;30;21;18;45;34;12;0;0;0;0;0;0;0;0;41;0
10.04.2016;21;130;0;0;18;0;29;11;22;21;0;28;20;28;9;0;5;30;0;26;9;28;6;33;16;0;0;0;0;0;0;0;0;22;0
10.04.2016;22;114;0;0;22;0;33;16;9;22;0;19;15;16;8;0;0;20;0;15;0;18;0;34;16;0;0;0;0;0;0;0;0;33;0
10.04.2016;23;90;0;0;23;0;28;15;10;14;0;18;7;7;12;0;0;21;0;12;0;9;0;19;17;0;0;0;0;0;0;0;0;21;0
10.04.2016;24;46;0;0;9;0;9;5;10;4;0;6;5;3;6;0;0;11;0;6;0;3;0;6;8;0;0;0;0;0;0;0;0;6;0
11.04.2016;1;43;0;0;12;0;8;10;6;9;0;14;5;5;7;0;0;23;0;13;0;7;0;5;18;0;0;0;0;0;0;0;0;4;0
11.04.2016;2;76;0;0;14;0;12;19;10;17;0;21;3;2;17;0;0;21;0;19;0;12;0;3;9;0;0;0;0;0;0;0;0;4;0
11.04.2016;3;106;0;0;12;0;35;25;16;16;0;16;4;6;12;0;0;30;0;14;0;15;0;18;16;0;0;0;0;0;0;0;1;26;0
11.04.2016;4;142;0;4;20;9;35;19;24;22;6;34;6;18;8;0;1;42;0;22;1;34;2;30;21;0;1;0;0;0;0;6;0;32;0
11.04.2016;5;167;0;17;27;16;35;10;18;15;11;45;17;28;12;0;40;41;17;24;31;27;35;15;14;0;0;0;0;0;0;20;1;27;0
11.04.2016;6;167;0;14;23;4;28;7;29;19;7;45;23;35;12;0;49;36;19;20;38;29;39;27;22;0;0;0;0;0;0;11;1;27;0
11.04.2016;7;150;0;19;25;0;23;10;19;28;9;39;12;41;5;0;48;34;22;15;39;41;28;19;24;0;1;0;0;0;0;0;0;18;1
11.04.2016;8;154;0;18;37;0;34;12;22;23;8;43;10;18;9;0;48;38;13;7;21;7;22;16;29;0;2;0;0;0;0;0;0;22;1
11.04.2016;9;189;0;13;32;0;28;18;32;16;13;34;45;35;14;0;58;44;18;37;34;36;32;31;36;0;0;0;0;0;0;0;0;25;2
11.04.2016;10;188;0;29;52;0;21;20;24;25;17;38;23;27;19;0;41;39;3;31;38;30;0;22;25;0;0;0;0;0;0;0;1;16;5
11.04.2016;11;163;1;36;44;0;10;19;33;29;15;25;21;32;21;0;36;22;0;41;40;31;0;19;23;0;0;0;0;0;0;0;0;9;1
11.04.2016;12;174;0;34;46;0;15;16;31;22;13;42;16;26;17;0;45;31;0;29;30;23;0;25;36;3;0;0;0;0;0;0;0;14;2
11.04.2016;13;184;0;17;32;0;30;10;29;17;13;47;16;28;14;0;58;43;0;23;30;23;0;31;31;11;1;0;0;0;2;0;0;23;0
11.04.2016;14;198;0;19;30;0;34;18;36;18;15;39;28;27;16;0;66;46;0;42;0;50;0;32;31;21;1;0;0;0;7;0;0;23;1
11.04.2016;15;215;0;20;38;0;30;22;30;25;20;48;24;30;15;0;55;37;0;36;0;46;0;41;29;24;0;0;0;0;9;0;4;29;0
11.04.2016;16;202;0;17;32;0;38;22;22;22;16;43;30;34;13;0;51;36;0;41;0;46;0;37;22;12;0;0;0;0;9;0;0;31;1
11.04.2016;17;182;0;12;28;0;37;12;19;13;16;40;27;37;13;0;45;29;0;34;0;34;0;44;37;5;0;0;0;0;2;0;0;42;3
11.04.2016;18;184;0;19;32;0;27;20;18;17;12;40;21;31;14;0;52;38;0;30;0;36;0;43;42;0;1;0;0;0;0;0;1;37;2
11.04.2016;19;190;0;21;44;0;33;7;16;17;24;43;25;32;21;0;37;30;0;35;0;31;40;52;23;0;1;0;0;0;0;0;1;43;0
11.04.2016;20;167;0;9;28;0;57;7;20;20;9;40;20;31;18;0;34;28;0;35;0;27;45;37;19;0;0;0;0;0;0;0;0;51;1
11.04.2016;21;116;0;0;12;0;30;9;20;19;0;17;21;21;4;0;5;27;0;31;0;25;3;23;17;0;0;0;0;0;0;0;0;20;1
11.04.2016;22;102;0;0;15;0;29;10;10;21;0;21;12;22;7;0;0;17;0;20;0;21;0;38;16;0;0;0;0;0;0;0;0;33;0
11.04.2016;23;88;0;0;15;0;30;10;8;17;0;17;10;12;4;0;0;26;0;17;0;14;0;24;18;0;0;0;0;0;0;0;0;27;0
11.04.2016;24;62;0;0;7;0;12;9;11;11;0;12;5;6;4;0;0;14;0;6;0;9;0;6;14;0;0;0;0;0;0;0;0;10;0
12.04.2016;1;37;0;0;11;0;10;8;7;11;0;12;5;5;4;0;0;18;0;8;0;7;0;8;17;0;0;0;0;0;0;0;0;6;0
12.04.2016;2;72;0;0;13;0;12;19;14;20;0;19;3;4;16;0;0;17;0;15;0;14;0;8;12;0;0;0;0;0;0;0;1;5;0
12.04.2016;3;97;0;0;11;0;29;27;12;18;0;17;5;10;8;0;0;18;0;15;0;18;0;12;12;0;0;0;0;0;0;0;0;19;0
12.04.2016;4;127;0;0;25;0;36;18;21;22;0;34;8;14;13;0;0;37;0;20;0;28;0;23;11;0;1;0;0;0;0;2;0;23;0
12.04.2016;5;160;0;7;26;0;46;11;21;21;4;44;18;30;15;0;29;41;18;25;24;32;29;18;14;0;1;0;0;0;0;17;0;30;0
12.04.2016;6;158;0;14;22;0;17;5;28;18;13;40;26;31;14;0;44;29;12;22;34;26;39;23;23;0;1;0;0;0;0;8;0;25;0
12.04.2016;7;154;0;15;25;0;37;13;23;29;12;38;15;34;5;0;14;42;0;26;35;37;8;28;18;0;0;0;0;0;0;0;2;24;2
12.04.2016;8;170;0;14;32;0;26;11;26;24;8;42;28;27;9;0;0;53;0;28;10;29;0;34;31;0;1;0;0;0;6;0;1;26;1
12.04.2016;9;174;0;23;25;0;31;15;29;19;7;28;29;33;18;0;13;48;0;38;0;42;0;30;33;8;1;0;0;0;10;0;1;28;1
12.04.2016;10;165;0;21;34;0;24;20;25;18;9;35;19;24;17;0;37;31;0;30;0;28;0;18;17;6;0;0;0;0;8;0;1;18;1
12.04.2016;11;169;0;22;37;0;24;17;21;28;21;28;19;29;18;0;29;24;0;29;0;41;0;23;10;9;0;0;0;0;14;0;1;14;2
12.04.2016;12;181;0;16;29;0;22;24;33;21;15;40;23;32;18;0;52;40;0;41;0;49;0;28;17;15;0;0;0;0;5;0;1;13;3
12.04.2016;13;183;0;17;35;0;35;15;29;21;13;38;17;25;11;0;45;37;0;23;0;29;0;28;25;14;1;0;0;0;0;0;1;20;2
12.04.2016;14;186;1;16;35;0;28;21;30;18;16;40;25;30;12;0;45;39;0;42;0;45;0;30;27;24;2;0;0;0;0;0;1;21;1
12.04.2016;15;193;0;18;41;0;25;24;24;29;21;44;23;27;16;0;42;41;0;43;0;46;0;31;14;21;0;0;0;0;0;0;2;22;0
12.04.2016;16;183;1;13;38;0;26;20;14;23;26;41;26;30;12;0;42;40;0;38;0;41;0;31;23;11;0;0;0;0;0;0;0;26;3
12.04.2016;17;177;1;12;26;0;40;11;16;17;21;39;18;33;11;0;37;32;0;30;0;34;0;39;36;0;0;0;0;0;0;0;0;37;4
12.04.2016;18;171;0;12;26;0;29;12;18;13;17;33;20;34;10;0;43;33;0;24;0;37;0;31;34;0;1;0;0;0;0;0;2;27;2
12.04.2016;19;170;0;18;33;0;30;6;24;14;15;48;22;31;16;0;39;37;0;26;0;36;41;40;17;0;1;0;0;0;0;0;0;34;2
12.04.2016;20;159;0;9;25;0;42;14;14;21;11;39;19;31;17;0;9;31;0;33;0;36;22;28;15;0;0;0;0;0;0;0;0;40;1
12.04.2016;21;125;0;0;17;0;23;18;22;28;0;24;21;27;10;0;0;32;0;25;0;40;0;24;11;0;0;0;0;0;0;0;0;19;1
12.04.2016;22;86;0;0;16;0;27;12;11;21;0;18;10;16;6;0;0;13;0;14;0;27;0;31;6;0;0;0;0;0;0;0;0;28;1
12.04.2016;23;79;0;0;16;0;24;10;9;12;0;19;8;10;7;0;0;17;0;8;0;14;0;19;11;0;0;0;0;0;0;0;0;23;0
12.04.2016;24;49;0;0;8;0;10;6;11;6;0;8;7;4;8;0;0;12;0;6;0;3;0;3;9;0;0;0;0;0;0;0;0;5;0
13.04.2016;1;43;0;0;11;0;13;9;11;9;0;10;6;5;9;0;0;17;0;6;0;4;0;6;15;0;0;0;0;0;0;0;0;6;0
13.04.2016;2;77;0;0;16;0;18;16;14;15;0;21;3;4;15;0;0;21;0;10;0;8;0;11;14;0;0;0;0;0;0;0;1;8;0
13.04.2016;3;95;0;0;21;0;26;22;17;12;0;17;1;6;14;0;0;21;0;7;0;9;0;14;14;0;0;0;0;0;0;0;1;19;0
13.04.2016;4;138;0;0;28;4;41;28;18;20;4;34;5;20;20;0;0;37;0;18;0;23;0;35;17;0;0;0;0;0;0;9;0;30;0
13.04.2016;5;160;0;0;24;17;30;11;19;11;13;42;20;28;20;0;32;39;13;21;21;21;28;32;17;0;1;0;0;0;0;21;0;26;1
13.04.2016;6;161;0;0;19;2;17;7;28;16;11;41;25;32;16;0;50;38;19;24;31;18;32;35;19;0;0;0;0;0;0;12;1;18;0
13.04.2016;7;150;0;0;29;0;25;9;18;32;11;33;16;29;6;0;42;33;16;17;39;28;21;22;23;0;0;0;0;0;0;0;1;21;1
13.04.2016;8;167;0;17;42;0;33;13;21;29;11;43;23;23;11;0;52;48;18;19;30;20;31;19;28;0;1;0;0;0;0;0;0;26;2
13.04.2016;9;200;1;22;42;0;41;20;23;16;12;28;32;34;20;0;50;32;16;37;23;34;16;36;32;0;0;0;0;0;0;0;0;32;0
13.04.2016;10;196;0;29;42;0;29;25;24;21;17;38;20;34;22;0;44;38;0;34;0;41;0;31;33;0;0;0;0;0;0;0;1;26;0
13.04.2016;11;174;0;31;42;0;22;26;27;21;18;26;17;31;20;0;33;28;0;37;0;41;0;19;24;0;0;0;0;0;0;0;0;16;2
13.04.2016;12;185;0;22;35;0;22;23;33;19;15;38;20;30;15;0;52;39;0;40;29;29;0;34;42;0;0;0;0;0;0;0;0;19;2
13.04.2016;13;188;0;24;33;0;30;10;26;22;12;36;21;26;20;0;51;34;0;35;27;21;0;21;45;0;1;0;0;0;0;0;0;19;1
13.04.2016;14;217;0;21;39;0;38;20;42;20;11;41;27;31;19;0;61;39;0;48;33;22;0;37;40;17;1;0;0;0;0;0;1;28;0
13.04.2016;15;223;0;20;42;0;34;26;35;29;26;44;25;35;21;0;56;47;0;47;44;27;0;26;33;12;0;0;0;0;0;0;3;30;0
13.04.2016;16;191;0;15;34;0;26;22;26;25;16;45;24;32;16;0;44;41;0;41;28;23;0;31;32;0;0;0;0;0;0;0;0;25;1
13.04.2016;17;165;1;7;23;0;28;14;21;13;19;40;17;31;10;0;35;35;0;31;24;19;31;27;30;0;0;0;0;0;0;0;0;30;0
13.04.2016;18;176;0;15;31;0;33;11;23;7;18;38;15;40;15;0;44;33;0;27;28;29;31;20;33;0;1;0;0;0;0;0;2;35;0
13.04.2016;19;185;0;15;32;0;32;7;26;10;20;48;25;33;22;0;44;39;0;34;28;29;39;29;26;0;1;0;0;0;0;0;0;27;0
13.04.2016;20;172;0;7;29;0;46;8;15;23;10;43;21;32;14;0;30;35;0;33;24;29;46;30;23;0;0;0;0;0;0;0;0;47;0
13.04.2016;21;135;0;0;20;0;32;13;25;29;0;27;20;27;7;0;0;38;0;30;0;39;0;22;17;0;0;0;0;0;0;0;0;23;0
13.04.2016;22;109;0;0;17;0;29;9;16;18;0;24;17;22;4;0;0;19;0;12;0;27;0;35;14;0;0;0;0;0;0;0;0;28;0
13.04.2016;23;83;0;0;18;0;27;8;11;17;0;14;7;9;6;0;0;16;0;5;0;12;0;16;12;0;0;0;0;0;0;0;0;20;0
13.04.2016;24;52;0;0;12;0;13;3;12;7;0;7;5;5;3;0;0;12;0;4;0;6;0;11;10;0;0;0;0;0;0;0;0;10;0
14.04.2016;1;45;0;0;13;0;6;12;4;9;0;13;5;4;8;0;0;21;0;8;0;6;0;7;20;0;0;0;0;0;0;0;0;5;0
14.04.2016;2;78;0;0;19;0;24;16;15;9;0;19;5;3;15;0;0;19;0;14;0;6;0;11;10;0;0;0;0;0;0;0;1;15;0
14.04.2016;3;103;0;0;21;0;31;19;13;12;0;23;6;4;16;0;0;25;0;10;0;10;0;17;15;0;0;0;0;0;0;0;1;28;0
14.04.2016;4;144;0;0;29;0;39;23;11;21;0;33;9;18;18;0;0;37;0;17;0;26;0;32;20;0;0;0;0;0;0;0;0;40;0
14.04.2016;5;164;0;15;23;0;47;13;17;14;10;44;18;30;20;0;20;40;10;21;24;30;21;28;17;0;1;0;0;0;0;5;0;46;1
14.04.2016;6;169;0;9;16;0;30;8;31;24;13;43;27;30;12;0;45;35;23;26;35;23;28;26;20;0;1;0;0;0;0;7;1;26;1
14.04.2016;7;161;0;20;29;0;27;8;27;34;15;35;20;42;5;0;49;34;2;31;39;31;17;25;19;0;0;0;0;0;0;0;0;24;0
14.04.2016;8;180;0;23;45;0;28;11;19;31;7;41;39;28;13;0;48;41;0;49;34;10;0;34;32;0;1;0;0;0;0;0;1;26;1
14.04.2016;9;193;0;30;50;0;31;22;24;22;7;28;30;25;22;0;42;29;11;35;23;15;0;30;34;0;0;0;0;0;0;0;2;27;0
14.04.2016;10;185;0;25;50;0;25;31;30;20;21;33;21;32;22;0;48;39;25;20;35;28;0;28;35;0;0;0;0;0;0;0;2;18;2
14.04.2016;11;183;0;26;42;0;28;16;22;27;13;34;17;31;20;0;36;31;28;25;33;21;0;26;34;0;0;0;0;0;0;0;1;18;2
14.04.2016;12;171;0;23;41;0;23;22;17;25;9;39;20;31;17;0;50;33;34;22;24;25;0;24;36;17;0;0;0;0;0;0;0;20;1
14.04.2016;13;194;0;21;29;0;34;12;22;23;15;45;25;28;14;0;52;38;24;22;34;25;0;34;32;16;0;0;0;0;10;0;0;25;2
14.04.2016;14;204;0;17;36;0;33;13;24;18;20;36;28;27;17;0;55;37;27;30;37;20;0;36;31;25;1;0;0;0;8;0;0;25;2
14.04.2016;15;210;0;17;36;0;23;26;23;29;28;44;25;30;17;0;48;43;27;30;39;27;0;28;24;18;0;0;0;0;7;0;2;21;1
14.04.2016;16;189;0;11;27;0;31;20;26;19;19;42;21;32;14;0;55;43;24;24;34;33;33;25;25;12;0;0;0;0;7;0;0;32;0
14.04.2016;17;174;0;5;32;0;32;10;22;15;25;40;23;35;6;0;44;42;21;23;36;25;36;24;30;4;0;0;0;0;0;0;0;34;1
14.04.2016;18;185;0;8;28;0;30;14;19;11;23;46;28;34;14;0;51;44;14;24;32;28;36;24;36;0;1;0;0;0;0;0;1;30;1
14.04.2016;19;175;0;12;33;0;25;12;25;14;22;46;24;32;15;0;51;45;30;32;34;20;44;19;23;0;1;0;0;0;0;0;1;24;0
14.04.2016;20;154;0;12;24;0;43;10;17;20;4;40;18;27;10;0;26;41;14;30;14;21;34;36;20;0;0;0;0;0;0;0;0;36;0
14.04.2016;21;123;0;0;14;0;31;14;27;27;0;22;17;28;5;0;0;35;0;29;0;22;0;27;14;0;0;0;0;0;0;0;0;21;0
14.04.2016;22;93;0;0;10;0;30;9;21;22;0;23;11;21;4;0;0;32;0;23;0;18;0;31;10;0;0;0;0;0;0;0;0;28;0
14.04.2016;23;75;0;0;13;0;28;6;12;12;0;17;7;10;8;0;0;25;0;13;0;6;0;16;14;0;0;0;0;0;0;0;0;19;0
14.04.2016;24;50;0;0;8;0;11;7;12;6;0;8;2;3;5;0;0;12;0;5;0;5;0;5;11;0;0;0;0;0;0;0;0;6;0
15.04.2016;1;37;0;0;9;0;10;8;8;12;0;10;4;5;2;0;0;19;0;9;0;5;0;8;16;0;0;0;0;0;0;0;0;6;0
15.04.2016;2;70;0;0;13;0;16;12;11;19;0;21;3;5;10;0;0;22;0;7;0;13;0;14;13;0;0;0;0;0;0;0;1;15;0
15.04.2016;3;85;0;0;9;0;29;14;9;11;0;24;3;9;6;0;0;14;0;7;0;11;0;19;12;0;0;0;0;0;0;0;1;23;0
15.04.2016;4;130;0;0;23;9;41;20;15;19;7;32;9;19;6;0;3;23;1;20;3;27;2;29;18;0;2;0;0;0;0;4;0;36;0
15.04.2016;5;157;0;7;27;16;32;12;19;14;16;40;22;25;14;0;32;26;16;31;38;23;34;23;10;0;1;0;0;0;0;13;0;33;0
15.04.2016;6;178;0;12;22;0;25;6;28;22;12;47;30;37;9;0;48;38;24;33;41;31;32;22;20;0;0;0;0;0;0;10;0;25;0
15.04.2016;7;176;0;22;35;0;31;16;29;28;14;37;22;39;3;0;54;34;25;31;45;40;26;22;28;0;0;0;0;0;0;0;1;27;6
15.04.2016;8;188;0;22;43;0;28;13;28;27;12;46;26;26;12;0;51;50;22;34;33;23;0;27;29;0;1;0;0;0;13;0;0;18;3
15.04.2016;9;203;2;31;32;0;31;21;30;21;19;24;28;35;19;0;47;26;23;30;43;32;0;36;36;0;1;0;0;0;20;0;0;26;3
15.04.2016;10;189;1;28;32;0;22;29;27;15;22;36;20;32;27;0;46;36;27;23;34;25;0;25;29;0;0;0;0;0;21;0;1;18;3
15.04.2016;11;188;0;27;41;0;17;26;26;29;21;34;14;43;22;0;39;33;30;18;48;41;0;31;26;2;0;0;0;0;11;0;0;17;4
15.04.2016;12;193;0;19;34;0;20;23;35;24;16;43;20;39;16;0;55;43;32;24;36;30;0;33;17;15;0;0;0;0;9;0;0;13;2
15.04.2016;13;201;0;21;31;0;29;17;26;23;17;46;23;28;17;0;59;49;22;24;29;21;0;32;31;17;0;0;0;0;14;0;0;27;0
15.04.2016;14;219;0;21;37;0;42;19;39;22;20;42;22;35;16;0;55;43;30;30;43;33;0;28;35;20;0;0;0;0;7;0;0;23;0
15.04.2016;15;231;0;17;50;0;31;26;42;33;34;45;26;30;18;0;49;44;36;33;48;20;0;30;29;21;1;0;0;0;0;0;2;25;0
15.04.2016;16;212;0;16;49;0;32;22;34;22;22;42;35;32;13;0;59;46;27;36;40;26;0;43;34;8;0;0;0;0;0;0;1;27;1
15.04.2016;17;198;1;13;40;0;34;15;28;13;25;44;26;33;15;0;54;40;20;29;39;25;40;32;36;0;0;0;0;0;0;0;0;36;1
15.04.2016;18;202;0;12;30;0;39;12;29;9;24;41;23;44;10;0;45;38;19;24;37;31;34;29;32;0;0;0;0;0;0;0;2;38;1
15.04.2016;19;193;0;12;33;0;31;6;32;18;25;49;29;40;18;0;56;55;25;31;35;22;37;26;24;0;2;0;0;0;0;0;1;25;1
15.04.2016;20;168;0;0;28;0;45;9;17;28;0;41;23;36;11;0;37;29;21;26;25;17;40;31;18;0;0;0;0;0;0;0;0;40;0
15.04.2016;21;145;0;0;18;0;31;11;26;30;0;23;19;32;4;0;13;40;14;19;18;22;6;31;24;0;0;0;0;0;0;0;0;21;0
15.04.2016;22;110;0;0;15;0;35;11;20;22;0;18;17;20;5;0;0;26;0;19;0;24;0;31;14;0;0;0;0;0;0;0;0;29;0
15.04.2016;23;87;0;0;15;0;28;12;15;14;0;18;9;12;5;0;0;24;0;14;0;14;0;18;14;0;0;0;0;0;0;0;0;20;0
15.04.2016;24;60;0;0;8;0;17;9;15;10;0;7;2;8;4;0;0;12;0;6;0;9;0;5;7;0;0;0;0;0;0;0;0;9;0
16.04.2016;1;46;0;0;13;0;6;13;7;15;0;16;6;5;7;0;0;24;0;12;0;9;0;8;20;0;0;0;0;0;0;0;0;6;0
16.04.2016;2;81;0;0;23;0;15;21;13;20;0;22;2;4;15;0;0;19;0;8;0;19;0;14;10;0;0;0;0;0;0;0;1;8;1
16.04.2016;3;109;0;0;25;0;30;30;12;10;0;17;4;13;18;0;0;15;0;12;0;13;0;14;13;0;0;0;0;0;0;0;1;19;0
16.04.2016;4;159;0;0;34;0;47;29;16;26;0;33;12;24;18;0;0;35;1;27;0;36;1;35;21;0;0;0;0;0;0;0;1;41;0
16.04.2016;5;167;0;4;27;0;51;10;20;25;4;41;15;30;14;0;27;36;11;19;30;34;30;27;13;0;1;0;0;0;0;13;0;38;1
16.04.2016;6;160;0;11;19;0;24;8;24;18;8;38;24;33;14;0;43;31;24;25;35;23;31;26;22;0;1;0;0;0;0;9;1;24;1
16.04.2016;7;164;0;15;22;0;26;10;22;29;13;39;18;39;4;0;51;31;22;14;41;34;29;21;24;0;0;0;0;0;0;0;0;22;0
16.04.2016;8;178;0;21;47;0;28;12;21;32;8;40;26;26;10;0;52;40;16;22;34;14;31;30;31;0;1;0;0;0;0;0;0;28;0
16.04.2016;9;191;0;30;55;0;32;19;26;24;10;25;24;29;21;0;42;25;10;28;31;22;12;26;27;0;1;0;0;1;0;0;0;27;0
16.04.2016;10;189;0;30;58;0;17;31;21;23;20;36;20;33;23;0;37;32;0;38;41;28;0;25;35;0;0;0;0;0;0;0;1;18;0
16.04.2016;11;184;0;28;44;0;22;24;23;18;19;33;23;30;24;0;40;26;0;46;31;32;0;19;30;0;1;0;0;0;0;0;0;18;0
16.04.2016;12;175;0;22;37;0;19;24;23;20;12;41;16;32;16;0;43;33;0;35;32;25;0;27;23;18;0;0;0;0;0;0;0;17;1
16.04.2016;13;180;0;21;39;0;29;13;25;19;10;42;17;28;17;0;48;34;0;30;21;19;0;25;30;17;1;0;0;0;0;0;1;21;1
16.04.2016;14;213;0;22;41;0;28;23;26;16;20;44;32;33;17;0;53;43;0;46;32;22;0;28;33;30;2;0;10;0;0;0;0;16;1
16.04.2016;15;212;0;24;40;0;31;26;31;23;22;45;23;26;23;0;55;39;0;42;39;18;0;32;21;23;0;0;4;0;10;0;1;24;1
16.04.2016;16;192;0;19;32;0;24;26;28;21;21;39;31;32;18;0;51;39;0;43;26;26;0;36;28;6;0;0;0;0;13;0;0;22;0
16.04.2016;17;162;0;5;21;0;28;17;15;10;22;41;18;29;5;0;47;39;0;30;24;23;13;33;41;0;0;0;0;0;4;0;0;30;0
16.04.2016;18;174;0;13;28;0;28;12;18;9;18;40;22;32;10;0;49;35;0;32;19;17;30;27;39;0;1;0;0;0;0;0;2;32;1
16.04.2016;19;179;0;12;33;0;27;6;27;11;25;48;26;27;19;0;55;40;0;44;18;17;40;31;28;0;1;0;0;0;0;0;0;25;1
16.04.2016;20;160;0;10;26;0;49;8;15;13;12;41;18;31;12;0;39;36;0;33;26;21;46;20;19;0;0;0;0;0;0;0;0;49;0
16.04.2016;21;126;0;0;19;0;33;10;20;26;0;25;20;22;5;0;3;30;0;29;6;26;4;25;15;0;0;0;0;0;0;0;0;24;0
16.04.2016;22;103;0;0;19;0;28;9;15;23;0;22;10;17;6;0;0;32;0;20;0;20;0;28;18;0;0;0;0;0;0;0;0;28;0
16.04.2016;23;86;0;0;12;0;34;7;12;10;0;20;11;7;8;0;0;29;0;16;0;3;0;19;15;0;0;0;0;0;0;0;0;24;0
16.04.2016;24;57;0;0;5;0;15;7;11;9;0;10;2;11;3;0;0;14;0;9;0;9;0;7;10;0;0;0;0;0;0;0;0;9;0
17.04.2016;1;40;0;0;12;0;10;13;5;12;0;14;2;8;7;0;0;20;0;12;0;9;0;7;21;0;0;0;0;0;0;0;0;6;0
17.04.2016;2;87;0;0;21;0;17;20;14;27;0;18;2;8;14;0;0;16;0;11;0;22;0;12;14;0;0;0;0;0;0;0;1;6;0
17.04.2016;3;109;0;0;22;0;27;32;15;24;0;20;3;6;11;0;0;14;0;24;0;23;0;16;16;0;0;0;0;0;0;0;1;21;0
17.04.2016;4;143;0;6;26;6;37;24;18;16;7;38;6;16;13;0;6;35;3;17;1;21;4;30;17;0;0;0;0;0;0;8;0;27;0
17.04.2016;5;152;0;20;24;16;31;13;20;10;10;42;16;27;19;0;31;34;22;25;36;27;29;16;10;0;0;0;0;0;0;21;0;27;0
17.04.2016;6;148;0;15;24;4;21;5;25;26;9;37;24;30;12;0;42;22;14;33;33;18;30;23;20;0;0;0;0;0;0;11;1;24;0
17.04.2016;7;157;0;17;31;0;32;9;20;27;10;35;18;40;4;0;36;25;0;29;36;32;21;16;22;0;0;0;0;0;0;0;0;22;0
17.04.2016;8;169;0;20;42;0;27;13;27;24;7;42;26;27;8;0;45;32;0;42;27;10;1;28;27;0;0;0;0;0;0;0;0;23;0
17.04.2016;9;180;0;23;42;0;27;21;19;21;15;32;24;22;16;0;41;28;0;34;26;17;0;21;34;0;0;6;0;0;17;0;0;23;0
17.04.2016;10;184;0;32;38;0;16;23;27;18;25;38;18;30;28;0;44;34;0;34;41;28;0;23;28;0;1;18;0;0;23;0;1;13;0
17.04.2016;11;179;0;29;48;0;19;25;19;26;18;30;20;33;21;0;39;17;0;42;35;35;0;21;40;0;0;1;0;0;1;0;1;14;0
17.04.2016;12;175;0;21;40;0;14;24;21;20;14;45;23;35;18;0;47;40;0;41;28;27;0;25;38;0;0;0;0;0;0;0;0;14;1
17.04.2016;13;198;0;17;33;0;30;17;27;22;19;43;17;27;17;0;51;40;0;29;33;21;0;26;34;11;1;0;0;0;8;0;1;20;0
17.04.2016;14;212;0;18;26;0;32;24;34;15;24;44;26;32;18;0;67;42;0;48;48;26;0;35;39;26;0;0;0;0;11;0;0;22;0
17.04.2016;15;207;1;21;37;0;28;26;31;28;20;40;27;25;21;0;40;23;0;47;39;18;0;25;25;19;0;0;0;0;13;0;2;21;0
17.04.2016;16;193;0;18;39;0;29;20;30;28;19;42;25;38;16;0;45;31;0;47;34;27;0;32;26;11;0;0;0;0;15;0;0;21;1
17.04.2016;17;197;0;11;28;0;41;16;21;15;21;47;21;41;12;0;48;41;0;41;31;27;0;45;34;18;0;0;0;0;1;0;0;33;2
17.04.2016;18;190;0;14;34;0;30;10;23;11;15;40;29;39;11;0;49;32;0;37;28;28;5;28;41;1;1;0;0;0;0;0;2;25;1
17.04.2016;19;193;0;15;33;0;33;7;31;12;22;45;28;40;18;0;51;35;0;40;33;29;38;20;32;0;1;0;0;0;0;0;0;29;0
17.04.2016;20;176;0;5;33;0;49;11;24;23;3;44;22;33;18;0;40;30;0;37;19;25;44;24;19;0;1;0;0;0;0;0;0;39;0
17.04.2016;21;150;0;0;21;0;32;11;29;25;0;25;24;34;13;0;11;27;0;31;14;23;9;27;18;0;0;0;0;0;0;0;0;22;1
17.04.2016;22;112;0;0;22;0;31;10;17;25;0;19;18;20;5;0;0;27;0;24;0;24;0;30;22;0;0;0;0;0;0;0;0;28;0
17.04.2016;23;84;0;0;19;0;24;13;13;16;0;18;8;9;8;0;0;25;0;12;0;10;0;16;13;0;0;0;0;0;0;0;0;16;0
17.04.2016;24;56;0;0;10;0;13;8;13;7;0;9;4;2;5;0;0;14;0;8;0;4;0;7;10;0;0;0;0;0;0;0;0;8;0
18.04.2016;1;34;0;0;9;0;8;9;3;10;0;16;7;4;1;0;0;23;0;12;0;7;0;6;20;0;0;0;0;0;0;0;0;5;0
18.04.2016;2;67;0;0;13;0;14;14;9;22;0;22;2;3;12;0;0;19;0;11;0;15;0;12;8;0;0;0;0;0;0;0;1;8;0
18.04.2016;3;103;0;0;11;0;31;20;12;19;0;23;3;6;8;0;0;27;0;15;0;15;0;17;13;0;0;0;0;0;0;0;1;25;0
18.04.2016;4;147;0;0;20;0;45;23;15;29;0;33;9;21;8;0;6;41;2;29;2;38;2;37;26;0;0;0;0;0;0;11;0;36;0
18.04.2016;5;176;0;10;26;0;46;10;27;24;8;43;20;34;14;0;38;36;19;23;31;27;34;25;15;0;1;0;0;0;0;21;0;28;1
18.04.2016;6;166;0;11;22;0;25;7;29;24;12;39;28;35;16;0;42;33;22;27;27;15;37;28;24;0;1;0;0;0;0;15;1;17;1
18.04.2016;7;149;0;21;25;0;26;12;16;33;7;42;12;39;5;0;43;34;23;22;40;31;26;21;24;1;0;0;5;0;0;0;0;23;0
18.04.2016;8;145;0;18;32;0;40;9;10;23;5;31;7;19;7;0;32;29;15;14;19;13;16;4;20;2;1;2;11;0;8;0;0;26;0
18.04.2016;9;202;0;21;27;0;35;12;15;16;16;43;43;36;20;0;60;41;29;51;31;28;45;32;29;9;0;10;23;0;8;0;1;36;0
18.04.2016;10;204;0;29;44;0;26;13;17;28;23;33;19;33;21;0;43;21;20;25;43;25;13;22;24;8;0;11;18;0;18;0;3;21;3
18.04.2016;11;185;0;33;41;0;18;13;19;27;17;26;24;36;24;0;35;18;0;47;40;34;0;31;16;12;0;11;12;0;14;0;1;17;1
18.04.2016;12;191;0;16;27;0;21;14;20;25;18;41;19;34;19;0;54;39;0;38;27;26;0;33;23;17;0;13;7;0;13;0;0;22;0
18.04.2016;13;197;0;17;33;0;36;8;16;21;22;43;18;28;8;0;56;43;0;32;24;19;0;32;24;11;10;9;9;0;4;0;0;32;0
18.04.2016;14;231;0;21;28;0;37;23;18;23;27;37;32;35;5;0;55;42;0;52;37;28;0;35;35;22;14;17;14;0;9;0;2;27;0
18.04.2016;15;233;2;34;43;0;30;14;22;37;34;52;23;32;3;0;59;51;0;42;38;23;0;31;23;23;21;13;22;0;12;0;3;23;2
18.04.2016;16;196;0;16;25;0;28;10;21;17;21;45;35;29;2;0;50;41;0;44;17;29;0;36;27;8;15;8;6;0;6;0;0;28;0
18.04.2016;17;179;0;9;24;0;36;6;21;16;18;40;24;37;0;0;39;34;0;32;0;41;0;45;37;0;8;10;0;0;9;0;0;36;1
18.04.2016;18;177;0;14;37;0;29;11;20;12;16;42;20;31;10;0;43;34;0;27;0;33;3;31;32;0;0;2;0;0;4;0;1;26;0
18.04.2016;19;182;0;18;36;0;24;8;29;21;22;44;29;40;12;0;48;43;0;44;0;37;36;32;28;0;0;0;0;0;0;0;1;22;1
18.04.2016;20;167;0;9;30;0;48;7;27;22;13;43;18;38;7;0;36;42;0;31;0;32;41;36;21;0;0;0;0;0;0;0;0;44;0
18.04.2016;21;137;0;0;12;0;32;9;27;26;0;21;24;27;4;0;0;33;0;32;0;28;0;23;18;0;0;0;0;0;0;0;0;22;0
18.04.2016;22;103;1;0;13;0;30;10;16;19;0;24;12;23;7;0;0;35;0;21;0;16;0;33;15;0;0;0;0;0;0;0;0;31;0
18.04.2016;23;74;0;0;13;0;21;9;13;11;0;16;5;10;5;0;0;18;0;10;0;7;0;16;9;0;0;0;0;0;0;0;0;17;0
18.04.2016;24;54;0;0;10;0;13;7;9;9;0;11;0;8;3;0;0;15;0;4;0;10;0;5;11;0;0;0;0;0;0;0;0;7;0
19.04.2016;1;38;0;0;12;0;14;12;2;16;0;14;3;5;7;0;0;23;0;11;0;11;0;7;18;0;0;0;0;0;0;0;0;9;1
19.04.2016;2;67;0;0;10;0;15;12;9;17;0;19;3;3;6;0;0;18;0;10;0;15;0;15;17;0;0;0;0;0;0;0;1;16;0
19.04.2016;3;94;0;0;9;0;29;16;9;16;0;21;6;7;8;0;0;13;0;12;0;16;0;17;18;0;0;0;0;0;0;0;1;26;0
19.04.2016;4;136;0;0;23;7;33;24;15;29;1;36;8;20;9;0;0;22;0;24;0;36;0;29;18;0;0;0;0;0;0;8;0;34;0
19.04.2016;5;163;0;0;26;13;29;13;17;16;12;43;16;33;15;0;27;24;20;27;29;30;25;24;16;0;0;0;0;0;0;14;1;29;3
19.04.2016;6;169;0;6;23;7;23;5;31;19;11;37;27;33;12;0;43;31;27;32;34;28;29;27;18;0;0;0;0;0;0;8;1;29;2
19.04.2016;7;174;0;21;23;0;28;13;26;31;14;39;22;41;8;0;52;33;0;36;0;52;1;33;24;1;1;3;7;0;3;0;0;25;1
19.04.2016;8;196;0;20;29;0;29;11;12;35;6;42;37;39;3;0;49;41;0;48;0;43;0;43;28;3;6;6;13;0;11;0;0;37;3
19.04.2016;9;195;1;25;38;0;30;11;16;23;13;25;33;25;2;0;48;27;0;37;0;38;0;29;28;9;13;5;20;0;15;0;1;28;3
19.04.2016;10;172;1;19;28;0;20;14;29;17;19;42;21;26;2;0;40;33;0;36;0;41;0;25;33;0;17;15;0;0;12;0;1;17;3
19.04.2016;11;180;0;21;37;0;32;9;28;27;21;30;16;31;3;0;39;20;0;29;0;44;0;25;24;8;11;7;2;0;11;0;0;21;1
19.04.2016;12;192;1;15;33;0;28;14;17;26;15;43;25;37;2;0;57;41;0;42;26;34;0;33;23;16;15;12;9;0;13;0;1;20;2
19.04.2016;13;195;0;22;33;0;37;7;12;19;16;49;18;26;4;0;52;45;0;29;28;20;0;35;32;12;13;5;6;0;7;0;0;31;0
19.04.2016;14;203;0;19;29;0;26;18;14;19;20;43;27;28;3;0;55;40;0;52;36;19;0;27;30;24;14;8;12;0;6;0;0;25;2
19.04.2016;15;198;0;22;34;0;23;13;17;29;31;42;22;28;8;0;38;32;0;44;44;18;0;30;17;14;12;14;14;0;11;0;2;27;3
19.04.2016;16;182;0;16;36;0;26;12;18;21;20;38;30;26;11;0;47;38;0;42;31;18;0;31;19;8;7;5;14;0;9;0;0;22;2
19.04.2016;17;166;0;11;24;0;34;10;22;15;23;39;21;36;13;0;44;32;0;30;28;25;4;40;29;1;0;0;0;0;0;0;0;30;1
19.04.2016;18;191;0;8;29;0;38;10;25;8;23;44;26;38;8;0;52;36;0;38;31;30;28;26;38;0;0;0;0;0;0;0;2;32;0
19.04.2016;19;189;0;16;36;0;32;6;30;11;24;47;25;36;15;0;48;36;0;39;31;20;33;24;31;0;0;0;0;0;0;0;0;28;0
19.04.2016;20;183;0;8;35;0;45;14;18;13;17;49;28;34;19;0;40;40;0;39;21;19;41;28;20;0;0;0;0;0;0;0;0;41;0
19.04.2016;21;137;0;0;19;0;32;19;22;25;0;29;25;26;11;0;0;39;0;37;0;34;0;23;16;0;0;0;0;0;0;0;0;21;0
19.04.2016;22;108;0;0;21;0;29;11;14;25;0;25;13;15;9;0;0;22;0;22;0;19;0;24;12;0;0;0;0;0;0;0;0;22;0
19.04.2016;23;84;0;0;17;0;26;12;14;12;0;13;11;9;9;0;0;20;0;16;0;11;0;13;15;0;0;0;0;0;0;0;0;13;0
19.04.2016;24;61;0;0;9;0;19;8;13;8;0;12;7;5;4;0;0;16;0;15;0;8;0;11;9;0;0;0;0;0;0;0;0;11;0
20.04.2016;1;42;0;0;11;0;15;12;5;9;0;12;2;5;3;0;0;22;0;13;0;4;0;8;19;0;0;0;0;0;0;0;0;11;0
20.04.2016;2;77;0;0;12;0;16;13;16;22;0;21;3;4;10;0;0;21;0;16;0;14;0;13;16;0;0;0;0;0;0;0;1;13;0
20.04.2016;3;102;0;0;14;0;31;22;8;16;0;21;4;6;8;0;0;12;0;17;0;12;0;16;17;0;0;0;0;0;0;0;1;23;0
20.04.2016;4;135;0;0;23;6;36;23;11;28;0;37;8;20;7;0;0;21;0;23;1;34;5;26;21;0;0;0;0;0;0;4;0;34;0
20.04.2016;5;159;0;13;25;17;31;9;17;16;9;41;18;34;16;0;32;18;18;29;38;28;31;20;14;0;0;0;0;0;0;15;0;35;1
20.04.2016;6;171;0;11;25;3;20;9;30;24;13;37;31;33;12;0;49;28;31;30;43;21;31;24;19;0;0;0;0;0;0;7;1;26;1
20.04.2016;7;169;0;20;24;0;24;10;20;30;12;40;22;40;3;0;52;36;26;24;42;36;33;16;23;2;3;3;13;0;3;0;0;25;1
20.04.2016;8;163;0;18;35;0;28;9;13;27;9;30;14;23;3;0;35;29;16;21;27;13;21;12;25;0;8;7;13;0;9;0;0;21;0
20.04.2016;9;195;0;20;26;0;30;11;12;23;11;40;40;38;3;0;60;47;31;35;33;29;36;32;38;0;14;8;18;0;14;0;0;28;1
20.04.2016;10;205;0;24;36;0;27;17;13;32;17;38;20;33;2;0;50;37;28;22;36;31;13;23;36;2;17;13;12;0;15;0;1;22;2
20.04.2016;11;178;0;28;38;0;22;17;15;22;20;30;16;33;6;0;32;24;34;22;34;30;0;24;18;13;15;13;11;0;12;0;0;21;0
20.04.2016;12;177;1;18;34;0;12;11;20;20;12;42;16;28;2;0;54;43;28;19;30;22;0;30;19;20;11;12;10;0;7;0;0;16;0
20.04.2016;13;190;1;18;27;0;39;11;14;17;22;44;23;29;4;0;51;49;20;23;31;22;0;36;24;16;9;5;11;0;7;0;0;28;1
20.04.2016;14;212;0;18;36;0;35;27;25;19;22;36;28;30;15;0;56;43;26;26;39;29;0;40;31;23;4;4;19;0;6;0;1;25;1
20.04.2016;15;219;0;20;34;0;27;27;26;30;28;47;26;28;20;0;63;47;36;23;41;24;0;31;18;24;0;0;19;0;9;0;2;20;2
20.04.2016;16;188;0;15;31;0;26;13;24;21;17;45;27;32;10;0;58;44;27;24;32;27;8;32;20;16;0;0;8;0;3;0;1;22;2
20.04.2016;17;182;0;11;31;0;41;7;20;15;19;43;25;33;12;0;50;47;27;26;31;20;46;25;31;8;0;0;0;0;0;0;0;35;1
20.04.2016;18;191;0;15;31;0;34;12;24;10;16;37;23;42;13;0;53;40;26;24;32;28;39;21;39;0;0;0;0;0;0;0;1;30;0
20.04.2016;19;191;1;8;29;0;35;7;26;11;23;45;27;38;15;0;43;41;25;27;35;20;45;23;24;0;0;0;0;0;0;0;1;34;1
20.04.2016;20;173;0;8;32;0;52;10;28;22;18;42;19;34;14;0;45;46;19;27;26;19;48;38;25;0;0;0;0;0;0;0;0;49;1
20.04.2016;21;149;0;0;20;0;32;13;27;29;0;27;25;35;10;0;0;43;0;43;0;35;0;28;19;0;0;0;0;0;0;0;0;24;0
20.04.2016;22;109;0;0;22;0;31;8;19;21;0;26;10;20;9;0;0;33;0;22;0;18;0;27;15;0;0;0;0;0;0;0;0;26;0
20.04.2016;23;79;0;0;16;0;30;8;10;15;0;16;4;9;9;0;0;21;0;10;0;9;0;18;8;0;0;0;0;0;0;0;0;20;0
20.04.2016;24;59;0;0;11;0;10;7;12;15;0;7;9;6;5;0;0;13;0;12;0;7;0;6;8;0;0;0;0;0;0;0;0;6;0
21.04.2016;1;73;0;9;15;8;9;9;1;0;12;16;6;3;1;5;25;18;13;4;14;5;10;5;10;15;6;7;6;8;0;3;1;9;0
21.04.2016;2;100;1;13;17;11;19;8;9;1;22;23;4;6;8;12;20;18;11;5;21;12;10;10;10;9;3;11;13;11;0;8;0;16;0
21.04.2016;3;125;0;13;21;17;22;16;8;4;13;19;3;5;11;10;11;8;11;4;13;8;13;13;15;9;7;29;4;12;0;13;1;18;0
21.04.2016;4;147;0;12;22;24;28;17;15;8;36;35;11;16;4;7;25;22;17;17;26;24;31;26;13;13;7;16;6;18;0;10;0;29;0
21.04.2016;5;181;0;26;29;26;39;12;15;12;31;39;20;32;3;7;31;33;23;28;32;36;35;29;12;7;18;7;14;26;0;17;1;34;0
21.04.2016;6;188;1;15;20;9;21;5;25;10;18;40;33;35;3;7;48;40;27;34;36;34;33;18;22;10;15;8;19;25;0;11;0;16;0
21.04.2016;7;178;4;22;23;16;22;11;12;5;11;42;26;38;2;11;51;44;28;31;39;41;32;19;25;10;1;1;11;31;3;9;0;17;0
21.04.2016;8;207;1;39;49;15;24;11;14;7;6;44;37;28;2;5;53;48;36;39;37;30;28;17;29;11;12;3;16;33;1;8;1;16;0
21.04.2016;9;223;5;34;49;11;17;16;19;11;17;30;37;27;7;10;51;39;29;37;37;34;25;23;32;27;19;17;16;25;5;7;3;16;0
21.04.2016;10;201;4;32;40;15;15;22;15;8;20;40;29;29;5;6;48;45;27;28;41;29;31;16;20;17;16;16;13;25;2;9;1;22;0
21.04.2016;11;197;4;30;42;18;19;19;19;7;21;36;23;30;4;8;42;34;29;30;42;34;23;17;19;13;8;15;10;29;1;5;0;16;0
21.04.2016;12;207;4;34;42;6;14;17;16;10;12;35;22;36;7;4;53;42;25;24;36;42;28;21;32;27;15;14;11;28;0;4;1;10;0
21.04.2016;13;227;3;27;37;15;32;11;21;9;13;49;29;18;6;9;61;50;26;29;33;20;27;26;29;29;19;9;13;23;7;8;3;18;0
21.04.2016;14;238;1;30;44;17;21;17;34;8;28;34;26;34;3;10;59;34;38;28;59;36;32;21;37;25;15;14;21;35;8;7;0;16;0
21.04.2016;15;255;1;40;50;12;19;26;26;9;35;42;27;25;6;16;54;44;39;31;62;33;31;28;27;25;16;15;16;46;6;14;1;19;0
21.04.2016;16;240;2;30;42;14;27;23;25;8;23;47;25;32;4;11;70;54;39;32;44;35;38;31;27;25;11;11;15;31;7;11;1;20;0
21.04.2016;17;202;0;16;27;16;25;16;12;5;24;45;27;35;1;10;45;49;28;33;41;40;47;29;20;21;6;6;7;21;5;14;2;28;0
21.04.2016;18;211;3;21;30;24;22;11;16;5;22;39;25;33;4;15;50;40;24;22;31;34;32;20;21;25;14;5;12;18;5;11;0;25;0
21.04.2016;19;207;4;20;32;15;32;12;23;5;31;43;25;34;2;12;55;48;34;34;40;37;43;27;21;17;19;6;14;23;4;11;1;25;0
21.04.2016;20;173;2;20;25;28;37;8;17;5;23;40;25;35;0;9;49;41;30;30;34;33;44;20;13;10;11;3;19;15;0;15;1;40;0
21.04.2016;21;139;0;14;15;16;32;12;19;3;12;24;15;28;1;7;34;22;19;22;23;30;26;13;12;8;7;7;13;15;0;7;1;25;0
21.04.2016;22;105;0;13;10;15;26;4;8;1;11;24;17;20;1;9;26;26;18;23;18;22;26;9;10;5;4;4;12;12;0;11;1;22;0
21.04.2016;23;76;0;11;15;10;22;5;6;0;6;13;9;7;5;7;18;14;15;11;12;6;22;5;5;7;4;7;5;6;0;7;0;18;0
21.04.2016;24;50;0;4;8;1;13;5;5;0;2;8;0;5;2;4;12;10;4;2;5;5;5;1;4;8;1;3;8;3;0;5;1;6;0
22.04.2016;1;75;0;10;12;3;12;6;5;1;14;12;5;5;4;12;24;13;10;5;8;5;8;3;9;15;10;11;4;9;0;3;0;6;0
22.04.2016;2;88;0;12;15;7;15;6;10;1;16;19;2;5;5;9;19;16;9;7;14;8;5;15;12;9;8;17;10;9;1;5;0;7;0
22.04.2016;3;104;0;10;13;16;25;9;6;3;14;18;5;8;7;7;14;11;10;8;12;10;14;16;10;4;4;19;7;7;0;12;1;17;0
22.04.2016;4;138;0;5;12;23;28;14;11;12;27;36;11;15;0;7;32;32;18;19;23;18;31;30;16;10;3;12;8;16;0;13;1;28;0
22.04.2016;5;170;0;21;21;23;37;9;15;15;30;39;19;28;3;7;28;36;18;27;23;37;31;31;8;10;12;6;8;16;1;17;0;41;0
22.04.2016;6;195;2;20;22;13;21;9;24;12;17;45;31;35;2;7;50;52;32;31;40;38;35;25;23;13;15;5;16;28;1;21;3;31;0
22.04.2016;7;199;3;21;22;13;21;13;24;15;15;36;24;37;1;10;52;41;29;30;45;47;31;20;22;11;8;4;19;32;7;16;0;23;0
22.04.2016;8;230;5;35;41;14;30;11;23;5;15;29;36;30;4;9;49;48;29;41;46;36;23;17;26;15;9;11;18;27;1;17;0;18;0
22.04.2016;9;276;6;32;44;17;30;15;22;24;27;44;46;39;3;8;72;56;40;49;72;47;43;37;22;23;25;20;30;39;4;24;1;30;0
22.04.2016;10;258;2;42;55;16;17;27;34;9;28;37;28;27;3;12;51;37;32;31;49;28;30;22;32;21;19;13;19;38;4;7;0;15;0
22.04.2016;11;246;10;37;47;14;11;20;33;5;19;39;18;40;4;7;54;48;33;34;47;44;26;20;26;23;18;12;13;31;2;7;0;15;0
22.04.2016;12;236;3;31;33;11;15;21;27;10;21;42;32;32;2;10;58;49;37;36;46;47;25;27;30;19;17;8;8;34;0;4;2;14;0
22.04.2016;13;254;11;29;37;11;26;15;20;8;21;49;28;32;3;19;58;59;35;32;34;28;19;20;34;26;12;13;15;31;0;10;0;16;0
22.04.2016;14;276;18;30;41;12;34;21;42;9;25;41;28;29;6;14;68;57;42;35;48;26;27;23;47;28;24;23;28;26;13;15;0;16;0
22.04.2016;15;271;14;44;48;11;26;20;30;2;34;48;32;30;9;23;59;48;38;34;51;28;18;25;34;25;27;23;22;44;5;10;2;17;0
22.04.2016;16;239;19;33;41;14;34;18;18;2;20;48;43;32;6;5;54;52;32;40;42;48;38;51;28;26;14;15;17;27;5;21;0;26;0
22.04.2016;17;221;24;22;31;11;32;11;22;4;23;47;32;45;5;8;57;56;28;26;40;40;40;46;31;22;12;7;11;23;3;18;1;24;0
22.04.2016;18;224;18;26;35;15;24;10;25;5;26;43;25;39;4;8;54;49;17;27;35;37;27;27;30;22;12;8;17;23;5;10;1;23;0
22.04.2016;19;214;11;25;39;14;26;9;22;3;32;49;30;31;4;11;56;54;25;30;35;34;37;35;19;13;19;9;19;20;7;9;0;31;0
22.04.2016;20;184;6;29;26;29;33;10;13;2;20;39;27;37;2;6;38;44;23;30;35;36;48;30;13;8;17;4;17;23;1;13;0;41;0
22.04.2016;21;154;2;13;17;18;23;12;15;4;17;23;26;30;4;12;32;29;21;26;33;35;24;20;15;8;8;10;13;23;0;5;0;21;0
22.04.2016;22;117;0;14;13;15;26;7;10;3;12;20;14;19;2;10;26;22;10;14;21;26;28;20;8;7;7;11;13;19;0;4;1;27;0
22.04.2016;23;92;0;20;20;17;22;6;7;0;7;17;8;9;8;7;21;20;13;9;11;11;18;12;4;8;7;9;9;14;0;2;0;16;0
22.04.2016;24;72;0;8;12;7;14;3;5;0;9;9;2;9;4;10;14;9;6;5;5;9;11;5;4;7;4;8;7;4;1;3;0;6;0
23.04.2016;1;69;0;6;15;4;5;8;3;0;12;11;6;5;0;11;25;16;15;7;15;5;7;3;5;14;8;7;4;11;0;2;1;5;0
23.04.2016;2;80;0;12;13;5;11;7;6;0;20;23;4;5;2;14;21;22;13;9;15;9;5;11;7;11;10;11;7;15;0;2;0;5;0
23.04.2016;3;109;0;6;10;15;26;18;12;2;11;22;6;10;2;7;22;18;14;11;11;14;17;15;11;8;10;19;5;7;0;15;1;16;0
23.04.2016;4;144;0;18;25;20;26;22;14;6;26;32;10;22;3;9;31;24;20;18;21;28;26;24;21;13;7;10;5;22;0;11;1;24;0
23.04.2016;5;166;1;22;28;25;34;13;16;11;26;36;16;26;3;6;37;31;27;24;29;31;31;20;19;12;13;8;10;21;0;15;0;34;0
23.04.2016;6;168;0;18;18;15;28;6;23;7;9;40;29;31;4;8;46;33;31;30;32;33;35;26;21;12;11;3;15;19;0;14;1;20;0
23.04.2016;7;177;1;23;23;12;23;14;18;4;13;42;24;45;2;11;48;37;29;26;46;44;26;15;23;11;3;5;13;32;0;13;0;22;0
23.04.2016;8;203;2;41;45;14;20;16;18;1;10;45;28;30;7;6;53;46;32;37;39;28;29;19;27;18;10;7;10;34;2;11;1;22;0
23.04.2016;9;201;3;33;44;9;21;13;18;6;13;33;30;30;2;10;46;40;28;34;30;33;22;19;23;18;16;9;16;22;2;12;1;15;0
23.04.2016;10;197;6;32;46;8;16;18;20;3;15;43;28;30;1;7;41;45;27;26;43;38;14;27;19;13;13;11;15;29;0;8;1;11;0
23.04.2016;11;186;2;43;52;9;14;21;16;2;17;31;26;40;10;5;35;32;31;23;33;41;22;27;14;14;13;18;7;31;0;8;0;15;0
23.04.2016;12;196;4;39;42;7;11;20;24;1;15;48;31;37;7;2;59;51;32;28;34;35;17;17;27;27;14;16;11;28;0;3;0;11;0
23.04.2016;13;217;4;34;37;11;21;20;18;2;13;51;27;30;5;14;65;56;27;28;30;34;27;31;30;24;12;9;14;28;1;6;1;15;0
23.04.2016;14;231;3;29;37;17;18;27;19;9;27;48;31;37;1;10;59;51;40;30;60;40;23;24;26;32;16;11;13;35;3;4;2;18;0
23.04.2016;15;219;2;40;50;7;21;32;16;3;30;49;26;29;6;18;52;44;53;31;58;32;24;20;15;28;16;12;17;39;1;6;2;18;0
23.04.2016;16;204;0;27;43;16;27;11;21;1;15;44;26;27;5;10;59;44;30;29;37;32;29;23;23;22;16;13;9;30;1;6;0;23;0
23.04.2016;17;179;1;18;27;13;17;8;9;5;26;47;24;30;1;14;45;45;23;24;42;45;32;20;23;25;11;9;4;28;1;8;2;23;0
23.04.2016;18;186;0;21;27;17;22;21;10;3;15;39;21;29;1;11;54;38;30;21;36;32;31;21;22;33;10;11;10;17;0;8;0;26;0
23.04.2016;19;196;0;27;30;18;27;11;15;5;33;47;22;29;2;20;52;47;33;29;46;36;45;23;17;23;13;5;8;32;0;7;0;37;0
23.04.2016;20;163;1;22;25;32;30;8;11;4;27;40;20;31;2;12;44;42;26;25;34;35;44;22;11;16;11;4;6;22;1;6;0;42;0
23.04.2016;21;127;0;13;18;22;28;13;20;0;14;23;14;21;3;8;33;24;23;17;29;20;23;9;16;10;3;6;11;18;0;5;0;26;0
23.04.2016;22;113;0;17;14;14;24;18;8;1;14;19;16;17;4;15;22;20;25;20;30;21;30;8;4;15;6;9;9;15;0;8;1;31;0
23.04.2016;23;94;0;13;14;21;28;11;7;0;7;20;8;7;7;8;24;20;19;10;17;8;17;7;3;11;5;10;7;8;0;3;0;24;0
23.04.2016;24;58;0;8;10;1;10;5;3;0;5;9;0;4;2;7;14;7;3;1;3;5;4;2;4;11;3;5;8;5;0;4;0;5;0
24.04.2016;1;70;0;7;11;5;13;9;1;1;10;16;5;8;1;8;24;17;18;5;17;8;8;5;6;14;9;9;4;12;0;5;1;9;0
24.04.2016;2;76;0;12;14;2;9;8;9;0;12;21;4;8;3;7;20;20;10;11;16;11;3;15;8;9;5;7;10;12;0;5;0;5;0
24.04.2016;3;98;0;11;18;13;24;11;10;1;8;18;5;8;5;6;17;10;10;7;13;11;16;11;9;5;4;11;6;4;0;9;0;15;0
24.04.2016;4;143;0;14;19;18;32;14;10;5;16;38;9;13;5;4;27;33;14;11;17;21;22;27;16;11;5;17;7;13;0;11;2;21;0
24.04.2016;5;161;4;23;21;25;39;12;16;10;25;42;20;26;1;5;36;39;28;29;34;28;35;34;15;9;9;4;13;21;0;22;0;37;0
24.04.2016;6;166;13;27;28;9;17;4;17;4;11;39;26;30;4;4;46;37;30;32;34;25;30;27;18;9;10;3;13;32;0;12;1;16;0
24.04.2016;7;171;16;24;25;10;32;9;13;1;11;38;19;39;2;6;46;44;18;22;35;29;23;25;17;12;2;2;18;30;0;16;1;15;0
24.04.2016;8;179;12;32;40;14;22;9;9;1;17;42;31;32;1;6;50;40;31;37;38;30;23;24;25;17;8;8;10;26;0;10;2;22;0
24.04.2016;9;195;12;44;47;10;22;13;11;0;14;33;31;28;3;5;41;38;27;27;36;22;23;19;31;27;16;18;10;26;0;11;2;21;0
24.04.2016;10;199;11;35;47;9;11;21;17;2;19;44;26;33;2;10;40;40;32;24;41;34;15;22;27;22;19;14;9;25;0;2;1;13;0
24.04.2016;11;201;15;39;51;11;15;25;16;3;23;31;20;37;5;8;41;37;35;27;42;38;20;23;19;24;12;11;7;35;0;4;3;14;0
24.04.2016;12;188;16;31;42;5;9;18;19;1;22;50;21;36;6;7;46;50;32;21;42;40;22;29;19;24;10;10;7;29;1;4;0;9;0
24.04.2016;13;231;18;36;43;19;27;14;18;3;21;52;25;37;4;10;59;52;25;19;32;30;26;26;37;31;15;7;9;29;2;6;1;23;0
24.04.2016;14;255;15;35;44;20;30;19;22;2;20;46;37;31;6;10;67;56;41;33;43;35;31;34;28;37;23;18;17;33;1;9;3;22;0
24.04.2016;15;237;19;42;48;15;25;22;21;2;24;42;35;30;4;11;61;49;35;37;43;36;32;33;28;30;19;16;17;45;0;7;1;21;0
24.04.2016;16;218;11;27;40;22;36;24;18;2;19;49;30;26;4;9;62;56;35;35;36;35;34;23;25;24;10;8;11;23;0;11;0;28;0
24.04.2016;17;202;21;23;31;16;24;14;12;4;28;40;27;34;2;9;50;50;24;28;36;41;46;36;27;20;13;10;9;23;0;13;2;28;0
24.04.2016;18;202;21;23;30;21;22;13;11;0;20;53;19;41;1;5;54;57;17;20;24;35;41;37;22;25;13;9;14;14;0;10;1;29;0
24.04.2016;19;200;17;26;27;21;26;10;15;4;26;46;26;43;2;7;47;52;26;31;43;44;48;35;21;18;20;8;10;21;0;7;0;29;0
24.04.2016;20;163;12;25;28;35;34;7;8;3;28;35;18;32;1;6;35;44;16;22;32;35;48;30;5;17;17;2;8;17;0;4;0;41;0
24.04.2016;21;138;5;16;18;20;19;8;14;1;18;22;21;26;1;8;37;27;18;23;25;29;21;11;9;12;10;5;11;15;0;4;0;20;0
24.04.2016;22;106;3;15;15;13;24;9;6;1;18;22;14;18;2;9;17;25;14;16;20;24;29;17;6;7;6;6;7;17;1;13;0;28;0
24.04.2016;23;90;0;10;17;9;21;9;6;0;10;16;11;8;4;8;27;18;14;11;13;9;13;7;7;12;3;8;5;11;1;7;0;15;0
24.04.2016;24;58;1;8;12;5;7;6;6;0;10;9;2;5;2;7;16;12;5;3;8;8;5;4;2;6;1;2;9;4;0;7;0;8;0
25.04.2016;1;62;2;7;11;2;8;5;4;0;8;13;3;5;1;9;20;18;6;4;4;5;3;2;1;18;6;6;5;5;0;2;0;4;0
25.04.2016;2;102;1;16;17;10;18;7;12;1;15;22;6;2;9;13;23;20;10;11;12;2;13;8;10;10;11;23;11;13;0;5;1;8;0
25.04.2016;3;119;2;12;12;17;24;9;13;1;11;20;4;2;9;9;23;17;9;5;12;4;21;12;22;8;9;21;6;9;0;13;1;18;0
25.04.2016;4;158;10;14;23;18;34;17;10;5;21;36;9;23;3;8;26;35;20;14;25;24;39;37;17;15;12;20;8;11;0;21;1;20;0
25.04.2016;5;177;21;22;22;22;42;10;15;8;16;38;16;28;2;3;29;41;15;22;22;26;36;38;22;12;19;10;14;16;4;25;0;34;0
25.04.2016;6;186;17;20;21;6;24;9;20;7;14;43;27;32;2;5;49;56;20;25;26;27;39;41;22;10;16;7;17;20;3;26;4;22;0
25.04.2016;7;206;15;26;22;14;16;8;23;10;11;45;29;39;3;5;57;52;26;24;47;41;31;34;28;14;7;10;20;33;6;13;1;19;0
25.04.2016;8;241;4;36;45;19;30;17;21;2;11;32;46;26;2;5;60;62;23;44;36;35;32;32;34;14;14;15;20;27;1;12;1;21;0
25.04.2016;9;268;17;39;43;12;22;14;22;16;21;40;40;33;5;13;54;51;35;42;59;41;32;33;30;17;26;20;20;41;5;18;2;26;0
25.04.2016;10;236;16;43;55;14;15;29;23;3;22;35;28;34;7;10;48;45;25;29;41;34;28;30;31;19;22;21;15;28;1;5;0;17;0
25.04.2016;11;246;15;51;57;15;18;26;31;6;21;33;26;37;6;5;45;44;33;34;50;34;26;31;23;18;23;16;17;38;1;8;2;17;0
25.04.2016;12;241;11;37;42;13;15;22;33;8;23;42;30;30;5;8;54;57;26;29;41;30;21;25;28;27;20;21;19;31;2;8;2;16;0
25.04.2016;13;244;15;28;31;14;30;14;22;7;20;50;25;31;7;9;57;55;23;27;34;30;30;30;28;28;16;10;25;27;4;12;2;21;0
25.04.2016;14;251;9;32;35;19;29;20;27;13;17;41;27;31;6;10;65;49;33;34;40;32;26;22;41;34;15;12;18;26;5;7;3;22;0
25.04.2016;15;248;14;43;46;16;21;26;16;4;29;44;22;32;5;21;57;54;40;28;57;31;25;24;25;33;25;26;18;46;4;6;3;20;0
25.04.2016;16;209;12;26;38;15;26;16;16;3;19;46;34;30;2;10;42;51;27;35;35;33;31;32;12;16;11;9;10;26;3;11;0;26;0
25.04.2016;17;198;18;20;27;19;27;11;11;4;26;42;18;40;5;6;38;43;23;28;40;41;47;43;22;20;11;4;4;16;5;15;4;33;0
25.04.2016;18;214;10;17;28;28;29;12;17;2;24;43;29;33;2;8;58;48;22;30;40;38;41;28;20;30;9;5;12;12;6;13;1;35;0
25.04.2016;19;196;13;27;31;22;31;10;14;2;26;49;28;38;2;8;43;47;27;30;36;38;45;39;15;17;21;4;15;17;4;12;2;34;0
25.04.2016;20;190;14;22;22;32;40;11;15;1;19;39;28;33;2;5;37;43;26;31;31;40;52;32;10;14;19;2;9;14;8;9;1;46;0
25.04.2016;21;148;12;10;13;20;21;6;17;3;20;28;21;33;1;8;43;37;18;21;26;33;18;20;12;12;9;6;15;17;0;5;0;21;0
25.04.2016;22;108;2;11;13;13;23;4;10;1;17;21;15;20;1;9;18;21;8;13;17;24;25;15;9;6;3;2;9;14;0;10;1;26;0
25.04.2016;23;82;0;11;13;15;24;5;5;0;9;17;8;13;1;4;15;16;10;9;13;16;22;15;2;10;4;3;7;12;0;12;0;22;0
25.04.2016;24;55;0;6;7;5;9;2;5;1;6;12;4;6;1;7;15;16;9;5;7;4;10;9;3;9;2;3;6;6;0;5;0;5;0
26.04.2016;1;60;2;10;11;1;8;8;3;0;12;13;4;5;3;8;18;15;8;4;8;3;4;2;5;17;6;4;4;9;0;3;0;3;0
26.04.2016;2;92;0;15;11;5;17;8;7;0;16;20;5;2;8;15;18;19;11;12;11;5;7;3;8;7;10;17;9;11;0;9;0;7;0
26.04.2016;3;120;1;15;19;14;24;14;7;1;17;17;6;7;9;15;12;18;12;10;14;11;15;10;10;8;9;29;5;12;0;11;0;13;0
26.04.2016;4;161;11;19;25;20;33;22;16;8;36;36;10;17;3;12;27;40;17;14;28;16;36;33;22;15;12;15;8;21;0;11;1;29;0
26.04.2016;5;173;18;24;25;22;36;15;18;6;27;45;18;30;5;5;37;49;20;22;29;32;36;47;14;11;17;12;10;16;1;16;0;34;0
26.04.2016;6;180;17;20;18;8;18;6;16;5;16;42;31;37;2;9;42;44;28;31;40;40;34;40;19;12;12;5;17;23;1;15;2;20;0
26.04.2016;7;190;8;26;28;20;27;12;16;5;11;41;26;32;3;8;47;47;24;26;40;36;25;27;21;12;6;5;16;32;1;10;0;25;0
26.04.2016;8;218;9;40;47;13;21;10;21;4;11;48;26;32;3;4;57;57;32;33;44;36;33;30;26;15;12;6;13;38;3;17;0;24;0
26.04.2016;9;211;10;46;52;14;24;14;16;2;8;22;34;32;4;6;47;33;30;37;38;27;27;24;22;23;20;14;18;22;3;19;6;23;0
26.04.2016;10;216;5;47;53;12;14;33;13;2;9;39;26;26;3;6;45;40;29;29;33;28;19;19;33;21;25;29;12;27;0;6;3;16;0
26.04.2016;11;212;11;43;43;10;18;15;17;4;17;37;23;29;9;10;42;40;27;29;40;30;30;27;24;21;21;20;12;31;2;7;0;14;0
26.04.2016;12;204;13;34;33;7;11;23;17;4;11;42;27;37;6;6;58;51;28;26;37;35;30;31;26;24;16;18;11;23;1;2;1;10;0
26.04.2016;13;213;11;32;36;11;28;8;17;7;15;53;22;27;4;9;58;59;19;22;34;21;22;22;27;25;12;5;13;24;4;10;0;13;0
26.04.2016;14;222;13;31;37;15;18;13;22;5;21;39;23;31;4;10;57;43;30;24;40;30;27;28;32;27;17;12;11;27;8;5;1;19;0
26.04.2016;15;237;12;39;44;11;19;19;20;7;32;42;25;29;9;21;52;45;32;28;49;29;24;25;14;22;18;21;12;43;3;8;3;18;0
26.04.2016;16;237;14;30;42;11;23;13;22;8;31;42;35;31;8;16;48;42;34;35;42;27;28;20;22;18;15;13;6;31;4;9;0;18;0
26.04.2016;17;205;14;18;29;16;24;10;17;7;26;37;26;37;4;7;46;48;24;27;45;40;42;33;17;20;10;8;6;21;4;14;3;30;0
26.04.2016;18;219;13;19;32;24;24;7;17;2;19;45;22;33;6;9;52;56;16;21;36;29;36;24;25;20;11;9;11;21;4;8;0;26;0
26.04.2016;19;193;13;27;36;19;26;5;13;1;27;23;30;33;8;8;42;35;33;30;35;33;39;24;15;20;22;7;10;19;4;8;1;28;0
26.04.2016;20;188;10;24;23;21;26;7;11;4;26;56;20;30;4;6;38;59;22;23;23;34;48;42;7;10;15;10;10;18;3;7;0;37;0
26.04.2016;21;167;6;18;18;22;31;11;16;3;23;36;16;30;3;6;38;35;16;17;25;30;28;21;14;12;6;7;17;20;2;3;0;26;0
26.04.2016;22;131;3;14;13;14;25;12;7;4;16;31;14;19;2;13;30;34;14;15;23;26;35;24;9;9;7;9;11;20;0;8;1;24;0
26.04.2016;23;99;0;15;18;9;24;4;8;0;9;19;9;8;5;8;21;19;11;8;18;12;22;11;7;8;2;7;7;15;0;9;0;18;0
26.04.2016;24;53;2;7;10;3;14;2;8;0;2;6;4;4;1;3;12;7;4;5;3;5;4;6;2;7;3;4;9;6;0;6;0;6;0
27.04.2016;1;61;1;6;7;4;6;6;3;0;12;15;3;5;1;12;26;20;9;2;11;4;7;4;8;17;5;4;5;12;0;4;1;6;0
27.04.2016;2;100;1;17;15;9;20;7;7;0;11;24;4;5;6;15;18;25;14;10;17;5;10;8;6;6;14;22;6;13;0;8;0;9;0
27.04.2016;3;118;2;14;16;13;30;17;11;0;16;20;5;8;3;11;15;22;12;9;14;8;19;13;12;7;11;19;9;13;0;16;0;13;0
27.04.2016;4;160;11;18;26;14;36;20;8;0;22;31;11;20;6;10;24;34;13;13;23;18;35;34;20;19;12;13;4;14;0;22;2;24;0
27.04.2016;5;181;22;21;24;20;37;13;14;2;22;38;21;37;5;7;34;48;14;23;34;28;44;46;17;15;18;7;12;16;0;30;1;34;0
27.04.2016;6;177;17;20;21;9;17;9;20;5;9;42;28;34;1;7;54;51;24;20;38;22;40;37;21;8;13;5;14;25;0;10;1;18;0
27.04.2016;7;180;12;26;29;17;25;9;17;3;13;40;14;40;2;12;44;40;18;19;43;37;29;25;19;10;2;5;12;35;1;17;1;18;0
27.04.2016;8;209;8;40;43;12;16;9;17;2;9;43;33;34;1;4;55;51;25;35;43;43;33;27;27;10;10;5;17;42;0;8;0;17;0
27.04.2016;9;207;8;39;52;14;26;9;14;4;15;28;30;20;2;6;49;33;24;33;33;29;30;17;28;21;19;10;19;24;1;12;3;24;0
27.04.2016;10;220;11;47;59;13;15;31;18;3;20;38;26;29;2;9;43;42;32;19;40;30;26;23;35;20;35;30;12;20;0;9;1;23;0
27.04.2016;11;218;15;38;48;12;12;32;18;7;25;36;24;36;2;9;51;44;39;24;51;37;29;24;23;24;29;24;8;32;3;8;1;13;0
27.04.2016;12;207;11;28;34;9;15;24;23;5;14;43;17;35;3;5;54;51;29;16;41;30;20;23;33;23;21;19;13;27;0;7;0;8;0
27.04.2016;13;227;12;35;40;18;34;17;18;6;20;48;18;33;2;15;60;62;24;24;48;33;26;26;34;26;13;8;19;35;0;6;1;14;0
27.04.2016;14;267;14;30;47;18;30;18;24;3;18;43;32;34;3;9;69;52;46;33;48;35;37;39;39;31;19;18;20;31;0;7;3;25;0
27.04.2016;15;246;14;38;46;17;25;16;29;3;31;45;30;33;2;19;66;56;48;31;55;35;30;21;22;24;20;16;18;47;0;11;4;24;0
27.04.2016;16;225;13;28;39;16;25;16;26;2;18;50;29;27;3;13;53;62;25;33;39;31;28;25;22;18;13;14;8;31;0;9;0;21;0
27.04.2016;17;209;12;25;34;19;26;11;13;4;24;42;30;40;2;8;48;57;27;36;39;41;49;38;22;18;16;10;3;27;0;16;3;32;0
27.04.2016;18;219;20;21;31;20;20;13;16;3;20;41;21;42;1;9;54;50;23;27;43;39;33;31;23;30;17;7;9;18;1;9;0;25;0
27.04.2016;19;215;10;31;35;22;25;6;17;3;28;48;26;37;3;11;53;54;30;33;39;42;50;43;13;25;23;9;7;23;3;9;0;36;0
27.04.2016;20;200;9;30;30;35;39;8;12;1;23;44;27;36;2;10;41;59;27;40;37;37;54;39;8;15;18;3;7;20;0;8;0;50;0
27.04.2016;21;166;9;17;22;24;29;13;20;1;22;27;19;38;5;12;42;33;27;27;37;39;24;16;12;11;11;7;11;21;0;4;1;26;0
27.04.2016;22;130;6;13;18;18;28;15;9;2;16;26;12;26;4;11;30;27;20;13;28;31;29;20;3;11;4;7;9;17;1;7;1;27;0
27.04.2016;23;107;2;19;20;23;29;8;7;1;13;17;11;11;4;10;22;19;13;12;22;15;22;11;2;9;3;8;5;18;2;6;1;25;0
27.04.2016;24;66;2;10;16;4;10;8;5;0;4;11;4;6;4;4;16;13;7;5;9;6;6;6;3;8;2;7;7;5;0;4;0;7;0
28.04.2016;1;75;0;12;19;0;8;10;4;0;9;13;5;4;4;11;24;17;11;6;7;3;5;2;10;18;5;10;6;8;0;3;1;6;0
28.04.2016;2;120;0;19;19;8;20;11;11;0;15;22;8;4;10;18;20;22;19;14;14;4;7;3;10;10;11;29;13;12;0;9;0;12;0
28.04.2016;3;136;1;19;25;15;25;15;8;1;17;25;5;4;9;14;15;23;13;5;15;5;21;13;9;9;8;32;8;14;0;13;0;19;0
28.04.2016;4;162;9;22;29;20;32;16;10;9;28;37;12;18;6;6;17;34;16;24;20;25;29;32;19;14;15;24;7;17;0;11;1;28;0
28.04.2016;5;172;18;20;24;24;36;13;11;10;25;38;22;31;5;4;33;46;19;32;26;39;36;34;19;13;22;13;11;21;0;20;0;33;0
28.04.2016;6;187;13;24;23;7;17;7;20;4;16;40;26;36;3;8;48;42;24;28;43;36;33;37;21;13;13;10;16;34;0;11;0;15;0
28.04.2016;7;197;15;33;39;13;27;15;20;2;14;34;24;46;2;12;48;39;22;24;45;41;35;39;21;18;7;8;16;39;0;14;0;16;0
28.04.2016;8;209;15;34;39;17;19;19;15;1;20;39;44;40;3;6;49;41;27;41;40;47;37;22;23;12;12;12;12;33;3;9;0;19;0
28.04.2016;9;239;9;52;61;14;28;21;22;7;17;41;28;27;8;7;64;50;25;32;38;30;32;24;34;29;17;20;20;32;4;14;4;19;0
28.04.2016;10;237;11;55;57;11;15;38;16;2;16;34;30;32;11;5;40;35;42;33;44;40;22;23;37;30;30;37;12;38;2;5;1;15;0
28.04.2016;11;212;15;43;51;15;16;21;21;5;19;35;17;37;5;9;40;39;30;23;41;34;26;29;27;24;19;18;11;40;5;7;1;18;0
28.04.2016;12;236;9;38;44;14;20;21;27;9;18;42;23;37;8;8;62;50;26;25;43;34;25;21;33;26;24;20;15;31;3;9;0;16;0
28.04.2016;13;244;20;35;44;15;33;15;19;5;18;50;31;26;6;10;66;56;26;25;35;28;30;30;30;26;21;7;21;33;6;13;1;17;0
28.04.2016;14;243;19;37;49;17;20;17;25;4;21;39;35;31;5;11;60;48;37;35;41;33;28;28;36;27;22;17;12;28;4;10;0;23;0
28.04.2016;15;252;22;34;44;15;20;27;18;6;36;44;27;39;9;16;59;48;40;32;59;36;31;36;23;40;21;17;14;48;5;7;1;22;0
28.04.2016;16;241;18;37;50;21;30;21;19;5;25;41;38;33;4;16;61;49;32;40;58;37;39;28;19;26;15;10;7;38;2;11;0;28;0
28.04.2016;17;224;22;21;39;12;23;13;16;5;31;42;34;40;4;8;53;56;23;34;38;38;40;37;25;21;12;10;8;29;6;14;2;28;0
28.04.2016;18;223;18;20;35;26;21;13;19;3;26;46;24;35;2;12;56;50;22;26;35;37;38;29;25;29;16;7;11;13;4;7;1;31;0
28.04.2016;19;231;22;30;48;23;32;7;18;6;34;45;29;44;2;10;49;54;28;37;45;51;45;42;16;21;25;6;9;28;4;8;1;38;0
28.04.2016;20;213;13;32;31;39;39;11;13;4;34;47;31;38;0;5;48;50;30;32;38;45;46;33;13;17;19;4;7;25;2;11;0;52;0
28.04.2016;21;163;8;16;12;33;25;15;18;6;25;30;27;32;1;12;43;36;23;30;28;33;27;20;11;17;9;6;10;20;0;6;1;29;0
28.04.2016;22;134;2;16;14;25;25;10;14;1;22;25;17;20;2;12;35;28;12;20;23;30;29;21;7;10;6;7;11;16;0;5;2;26;0
28.04.2016;23;100;5;17;20;24;22;4;6;1;14;17;13;9;5;9;18;18;13;13;14;11;27;15;1;9;8;10;4;14;0;4;0;25;0
28.04.2016;24;64;2;8;12;6;6;9;6;1;6;10;5;4;2;6;17;12;5;6;8;6;4;5;3;12;3;5;9;6;0;2;0;3;0
29.04.2016;1;74;1;14;15;8;14;13;3;1;11;12;5;4;6;9;24;17;14;3;14;2;7;3;7;21;9;9;7;11;1;3;1;8;0
29.04.2016;2;112;2;20;23;7;21;3;11;0;8;23;3;6;8;9;27;27;10;10;11;7;8;5;13;7;11;18;15;11;1;5;0;7;0
29.04.2016;3;125;1;18;22;15;32;8;11;4;11;24;6;7;7;7;24;21;11;11;13;8;20;11;16;6;11;20;9;13;0;14;0;18;0
29.04.2016;4;158;12;19;26;20;38;16;9;6;19;36;14;23;5;3;32;38;19;20;26;28;36;28;17;13;13;17;10;16;0;17;1;28;0
29.04.2016;5;182;20;27;27;24;36;13;13;2;17;40;24;39;3;6;37;50;20;27;27;34;41;42;17;12;19;7;10;16;0;21;0;39;0
29.04.2016;6;185;14;25;27;7;22;10;21;7;13;42;28;38;2;2;59;47;35;28;38;36;29;28;22;10;14;3;18;30;0;12;1;15;0
29.04.2016;7;207;14;29;35;12;31;16;25;6;19;46;27;35;2;13;59;60;30;30;42;36;23;37;22;16;6;3;20;38;0;14;0;19;0
29.04.2016;8;233;15;37;47;19;26;13;19;4;19;48;38;43;2;9;60;49;28;36;41;48;35;34;23;17;14;9;15;30;2;12;1;22;0
29.04.2016;9;264;12;53;66;12;28;18;30;3;19;33;33;34;9;11;58;47;26;39;40;41;28;30;34;26;26;26;25;34;2;13;2;24;0
29.04.2016;10;248;14;56;71;10;15;27;20;2;27;41;35;31;2;8;55;51;34;35;52;32;25;26;29;29;37;35;12;42;0;8;0;15;0
29.04.2016;11;247;19;50;58;12;14;34;23;5;25;39;35;41;5;9;46;45;39;31;50;43;24;26;33;23;25;28;10;39;2;4;1;14;0
29.04.2016;12;232;12;37;41;15;21;27;30;7;12;43;26;31;2;5;55;56;34;33;38;38;19;18;30;27;17;22;9;28;0;7;1;14;0
29.04.2016;13;250;17;38;45;10;34;18;24;3;26;46;44;48;2;15;68;59;36;35;59;45;23;16;34;22;12;6;26;41;1;9;1;16;0
29.04.2016;14;282;11;37;48;16;29;28;28;6;25;48;43;36;6;16;64;58;54;42;49;35;25;24;39;32;21;16;21;33;1;7;1;20;0
29.04.2016;15;286;17;47;49;16;30;27;28;6;27;49;41;43;4;17;65;52;44;37;66;48;36;34;30;31;22;23;22;60;2;8;3;20;0
29.04.2016;16;253;23;41;52;13;29;20;19;7;26;49;43;33;3;12;59;63;28;42;40;35;32;33;27;25;13;12;13;42;2;15;2;23;0
29.04.2016;17;247;22;34;43;16;29;22;20;8;30;47;39;43;3;5;48;52;37;47;51;50;41;45;25;24;16;10;12;37;0;14;3;34;0
29.04.2016;18;239;22;30;49;26;26;12;20;1;29;47;27;46;2;9;56;60;21;29;45;52;42;37;23;26;15;14;12;28;0;12;1;36;0
29.04.2016;19;227;15;38;51;21;27;5;18;4;34;45;32;38;6;11;47;51;26;33;46;45;45;36;14;20;22;7;14;33;0;12;0;31;0
29.04.2016;20;206;11;35;44;26;33;8;12;2;34;47;25;37;1;8;41;52;26;33;32;39;40;34;13;15;23;4;12;27;1;15;0;34;0
29.04.2016;21;173;13;25;29;18;19;15;18;1;27;33;21;33;2;12;33;37;29;24;43;36;28;23;12;11;19;10;11;27;0;6;0;26;0
29.04.2016;22;147;7;20;22;21;25;11;13;1;24;29;21;28;2;10;25;31;20;21;26;29;31;27;8;10;11;5;9;21;0;7;3;31;0
29.04.2016;23;116;6;19;21;23;28;6;11;0;11;22;11;14;5;5;26;26;16;13;19;15;31;15;8;9;5;8;4;14;0;8;0;28;0
29.04.2016;24;78;1;5;10;8;14;6;6;0;8;10;10;11;2;8;20;15;10;13;7;10;9;6;5;11;7;7;6;6;0;7;0;9;0
30.04.2016;1;85;2;12;16;4;10;7;7;1;10;20;6;6;1;12;28;20;15;6;13;6;4;2;12;16;7;7;7;15;0;3;1;5;0
30.04.2016;2;111;1;21;24;5;17;8;7;1;15;21;7;7;8;14;22;20;16;9;18;11;8;6;15;6;17;18;9;20;0;7;0;8;0
30.04.2016;3;140;4;24;30;13;26;16;8;1;9;20;7;10;10;7;23;22;17;15;15;13;14;11;14;9;13;38;10;11;0;14;0;15;0
30.04.2016;4;171;9;27;30;21;36;29;16;2;19;37;11;21;6;4;35;34;19;18;26;26;34;27;23;17;12;22;9;18;0;17;1;29;0
30.04.2016;5;189;18;23;26;24;37;14;12;5;24;40;21;37;5;10;33;42;25;27;33;40;39;37;15;11;15;11;14;23;0;20;0;36;0
30.04.2016;6;188;12;22;19;12;23;13;19;6;18;42;34;35;2;8;47;44;26;32;36;37;33;36;19;13;11;11;13;22;0;11;0;19;0
30.04.2016;7;202;19;34;36;13;29;18;21;3;10;41;25;37;1;7;51;42;25;24;45;31;30;25;23;16;6;6;16;36;0;16;0;18;0
30.04.2016;8;231;6;42;48;15;23;15;17;1;16;48;40;38;3;6;61;53;30;38;52;53;38;32;39;25;10;11;11;38;0;11;1;19;0
30.04.2016;9;234;2;45;62;12;22;19;17;4;15;32;30;38;4;9;44;40;22;35;41;51;28;22;28;22;21;17;13;27;0;10;4;19;0
30.04.2016;10;244;3;54;66;10;17;33;22;3;26;38;33;38;3;6;54;46;45;36;64;44;24;21;32;21;27;27;15;47;0;6;1;12;0
30.04.2016;11;245;2;44;58;9;16;37;22;5;24;46;32;42;2;6;51;41;48;37;52;48;30;19;21;29;25;16;13;33;1;5;1;15;0
30.04.2016;12;236;3;38;43;10;16;34;28;6;18;48;34;42;7;4;65;61;36;38;46;44;21;18;24;31;20;16;10;36;0;8;1;12;0
30.04.2016;13;254;4;45;49;12;33;22;24;5;14;56;31;35;3;12;58;60;31;29;43;44;29;31;29;26;23;5;22;40;1;8;2;15;0
30.04.2016;14;251;4;38;54;12;25;23;24;3;17;44;39;33;3;8;55;50;38;43;42;42;29;19;36;33;18;14;15;33;1;5;0;16;0
30.04.2016;15;247;3;49;53;11;23;29;23;2;31;43;28;36;8;17;61;43;48;37;55;42;25;14;29;29;24;20;15;55;0;5;1;17;0
30.04.2016;16;244;1;40;58;12;26;18;26;1;20;44;32;39;5;17;63;52;25;34;43;52;34;21;26;15;14;14;15;35;0;10;0;20;0
30.04.2016;17;194;2;26;40;12;17;19;9;6;26;39;25;39;4;4;34;43;29;30;42;45;37;27;24;21;13;14;4;26;0;12;2;26;0
30.04.2016;18;194;1;26;33;21;21;13;16;4;19;39;22;34;2;8;43;44;17;27;24;40;31;23;24;22;17;12;11;21;0;6;0;29;0
30.04.2016;19;195;0;29;36;14;21;7;16;4;33;47;22;33;3;11;39;51;24;32;27;44;41;30;15;14;25;16;7;25;0;8;0;27;0
30.04.2016;20;174;0;31;35;22;25;13;14;5;26;41;20;34;1;9;33;36;26;25;36;41;42;27;5;15;20;4;7;19;0;11;0;34;0
30.04.2016;21;145;0;13;24;16;20;11;16;3;17;25;24;29;2;9;35;27;29;30;33;33;26;15;9;7;9;7;3;21;0;6;0;26;0
30.04.2016;22;129;0;19;23;14;23;7;10;2;18;26;8;21;4;9;27;28;7;12;23;29;29;20;11;7;5;7;8;21;0;8;1;25;0
30.04.2016;23;110;0;19;25;13;24;7;6;1;16;22;13;12;3;6;20;19;12;15;15;19;23;14;6;8;8;5;6;18;0;10;0;24;0
30.04.2016;24;79;0;13;16;6;14;8;6;0;9;11;8;12;2;6;19;11;13;10;11;12;10;7;7;10;6;7;8;11;0;6;0;9;0
