01.04.2017;1;0;5;7;18;0;24;0;13;0;11;0;5;0;0;19;0;5;0;14;0;0;0;21;6;0;10;0;15;0;0;9;0
01.04.2017;2;0;2;3;25;0;23;0;17;0;12;0;4;0;0;16;0;9;0;24;0;0;0;20;12;0;19;0;20;0;0;11;0
01.04.2017;3;0;3;7;25;0;30;0;12;0;16;0;13;0;0;13;0;23;0;36;0;1;0;21;22;0;23;0;20;0;0;14;0
01.04.2017;4;0;7;23;33;2;33;1;21;4;36;3;29;0;0;30;0;33;0;49;8;0;0;12;25;0;17;0;20;0;0;15;0
01.04.2017;5;0;19;32;39;31;32;20;29;29;26;34;27;0;15;26;0;25;0;47;21;0;0;15;12;0;20;8;22;0;0;15;1
01.04.2017;6;0;26;37;43;42;31;18;32;37;33;36;30;0;19;29;0;22;0;25;8;1;0;22;8;0;33;11;23;0;0;16;0
01.04.2017;7;0;23;37;47;49;36;0;41;37;37;10;32;0;23;33;0;20;0;31;0;0;0;27;16;0;29;10;30;0;0;7;1
01.04.2017;8;0;35;31;42;54;41;0;50;49;38;0;38;0;20;20;22;29;0;29;0;0;0;30;21;0;32;13;31;0;0;7;1
01.04.2017;9;0;21;29;34;50;33;0;33;31;26;0;27;0;19;21;25;27;0;31;0;0;11;30;18;0;28;12;22;0;0;11;0
01.04.2017;10;0;16;30;34;40;31;0;28;30;28;0;27;0;18;26;23;16;0;18;0;1;12;23;19;0;27;17;19;0;0;12;2
01.04.2017;11;0;13;41;38;37;35;0;40;42;33;0;33;0;21;24;35;19;0;23;0;2;15;20;19;0;23;23;27;0;0;16;1
01.04.2017;12;0;17;30;48;55;44;0;35;35;25;0;25;0;22;19;29;11;0;16;0;3;17;30;22;0;32;14;28;0;0;23;2
01.04.2017;13;0;22;31;41;55;45;32;30;32;27;0;27;0;24;16;33;20;0;31;0;0;19;30;22;0;21;19;25;18;0;22;0
01.04.2017;14;0;20;32;42;53;48;33;20;37;29;0;21;0;17;16;25;21;0;31;0;0;26;30;29;0;32;24;21;10;0;12;1
01.04.2017;15;0;26;30;43;46;39;29;29;47;27;0;31;0;25;26;32;24;0;28;0;0;25;26;32;0;29;28;25;0;0;22;0
01.04.2017;16;0;28;40;43;50;39;30;33;41;31;0;45;0;26;49;13;33;0;34;0;1;8;31;29;0;24;26;23;0;0;23;0
01.04.2017;17;0;26;31;45;47;42;20;22;30;26;0;47;0;11;35;0;28;0;33;0;0;0;34;21;0;19;26;15;0;0;13;0
01.04.2017;18;0;17;40;42;44;38;24;21;30;36;0;41;0;9;34;0;30;0;32;0;1;0;34;21;0;20;18;12;0;0;16;0
01.04.2017;19;0;20;29;45;49;42;19;29;32;26;30;25;0;16;39;0;35;0;32;0;2;0;23;11;0;22;29;17;0;0;23;1
01.04.2017;20;1;31;38;44;57;42;27;34;26;29;45;21;0;8;36;0;47;0;45;0;1;0;24;9;0;23;9;22;0;0;17;0
01.04.2017;21;0;22;28;36;9;37;8;39;5;33;10;19;0;0;31;0;24;0;31;0;0;0;14;14;0;19;0;29;0;0;16;1
01.04.2017;22;0;26;22;24;0;30;0;38;0;34;0;32;0;0;32;0;24;0;28;0;0;0;10;17;0;14;0;27;0;0;14;0
01.04.2017;23;0;11;12;21;0;31;0;18;0;16;0;26;0;0;19;0;28;0;35;0;0;0;16;15;0;14;0;20;0;0;11;0
01.04.2017;24;0;5;11;19;0;26;0;13;0;17;0;7;0;0;19;0;8;0;15;0;0;0;13;13;0;14;0;20;0;0;12;0
02.04.2017;1;0;1;7;13;0;25;0;10;0;9;0;11;0;0;22;0;5;0;13;0;0;0;24;12;0;16;0;16;0;0;9;0
02.04.2017;2;0;1;5;22;0;17;0;11;0;7;0;9;0;0;15;0;10;0;20;0;0;0;17;12;0;19;0;18;0;0;12;0
02.04.2017;3;0;5;4;24;0;17;0;18;0;19;0;20;0;0;13;0;25;0;32;0;1;0;16;22;0;14;0;15;0;0;9;0
02.04.2017;4;0;8;18;37;1;28;1;22;1;28;3;31;0;0;30;0;28;5;41;10;0;0;14;22;0;19;0;27;0;0;8;0
02.04.2017;5;0;23;26;40;29;28;22;27;30;26;30;30;0;5;32;0;23;13;37;26;0;0;16;11;0;20;2;28;0;0;14;0
02.04.2017;6;0;33;33;44;45;32;30;29;34;25;32;23;0;17;30;0;21;2;22;12;1;0;21;5;0;25;11;26;0;0;12;0
02.04.2017;7;1;23;35;42;47;35;26;30;36;32;19;26;0;31;35;0;24;0;28;0;0;0;27;17;0;21;9;35;0;0;10;0
02.04.2017;8;0;31;32;43;48;40;26;36;35;25;0;26;0;18;20;17;21;0;33;0;0;0;25;16;0;31;10;30;0;0;8;0
02.04.2017;9;0;19;26;26;35;24;24;24;26;20;0;20;0;22;24;22;21;0;31;0;0;0;26;15;0;23;9;24;0;0;14;0
02.04.2017;10;0;21;30;41;42;33;26;26;37;25;0;26;0;21;32;21;20;0;22;0;1;0;22;21;0;25;20;16;0;0;20;1
02.04.2017;11;0;18;41;42;50;36;39;22;47;33;0;30;0;32;34;27;19;0;21;0;1;0;35;17;0;24;22;30;0;0;25;0
02.04.2017;12;0;19;35;42;42;31;35;22;37;27;0;26;0;19;29;19;23;0;22;0;0;12;28;23;0;26;19;24;0;0;22;0
02.04.2017;13;0;31;26;44;52;38;45;34;36;23;0;24;0;27;24;25;26;0;31;0;0;25;30;26;0;29;23;19;0;0;25;0
02.04.2017;14;0;24;38;36;52;40;33;26;39;30;0;19;0;21;20;17;17;0;33;0;0;25;30;29;0;37;20;20;0;0;19;0
02.04.2017;15;0;30;31;45;45;43;47;30;48;24;0;27;0;41;31;28;22;0;32;0;0;25;19;38;0;37;25;28;0;0;34;0
02.04.2017;16;0;31;29;48;46;46;37;33;43;28;0;21;0;21;34;25;26;0;31;0;1;16;22;22;0;25;22;29;0;0;19;0
02.04.2017;17;0;28;33;48;57;49;37;28;39;26;32;28;0;16;35;4;41;0;39;0;0;22;28;17;0;26;24;15;0;0;17;0
02.04.2017;18;0;17;41;45;47;39;22;17;34;34;35;22;0;12;33;0;38;0;42;0;1;19;28;15;0;27;16;15;0;0;16;0
02.04.2017;19;0;18;45;44;51;37;26;24;44;30;27;23;0;16;38;0;34;0;37;0;1;1;28;16;0;27;28;18;0;0;21;0
02.04.2017;20;0;22;38;41;49;33;30;32;37;24;41;28;0;10;44;0;45;0;43;0;1;0;25;16;0;27;15;27;0;0;25;0
02.04.2017;21;0;25;32;37;11;37;9;34;8;31;17;31;0;0;27;0;29;0;31;0;0;0;12;12;0;18;0;32;0;0;18;0
02.04.2017;22;0;27;22;22;0;35;0;40;0;33;0;34;0;0;32;0;26;0;22;0;0;0;13;15;0;22;0;26;0;0;14;0
02.04.2017;23;0;16;9;18;0;33;0;27;0;16;0;30;0;0;24;0;35;0;38;0;0;0;13;16;0;25;0;21;0;0;11;0
02.04.2017;24;0;8;7;18;0;20;0;18;0;12;0;9;0;0;11;0;15;0;20;0;0;0;12;12;0;12;0;17;0;0;8;0
03.04.2017;1;0;2;8;15;0;20;0;10;0;9;0;8;0;0;16;0;8;0;13;0;0;0;18;11;0;10;0;14;0;0;8;0
03.04.2017;2;0;1;1;25;0;19;0;9;0;8;0;7;0;0;16;0;12;0;17;0;0;0;13;12;0;17;0;14;0;0;9;0
03.04.2017;3;0;4;4;26;0;21;0;10;0;14;0;18;0;0;14;0;19;0;26;0;1;0;16;13;0;18;0;11;0;0;11;0
03.04.2017;4;0;8;18;26;0;31;0;19;0;27;0;22;0;0;24;0;31;0;41;0;0;0;14;15;0;25;0;17;0;0;8;2
03.04.2017;5;0;15;30;44;28;41;16;22;27;31;22;22;0;15;30;0;36;0;54;15;0;0;16;9;0;26;12;17;0;0;16;2
03.04.2017;6;0;39;44;45;50;42;28;36;49;37;40;31;0;15;27;0;25;0;29;14;1;0;21;6;0;37;14;22;0;0;21;2
03.04.2017;7;0;28;45;50;55;41;28;25;45;38;27;24;0;21;36;0;21;0;22;0;0;0;27;14;0;31;7;37;0;0;8;3
03.04.2017;8;0;30;30;46;58;47;33;28;34;25;31;19;0;22;43;6;32;0;39;0;0;0;28;17;0;35;9;34;0;0;18;4
03.04.2017;9;1;23;28;25;44;29;20;26;27;24;25;20;0;22;21;23;24;0;27;0;0;0;29;11;0;33;12;26;0;0;18;1
03.04.2017;10;1;18;35;33;40;39;25;22;37;30;21;18;0;30;30;24;17;0;22;0;2;0;21;20;0;29;18;23;0;0;23;4
03.04.2017;11;0;15;35;38;47;38;36;17;41;28;15;17;0;26;28;34;16;0;23;0;2;0;23;18;0;27;13;27;0;0;25;3
03.04.2017;12;0;22;31;40;47;36;27;28;38;30;8;22;0;21;25;27;19;0;18;0;2;13;25;10;1;26;18;25;7;0;21;1
03.04.2017;13;0;26;27;44;61;41;36;28;33;27;0;28;0;17;22;22;25;0;29;0;0;21;27;12;6;16;20;22;20;0;10;0
03.04.2017;14;0;25;33;40;69;42;36;27;34;27;0;36;0;17;23;11;23;0;27;0;0;33;28;14;12;20;18;18;15;0;13;0
03.04.2017;15;0;30;38;41;54;42;42;34;44;37;19;37;0;27;26;24;32;0;38;0;1;25;21;16;17;25;31;26;18;0;23;1
03.04.2017;16;0;30;29;44;52;43;40;37;43;23;44;29;0;28;27;27;38;0;43;0;0;19;20;21;3;27;28;23;9;0;15;0
03.04.2017;17;1;35;35;39;50;34;34;33;40;29;47;27;0;16;19;17;34;0;31;0;0;15;21;15;0;28;20;14;0;0;16;1
03.04.2017;18;0;21;41;49;46;43;23;23;30;34;41;29;0;8;25;1;40;0;43;0;2;10;15;17;0;24;21;10;0;0;15;0
03.04.2017;19;0;16;36;52;50;41;24;22;33;25;48;36;0;8;25;0;46;0;41;0;1;16;18;10;0;25;27;14;0;0;18;0
03.04.2017;20;2;29;35;45;44;37;21;26;28;22;50;41;0;10;30;0;50;0;50;0;1;4;21;6;0;26;16;26;0;0;14;0
03.04.2017;21;2;24;27;30;13;34;9;23;10;18;19;33;0;0;21;0;33;0;37;0;0;0;16;10;0;17;0;22;0;0;10;0
03.04.2017;22;0;22;30;22;0;24;0;18;0;32;0;33;0;0;17;0;29;0;28;0;0;0;8;11;0;18;0;30;0;0;8;0
03.04.2017;23;0;13;11;23;0;25;0;11;0;9;0;34;0;0;17;0;30;0;31;0;0;0;13;14;0;18;0;16;0;0;17;0
03.04.2017;24;0;10;9;15;0;17;0;12;0;14;0;11;0;0;16;0;13;0;24;0;0;0;7;9;0;13;0;19;0;0;9;0
04.04.2017;1;0;3;7;10;0;20;0;10;0;11;0;7;0;0;17;0;6;0;13;0;0;0;24;6;0;12;0;17;0;0;3;0
04.04.2017;2;0;1;3;15;0;26;0;8;0;9;0;11;0;0;14;0;12;0;23;0;0;0;20;8;0;22;0;15;0;0;9;0
04.04.2017;3;0;4;5;25;0;30;0;15;0;10;0;16;0;0;12;0;21;0;26;0;1;0;20;11;0;13;0;13;0;0;7;0
04.04.2017;4;0;6;20;31;5;34;4;13;1;15;7;27;0;0;27;0;21;17;33;14;0;0;16;16;0;17;0;20;0;0;13;0
04.04.2017;5;0;23;32;38;30;33;16;22;30;21;35;28;0;6;25;0;28;19;28;16;0;0;14;12;0;19;9;21;0;0;14;0
04.04.2017;6;0;28;39;44;51;43;19;26;41;27;32;34;0;14;26;0;19;3;25;6;1;0;21;7;0;36;14;20;0;0;14;1
04.04.2017;7;0;28;42;38;45;39;21;35;39;38;30;27;0;26;34;0;20;0;24;0;0;1;24;17;0;25;12;40;0;0;9;1
04.04.2017;8;1;32;28;39;49;41;27;28;39;35;26;25;0;17;20;20;24;0;33;0;0;3;23;21;0;21;17;26;0;0;11;1
04.04.2017;9;0;27;31;30;45;34;23;31;31;37;27;23;0;23;18;26;24;0;33;0;0;6;24;14;0;29;12;29;5;0;12;8
04.04.2017;10;0;22;24;32;40;35;22;18;31;23;20;18;0;38;29;31;17;0;21;0;1;12;17;12;11;17;20;24;18;0;22;2
04.04.2017;11;0;22;35;38;50;34;34;27;37;32;29;21;0;30;26;30;17;0;18;0;1;15;26;12;18;19;21;27;15;0;33;0
04.04.2017;12;0;13;31;44;48;41;30;24;40;24;24;12;0;21;22;30;16;0;19;0;3;19;34;19;7;18;27;22;10;0;18;2
04.04.2017;13;0;28;30;41;58;49;28;28;34;23;22;14;0;35;21;22;23;0;34;0;0;20;34;16;4;14;21;21;20;0;17;1
04.04.2017;14;0;19;30;46;57;54;26;23;31;25;20;8;0;20;15;18;20;0;37;0;0;24;32;14;13;22;17;18;22;0;21;2
04.04.2017;15;0;25;29;40;52;41;32;33;45;25;28;15;0;29;22;28;28;0;27;0;0;17;30;15;12;27;32;35;18;0;23;3
04.04.2017;16;0;26;35;49;56;47;32;38;39;26;32;20;0;31;33;22;31;0;37;0;0;18;23;23;2;20;25;22;14;0;19;3
04.04.2017;17;1;26;32;51;62;51;33;30;32;25;41;22;0;13;33;1;36;0;37;0;0;20;22;15;0;26;30;11;0;0;16;3
04.04.2017;18;0;31;41;47;56;47;31;30;35;34;34;18;0;7;28;0;37;0;36;0;1;15;25;11;0;25;35;8;0;0;12;2
04.04.2017;19;0;20;31;50;50;55;20;23;31;28;32;15;0;17;39;0;36;0;34;0;1;0;24;5;0;22;21;14;0;0;22;1
04.04.2017;20;1;25;37;51;50;54;25;29;30;33;42;21;0;0;40;0;48;0;42;0;1;0;23;10;0;24;16;22;0;0;21;0
04.04.2017;21;0;18;27;34;11;36;6;31;7;30;14;20;0;0;27;0;29;0;34;0;0;0;14;13;0;20;0;23;0;0;18;1
04.04.2017;22;0;27;14;25;0;31;0;37;0;27;0;25;0;0;25;0;24;0;30;0;0;0;10;9;0;24;0;30;0;0;11;2
04.04.2017;23;0;10;15;17;0;27;0;15;0;12;0;21;0;0;21;0;24;0;33;0;0;0;8;12;0;17;0;14;0;0;10;0
04.04.2017;24;0;8;4;11;0;22;0;16;0;7;0;9;0;0;14;0;9;0;17;0;0;0;6;6;0;17;0;11;0;0;7;0
05.04.2017;1;0;2;9;11;0;22;0;8;0;9;0;10;0;0;16;0;6;0;11;0;0;0;20;7;0;17;0;18;0;0;6;0
05.04.2017;2;0;1;1;22;0;22;0;13;0;11;0;11;0;0;15;0;14;0;23;0;0;0;14;16;0;16;0;23;0;0;10;0
05.04.2017;3;0;2;8;28;0;17;0;15;0;19;0;25;0;0;13;0;24;0;27;0;1;0;11;23;0;13;0;21;0;0;14;0
05.04.2017;4;0;7;18;30;7;24;5;24;7;23;8;25;0;0;30;0;34;0;44;7;0;0;12;24;0;17;0;24;0;0;17;0
05.04.2017;5;0;26;28;35;30;32;30;31;41;30;32;21;0;6;26;0;33;20;38;16;0;0;15;17;0;19;2;26;0;0;13;0
05.04.2017;6;0;31;35;44;50;36;29;35;42;28;31;19;0;14;25;0;29;6;25;5;1;0;20;7;0;30;12;21;6;0;12;1
05.04.2017;7;0;24;34;41;52;44;21;23;37;24;22;16;0;22;35;0;29;0;32;0;0;0;25;15;0;12;15;35;13;0;7;5
05.04.2017;8;0;34;35;45;49;43;33;40;45;26;32;22;0;18;29;21;29;0;32;0;0;0;27;24;1;14;16;34;15;0;16;2
05.04.2017;9;0;24;26;33;40;26;20;25;30;21;25;21;0;21;24;28;25;0;33;0;0;0;31;17;9;18;16;28;14;0;15;1
05.04.2017;10;0;14;30;33;41;27;22;17;35;25;27;24;0;27;24;35;22;0;25;0;1;2;27;12;9;18;25;23;13;0;25;1
05.04.2017;11;0;16;37;33;39;29;33;18;43;29;18;13;0;29;23;25;17;0;19;0;1;10;20;12;11;13;27;29;16;0;28;1
05.04.2017;12;0;30;33;45;47;42;35;31;39;28;15;10;0;24;27;24;14;0;14;0;0;13;28;16;13;20;17;23;12;0;23;2
05.04.2017;13;0;24;26;40;54;37;32;27;32;26;21;9;0;20;19;25;25;0;32;0;0;13;29;14;5;14;22;18;18;0;16;0
05.04.2017;14;0;22;27;42;51;41;29;27;33;21;21;20;0;18;18;17;26;0;32;0;0;24;33;17;2;20;17;13;17;0;15;2
05.04.2017;15;0;37;36;41;54;38;33;40;47;35;35;20;0;24;25;28;32;0;26;0;2;23;21;26;0;27;32;28;17;0;26;2
05.04.2017;16;1;23;38;51;62;49;31;34;37;32;38;24;0;21;29;22;37;0;37;0;1;11;32;21;0;34;23;27;5;0;17;1
05.04.2017;17;0;31;33;49;59;45;34;38;36;26;35;28;0;15;35;18;34;0;37;0;0;0;39;20;0;28;25;18;0;0;17;2
05.04.2017;18;0;25;39;48;53;36;22;27;26;38;40;26;0;9;29;1;41;0;41;0;1;0;34;15;0;28;18;9;0;0;17;1
05.04.2017;19;0;24;35;48;60;43;28;33;40;33;35;15;0;10;34;0;29;0;33;0;1;0;35;8;0;27;27;20;0;0;17;0
05.04.2017;20;0;26;42;43;54;44;32;35;27;34;45;22;0;10;41;0;42;0;45;0;1;0;26;13;0;33;13;26;0;0;18;0
05.04.2017;21;0;21;31;42;21;47;14;29;11;28;15;20;0;0;27;0;27;0;36;0;0;0;19;13;0;27;0;29;0;0;15;0
05.04.2017;22;0;26;22;25;0;30;0;35;0;23;0;36;0;0;24;0;27;0;31;0;0;0;7;8;0;15;0;27;0;0;9;0
05.04.2017;23;0;11;13;13;0;25;0;18;0;13;0;25;0;0;18;0;24;0;34;0;0;0;10;13;0;17;0;19;0;0;10;1
05.04.2017;24;0;6;4;14;0;20;0;9;0;9;0;12;0;0;12;0;10;0;17;0;0;0;10;5;0;13;0;17;0;0;4;1
06.04.2017;1;0;4;5;11;0;25;0;7;0;7;0;11;0;0;15;0;12;0;14;0;0;0;21;4;0;10;0;11;0;0;6;1
06.04.2017;2;0;2;3;23;0;29;0;16;0;17;0;17;0;0;16;0;19;0;26;0;0;0;17;20;0;14;0;28;0;0;16;0
06.04.2017;3;0;2;12;21;0;16;0;16;0;23;0;27;0;0;16;0;27;0;34;0;1;0;18;32;0;12;0;24;0;0;10;0
06.04.2017;4;0;8;19;32;6;32;5;23;6;22;14;26;0;3;24;0;30;7;37;13;0;0;18;21;0;17;6;23;0;0;9;1
06.04.2017;5;0;21;29;38;28;35;25;26;24;14;42;28;0;17;28;0;23;17;37;28;0;0;10;11;0;25;13;15;0;0;14;4
06.04.2017;6;0;35;38;48;51;41;34;42;50;29;44;33;0;11;28;0;26;4;22;17;1;0;23;10;0;27;18;23;0;0;14;1
06.04.2017;7;0;30;41;45;61;43;25;39;40;34;30;21;0;24;43;0;33;0;30;0;0;0;35;15;0;26;16;35;0;0;5;4
06.04.2017;8;0;40;36;43;57;48;30;43;41;34;31;24;0;14;34;6;29;0;36;0;1;0;33;15;0;32;12;30;0;0;9;5
06.04.2017;9;0;23;30;28;47;35;18;25;35;31;27;20;0;19;19;32;24;0;31;0;0;0;39;14;0;32;12;30;0;0;12;1
06.04.2017;10;0;17;35;35;33;28;26;29;39;30;19;19;0;26;27;26;19;0;26;0;3;0;26;25;0;31;28;19;0;0;22;3
06.04.2017;11;1;19;33;34;42;25;36;30;41;29;26;23;0;27;28;22;21;0;28;0;1;3;25;17;0;36;26;27;0;0;27;3
06.04.2017;12;0;22;33;51;61;51;25;29;32;23;26;18;0;16;19;17;25;0;22;0;1;17;30;16;0;29;19;24;1;0;14;2
06.04.2017;13;0;31;25;45;59;40;31;33;37;26;27;10;0;25;23;20;27;0;31;0;0;20;32;17;0;15;18;19;8;0;17;2
06.04.2017;14;0;28;31;43;57;41;45;34;39;25;29;12;0;19;29;16;24;0;33;0;0;31;25;25;0;17;25;19;8;0;18;3
06.04.2017;15;0;34;36;47;56;41;52;46;58;33;33;21;0;25;30;28;39;0;40;0;0;24;26;26;0;27;33;35;15;0;24;2
06.04.2017;16;0;31;38;43;49;42;40;38;41;33;32;25;0;17;27;29;30;0;38;0;1;8;33;19;0;26;22;27;6;0;13;1
06.04.2017;17;1;22;31;49;50;46;27;24;37;26;44;23;0;10;34;5;41;0;46;0;0;0;33;13;0;29;28;18;0;0;8;4
06.04.2017;18;1;18;36;41;47;34;22;25;30;36;35;20;0;9;28;0;42;0;46;0;1;0;37;12;0;29;19;11;0;0;14;2
06.04.2017;19;0;25;33;48;46;44;31;31;36;28;38;21;0;13;39;0;32;0;27;0;1;0;27;6;0;34;26;18;0;0;18;1
06.04.2017;20;0;38;35;49;69;52;28;42;25;25;45;11;0;5;36;0;46;0;43;0;1;0;31;7;0;29;1;31;0;0;15;5
06.04.2017;21;0;25;29;34;31;46;9;31;12;20;24;24;0;0;19;0;32;0;35;0;0;0;20;10;0;27;0;17;0;0;11;0
06.04.2017;22;0;26;19;24;0;43;0;36;0;25;0;38;0;0;20;0;30;0;34;0;0;0;13;5;0;32;0;28;0;0;8;0
06.04.2017;23;0;11;12;18;0;32;0;18;0;11;0;31;0;0;14;0;33;0;42;0;1;0;12;8;0;26;0;14;0;0;5;0
06.04.2017;24;0;3;4;11;0;17;0;11;0;11;0;8;0;0;10;0;10;0;27;0;1;0;5;8;0;16;0;14;0;0;6;0
07.04.2017;1;0;5;7;10;0;21;0;10;0;10;0;12;0;0;18;0;9;0;10;0;0;0;21;9;0;6;0;20;0;0;8;0
07.04.2017;2;0;1;3;20;0;25;0;15;0;19;0;14;0;0;21;0;21;0;29;0;0;0;13;30;0;13;0;29;0;0;18;0
07.04.2017;3;0;2;9;25;0;19;0;12;0;15;0;30;0;0;21;0;33;0;35;0;1;0;18;28;0;13;0;19;0;0;11;0
07.04.2017;4;0;7;19;30;1;32;2;23;0;30;6;28;0;0;25;0;33;0;46;7;0;0;20;21;0;15;0;27;0;0;13;0
07.04.2017;5;0;21;33;39;29;32;21;22;32;31;31;19;0;16;24;0;30;0;48;23;0;0;15;8;0;19;5;21;0;0;14;0
07.04.2017;6;1;30;45;50;50;34;34;40;47;34;34;23;0;15;27;0;25;0;22;12;1;0;21;6;0;25;13;27;0;0;14;0
07.04.2017;7;0;19;39;42;48;35;30;31;42;32;20;15;0;27;34;0;23;0;33;0;0;0;28;17;0;24;10;39;0;0;10;1
07.04.2017;8;1;33;35;44;59;37;27;39;44;26;28;34;0;22;23;20;32;0;35;0;0;0;30;16;0;34;12;38;0;0;5;2
07.04.2017;9;0;31;35;28;52;30;26;32;35;32;0;33;0;37;21;39;31;0;34;0;0;0;29;27;0;32;18;32;0;0;23;2
07.04.2017;10;0;18;30;35;38;26;19;21;31;24;0;24;0;34;27;31;18;0;22;0;1;0;27;29;0;30;17;20;0;0;24;2
07.04.2017;11;0;19;39;37;47;26;44;34;45;41;0;23;0;36;22;29;15;0;19;0;0;0;41;35;0;28;22;30;0;0;32;2
07.04.2017;12;0;25;36;47;50;41;34;30;32;32;0;31;0;37;23;28;27;0;21;0;1;0;38;22;0;28;18;24;0;0;18;5
07.04.2017;13;0;27;28;47;69;42;39;30;34;24;0;35;0;26;21;23;26;0;33;0;1;7;45;25;0;31;23;17;0;0;23;4
07.04.2017;14;0;18;34;43;59;42;37;16;32;27;0;32;0;10;18;14;29;0;38;0;1;20;35;29;0;37;23;19;0;0;13;1
07.04.2017;15;0;31;38;44;77;48;34;38;44;30;27;38;0;28;28;31;31;0;43;0;0;25;33;30;0;48;34;34;0;0;30;4
07.04.2017;16;0;34;39;47;57;43;32;38;47;27;31;31;0;31;40;30;32;0;44;0;1;16;31;24;0;36;28;28;0;0;27;2
07.04.2017;17;0;39;33;50;66;55;35;36;31;29;0;47;0;14;35;0;41;0;41;0;1;15;34;20;0;35;20;18;0;0;20;1
07.04.2017;18;0;29;43;47;57;52;22;27;28;36;0;47;0;11;41;0;45;0;48;0;1;1;30;17;0;30;18;15;0;0;15;1
07.04.2017;19;0;20;44;39;47;35;16;19;34;40;31;29;0;12;37;0;29;0;34;0;1;0;28;6;0;32;22;17;0;0;17;3
07.04.2017;20;0;23;38;46;60;44;17;28;29;33;46;24;0;0;39;0;46;0;48;0;2;0;34;5;0;34;0;35;0;0;14;0
07.04.2017;21;0;24;28;36;25;46;13;34;11;37;14;20;0;0;24;0;25;0;34;0;0;0;18;13;0;26;0;30;0;0;12;1
07.04.2017;22;0;25;24;23;0;37;0;25;0;35;0;36;0;0;29;0;26;0;29;0;0;0;17;8;0;23;0;34;0;0;9;1
07.04.2017;23;0;14;14;21;0;29;0;18;0;20;0;29;0;0;14;0;28;0;37;0;0;0;14;11;0;17;0;16;0;0;5;0
07.04.2017;24;0;5;6;17;0;24;0;12;0;11;0;10;0;0;11;0;9;0;18;0;0;0;13;13;0;17;0;17;0;0;10;0
08.04.2017;1;0;3;5;14;0;20;0;12;0;11;0;6;0;0;18;0;7;0;10;0;0;0;21;12;0;9;0;18;0;0;11;0
08.04.2017;2;0;2;3;30;0;35;0;21;0;18;0;9;0;0;20;0;10;0;18;0;0;0;19;31;0;15;0;29;0;0;26;0
08.04.2017;3;0;2;10;28;0;20;0;17;0;22;0;17;0;0;26;0;24;0;28;0;1;0;21;37;0;14;0;20;0;0;17;0
08.04.2017;4;0;3;20;27;0;34;0;17;0;35;0;24;0;0;31;0;26;5;36;10;0;0;24;30;0;17;0;30;0;0;14;0
08.04.2017;5;0;12;36;33;32;33;13;18;25;28;31;30;0;5;20;0;23;15;34;21;0;0;18;17;0;25;5;24;0;0;8;0
08.04.2017;6;0;29;39;40;46;33;26;36;40;30;34;20;0;14;27;0;24;12;29;16;1;0;22;9;0;26;10;19;0;0;11;1
08.04.2017;7;0;24;37;39;48;31;25;27;33;26;33;27;0;21;32;3;25;2;29;0;0;0;20;13;0;21;10;30;0;0;6;3
08.04.2017;8;0;34;32;46;49;47;35;40;48;24;0;35;0;21;20;24;30;0;36;0;0;0;24;18;0;25;19;32;0;0;9;1
08.04.2017;9;0;25;27;49;46;42;24;31;41;27;0;33;0;23;26;30;27;0;35;0;0;0;32;23;0;28;19;34;0;0;17;3
08.04.2017;10;0;20;33;44;49;34;25;24;39;28;0;36;0;29;29;26;21;0;27;0;1;0;30;22;0;31;27;21;0;0;15;1
08.04.2017;11;0;18;41;36;48;24;38;27;46;35;0;34;0;30;28;29;21;0;26;0;2;0;27;20;0;31;27;28;0;0;22;1
08.04.2017;12;0;20;35;50;61;50;33;31;43;27;0;35;0;23;26;27;16;0;15;0;0;3;41;23;0;28;22;23;0;0;16;2
08.04.2017;13;0;26;27;40;54;37;36;30;27;17;0;29;0;26;19;27;21;0;25;0;0;12;23;22;0;30;18;22;0;0;19;2
08.04.2017;14;0;23;25;34;52;45;26;30;28;28;0;23;0;18;20;13;30;0;29;0;0;15;32;16;0;25;20;19;0;0;18;1
08.04.2017;15;0;25;29;41;55;40;40;33;50;28;0;32;0;29;28;22;28;0;31;0;0;17;30;21;0;35;23;39;0;0;25;0
08.04.2017;16;0;28;35;41;57;40;27;33;47;32;0;26;0;24;30;26;27;0;39;0;1;19;36;22;0;34;25;28;0;0;19;1
08.04.2017;17;0;24;29;41;41;42;30;27;39;26;0;31;0;12;36;12;28;0;34;0;0;19;23;19;0;29;26;20;0;0;17;0
08.04.2017;18;0;15;38;50;54;45;20;16;18;27;26;23;0;9;32;0;28;0;29;0;1;11;27;18;0;24;16;9;0;0;12;0
08.04.2017;19;0;18;29;47;46;40;21;28;30;21;30;17;0;13;35;0;31;0;29;0;1;0;29;8;0;26;26;12;0;0;16;0
08.04.2017;20;0;22;32;49;50;42;22;32;23;20;36;28;0;2;35;0;43;0;42;0;1;0;26;4;0;28;8;19;0;0;22;0
08.04.2017;21;0;18;21;32;0;29;0;33;0;27;0;22;0;0;23;0;30;0;37;0;0;0;13;11;0;22;0;23;0;0;13;0
08.04.2017;22;0;25;22;24;0;27;0;35;0;29;0;31;0;0;25;0;30;0;33;0;0;0;11;9;0;14;0;26;0;0;10;0
08.04.2017;23;0;12;17;18;0;29;0;17;0;12;0;27;0;0;18;0;28;0;31;0;0;0;15;8;0;18;0;23;0;0;7;0
08.04.2017;24;0;2;8;14;0;18;0;12;0;11;0;7;0;0;11;0;9;0;18;0;0;0;11;9;0;16;0;15;0;0;6;0
09.04.2017;1;0;4;7;12;0;23;0;12;0;7;0;8;0;0;19;0;5;0;13;0;0;0;23;10;0;9;0;19;0;0;8;0
09.04.2017;2;0;4;5;24;0;22;0;20;0;21;0;14;0;0;20;0;16;0;30;0;0;0;18;26;0;18;0;30;0;0;19;0
09.04.2017;3;0;3;8;26;0;20;0;15;0;16;0;19;0;0;17;0;22;0;32;0;1;0;22;32;0;14;0;21;0;0;18;0
09.04.2017;4;0;6;14;32;0;21;0;21;0;26;0;22;0;0;32;0;34;0;44;0;0;0;18;32;0;15;0;19;0;0;21;0
09.04.2017;5;0;20;24;38;26;20;21;35;24;21;22;21;0;13;25;0;50;0;45;0;0;0;16;11;0;21;4;12;0;0;12;0
09.04.2017;6;0;29;34;43;41;32;25;32;48;31;27;18;0;16;28;0;30;0;24;0;1;0;16;4;0;24;13;25;0;0;10;0
09.04.2017;7;0;19;32;44;45;46;28;26;28;25;0;17;0;23;34;0;21;0;29;0;0;0;29;13;0;27;5;28;0;0;7;1
09.04.2017;8;0;36;32;41;50;41;34;45;30;26;0;38;0;17;28;12;27;0;33;0;0;0;31;18;0;35;9;31;0;0;10;2
09.04.2017;9;0;18;26;31;38;31;30;25;24;19;0;15;0;26;28;28;20;0;31;0;0;0;27;19;0;30;10;25;0;0;17;0
09.04.2017;10;0;12;29;43;39;45;23;16;29;21;0;22;0;34;31;26;18;0;26;0;2;0;30;24;0;26;16;19;0;0;26;0
09.04.2017;11;0;13;37;39;41;36;39;18;32;33;0;22;0;27;32;25;16;0;22;0;1;1;39;27;0;26;24;26;2;0;29;0
09.04.2017;12;0;16;37;46;50;44;31;24;35;30;0;27;0;21;22;14;19;0;15;0;0;15;27;23;0;17;20;23;7;0;16;0
09.04.2017;13;1;25;27;42;51;39;37;35;28;21;0;33;0;18;19;21;33;0;33;0;0;17;25;25;4;17;24;22;12;0;21;0
09.04.2017;14;0;22;29;45;55;45;30;32;34;32;0;20;0;25;26;20;24;0;36;0;0;23;25;14;14;21;19;18;19;0;19;1
09.04.2017;15;0;28;28;45;58;56;38;40;43;26;0;33;0;34;23;30;24;0;24;0;0;15;28;13;16;28;21;28;21;0;28;0
09.04.2017;16;0;30;32;48;46;41;36;40;46;33;26;25;0;26;31;21;25;0;35;0;1;14;31;16;1;23;19;28;20;0;14;0
09.04.2017;17;0;29;33;44;51;38;26;34;36;24;51;35;0;15;32;12;42;0;48;0;0;11;26;17;0;18;26;15;20;0;12;1
09.04.2017;18;0;22;43;48;48;40;27;31;33;34;41;30;0;12;32;0;35;0;40;0;1;13;19;16;0;18;16;11;11;0;12;0
09.04.2017;19;0;19;43;40;50;36;25;26;39;32;29;23;0;14;38;0;27;0;34;0;1;17;16;9;0;31;29;13;0;0;17;0
09.04.2017;20;0;25;41;46;48;40;25;38;28;18;46;35;0;3;40;0;45;0;45;0;1;5;19;7;0;25;14;20;0;0;17;0
09.04.2017;21;0;25;33;34;18;32;14;26;14;31;16;29;0;0;27;0;27;0;28;0;0;0;16;11;0;24;0;30;0;0;13;0
09.04.2017;22;0;18;20;31;0;41;0;30;0;27;0;34;0;0;27;0;26;0;29;0;0;0;14;7;0;18;0;26;0;0;9;0
09.04.2017;23;0;16;11;26;0;42;0;26;0;12;0;30;0;0;25;0;30;0;38;0;0;0;15;13;0;19;0;18;0;0;13;0
09.04.2017;24;0;11;9;14;0;27;0;15;0;11;0;9;0;0;15;0;9;0;19;0;0;0;10;7;0;16;0;12;0;0;8;0
10.04.2017;1;0;4;8;16;0;27;0;11;0;10;0;12;0;0;20;0;11;0;19;0;0;0;19;12;0;8;0;17;0;0;9;0
10.04.2017;2;0;3;7;28;0;28;0;18;0;20;0;21;0;0;24;0;21;0;34;0;0;0;20;27;0;14;0;30;0;0;18;0
10.04.2017;3;0;2;12;29;0;22;0;13;0;16;0;31;0;0;21;0;28;0;36;0;1;0;22;28;0;12;0;13;0;0;17;0
10.04.2017;4;0;7;18;27;1;29;1;18;1;22;4;26;0;0;25;0;27;15;33;11;0;0;21;20;0;18;0;21;0;0;12;0
10.04.2017;5;0;20;29;39;29;29;22;30;34;27;30;19;0;5;23;0;35;15;31;16;0;0;17;13;0;22;2;20;0;0;14;0
10.04.2017;6;0;31;39;47;50;36;28;37;51;36;28;21;0;14;28;0;26;3;24;8;1;0;23;7;0;31;14;24;0;0;13;3
10.04.2017;7;0;24;42;44;55;38;25;35;42;39;30;18;0;22;35;0;24;0;28;0;0;0;27;15;0;31;6;38;0;0;7;1
10.04.2017;8;0;25;23;45;55;44;22;34;33;23;29;15;0;18;20;24;20;0;37;10;0;0;26;14;6;24;11;28;19;0;10;0
10.04.2017;9;0;29;34;30;51;35;22;31;35;35;34;23;0;23;25;20;19;0;32;11;0;10;34;13;14;20;20;24;14;0;17;0
10.04.2017;10;0;16;37;32;37;30;23;24;41;34;24;16;0;32;31;26;17;0;23;0;2;10;22;17;15;9;22;29;10;0;24;2
10.04.2017;11;0;16;39;35;43;30;37;30;48;37;28;17;0;26;37;29;19;0;21;0;0;14;18;17;10;18;27;31;9;0;22;1
10.04.2017;12;0;21;33;44;50;39;33;25;34;27;24;17;0;26;22;22;21;0;24;0;1;13;33;14;9;23;25;22;12;0;20;3
10.04.2017;13;0;20;28;47;60;49;29;27;26;25;29;20;0;23;21;22;31;0;34;0;0;15;34;15;10;20;22;19;17;0;22;2
10.04.2017;14;1;29;30;43;60;43;28;34;27;26;25;19;0;16;19;15;25;0;31;0;0;21;34;11;9;25;21;17;17;0;16;0
10.04.2017;15;0;30;31;46;68;49;31;34;48;26;37;14;0;24;27;25;29;0;34;0;1;21;25;9;17;21;35;26;12;0;30;5
10.04.2017;16;0;29;34;48;45;42;30;35;34;27;33;22;0;16;31;15;30;0;36;0;1;13;26;21;12;24;16;21;10;0;18;4
10.04.2017;17;0;27;30;40;52;41;23;31;33;27;37;24;0;13;33;0;35;0;37;0;0;14;24;13;0;22;24;15;8;0;12;0
10.04.2017;18;0;19;34;48;51;41;18;22;15;19;38;27;0;8;21;0;36;0;34;0;1;11;21;13;0;27;16;9;0;0;10;0
10.04.2017;19;0;11;34;40;41;34;16;14;27;20;34;28;0;8;31;0;28;0;33;0;1;5;24;7;0;30;27;9;0;0;13;0
10.04.2017;20;1;23;35;49;58;47;21;28;24;20;43;28;0;0;29;0;43;0;50;0;1;0;28;4;0;29;18;16;0;0;14;0
10.04.2017;21;0;23;21;29;16;39;6;35;5;29;13;22;0;0;20;0;25;0;31;0;0;0;15;10;0;20;0;22;0;0;10;0
10.04.2017;22;0;23;23;20;0;31;0;30;0;26;0;24;0;0;21;0;24;0;26;0;0;0;12;6;0;18;0;24;0;0;8;0
10.04.2017;23;0;11;13;21;0;26;0;17;0;13;0;24;0;0;14;0;25;0;33;0;0;0;9;4;0;17;0;14;0;0;6;0
10.04.2017;24;0;5;6;15;0;19;0;9;0;14;0;8;0;0;8;0;8;0;14;0;0;0;8;3;0;16;0;19;0;0;2;0
11.04.2017;1;0;2;5;11;0;20;0;9;0;10;0;6;0;0;13;0;8;0;11;0;0;0;14;9;0;8;0;17;0;0;5;0
11.04.2017;2;0;2;4;23;0;29;0;12;0;8;0;17;0;0;13;0;20;0;19;0;0;0;15;16;0;9;0;24;0;0;17;0
11.04.2017;3;0;3;7;22;0;19;0;17;0;12;0;19;0;0;21;0;26;0;32;0;1;0;15;24;0;13;0;23;0;0;21;0
11.04.2017;4;0;5;18;26;3;24;3;16;7;27;4;23;0;0;27;0;35;0;49;3;0;0;17;24;0;13;0;30;0;0;16;0
11.04.2017;5;0;21;30;45;34;32;28;29;33;27;30;26;0;5;23;0;28;0;46;19;0;0;16;11;0;20;4;23;0;0;11;0
11.04.2017;6;1;31;40;42;50;29;28;35;44;32;30;18;0;14;22;0;25;0;28;7;1;2;20;7;0;28;15;20;7;0;11;0
11.04.2017;7;0;26;44;42;57;42;27;29;42;33;31;19;0;24;34;4;24;0;34;0;0;6;25;17;0;11;9;41;15;0;9;1
11.04.2017;8;0;34;30;40;49;41;23;33;38;20;29;21;0;17;20;24;24;0;33;0;0;2;29;16;0;13;14;36;14;0;9;3
11.04.2017;9;0;21;35;30;37;22;10;21;27;26;29;16;0;20;16;30;28;0;30;0;0;0;28;8;0;12;17;24;13;0;14;0
11.04.2017;10;0;18;24;28;40;24;23;19;34;23;16;12;0;28;27;29;15;0;19;0;2;2;27;11;7;12;20;20;16;0;20;1
11.04.2017;11;0;14;37;42;48;42;35;19;48;33;19;13;0;25;29;26;17;0;24;0;1;11;20;15;10;18;28;25;15;0;23;9
11.04.2017;12;0;16;27;41;43;37;26;23;33;27;14;9;0;16;18;27;15;0;20;0;0;18;23;15;7;18;18;18;9;0;15;3
11.04.2017;13;0;24;23;47;54;45;27;28;29;19;22;21;0;27;21;28;25;0;31;0;0;19;20;14;2;12;20;22;11;0;14;3
11.04.2017;14;0;23;33;44;55;47;36;28;41;30;22;19;0;15;24;10;26;0;30;0;0;19;26;32;0;18;21;21;12;0;23;4
11.04.2017;15;0;31;32;41;53;34;30;41;45;28;40;24;0;24;44;12;34;0;35;0;0;20;24;24;0;25;36;28;18;0;22;5
11.04.2017;16;0;30;33;34;53;39;26;33;37;30;25;19;0;25;33;23;28;0;32;0;1;14;30;15;0;18;22;25;15;0;18;2
11.04.2017;17;1;23;34;50;59;51;16;29;35;29;45;24;0;12;32;4;42;0;39;0;0;14;28;9;0;20;25;12;22;0;12;0
11.04.2017;18;0;16;37;53;58;56;0;35;23;31;36;26;0;11;35;0;35;0;44;0;1;16;25;10;0;26;17;9;11;0;16;1
11.04.2017;19;0;15;32;54;56;53;19;26;36;26;32;21;0;14;38;0;29;0;34;0;1;1;36;7;0;31;27;9;0;0;21;3
11.04.2017;20;1;19;38;53;50;52;27;23;31;18;44;37;0;7;32;0;36;0;36;0;1;0;23;12;0;30;13;21;0;0;18;1
11.04.2017;21;0;20;25;34;3;45;3;37;4;29;8;26;0;0;27;0;26;0;37;0;0;0;15;12;0;30;0;24;0;0;16;0
11.04.2017;22;0;20;17;24;0;32;0;29;0;22;0;21;0;0;22;0;22;0;28;0;0;0;11;8;0;22;0;22;0;0;13;0
11.04.2017;23;0;15;14;16;0;25;0;18;0;12;0;23;0;0;12;0;25;0;37;0;0;0;11;8;0;21;0;20;0;0;10;1
11.04.2017;24;0;2;5;11;0;21;0;7;0;8;0;5;0;0;11;0;5;0;16;0;0;0;9;3;0;18;0;18;0;0;4;0
12.04.2017;1;0;5;9;13;0;29;0;10;0;9;0;9;0;0;18;0;6;0;7;0;0;0;18;5;0;8;0;17;0;0;6;0
12.04.2017;2;0;1;3;20;0;24;0;13;0;12;0;18;0;0;22;0;20;0;32;0;0;0;14;21;0;14;0;18;0;0;16;0
12.04.2017;3;0;4;7;26;0;21;0;15;0;22;0;32;0;0;16;0;29;0;34;0;1;0;18;24;0;12;0;19;0;0;8;0
12.04.2017;4;0;8;18;30;8;30;7;20;14;30;13;30;0;5;27;0;32;7;41;7;0;0;21;19;0;17;12;18;0;0;11;0
12.04.2017;5;0;26;30;43;40;29;30;32;42;29;36;23;0;14;22;0;26;13;37;18;1;0;15;10;0;23;14;12;0;0;10;0
12.04.2017;6;0;30;32;51;49;38;32;34;44;26;31;24;0;12;28;0;22;13;17;11;1;0;17;7;0;27;13;24;0;0;12;0
12.04.2017;7;2;27;41;46;61;39;20;33;37;35;34;24;0;21;30;0;28;3;32;4;0;0;32;17;0;22;10;33;6;0;7;1
12.04.2017;8;0;24;23;45;54;45;22;25;34;14;35;20;0;15;22;17;29;0;41;0;0;0;30;16;0;13;11;32;25;0;9;0
12.04.2017;9;0;26;35;29;44;33;25;29;30;32;36;27;0;22;15;30;27;0;30;0;0;0;33;17;0;15;14;20;19;0;18;0
12.04.2017;10;0;19;27;39;52;33;19;23;31;22;26;24;0;26;22;27;15;0;23;0;2;0;32;21;0;15;20;11;19;0;28;0
12.04.2017;11;0;23;43;37;44;34;44;33;51;43;1;24;0;30;25;21;16;0;16;0;1;0;32;23;0;13;22;22;11;0;25;3
12.04.2017;12;0;22;34;42;53;37;28;30;40;28;0;26;0;22;22;24;17;0;20;0;0;10;27;16;0;16;17;22;11;0;14;1
12.04.2017;13;0;33;27;45;59;42;35;35;27;20;0;35;0;24;22;21;35;0;41;0;0;15;32;19;0;12;16;18;12;0;20;0
12.04.2017;14;0;32;35;42;57;35;31;32;33;31;8;36;0;15;15;13;37;0;37;0;0;20;31;25;0;20;13;15;13;0;15;1
12.04.2017;15;0;33;31;43;58;32;43;47;50;28;39;23;0;32;27;32;36;0;38;0;0;23;30;28;0;30;30;27;17;0;25;1
12.04.2017;16;0;26;33;48;53;40;31;40;42;28;31;20;0;26;30;20;26;0;32;0;1;17;27;16;0;26;19;23;5;0;20;0
12.04.2017;17;0;27;28;48;50;34;22;36;23;22;42;24;0;14;33;0;45;0;44;0;0;6;32;12;0;26;17;15;0;0;12;0
12.04.2017;18;0;24;41;46;57;38;23;27;39;32;44;26;0;12;31;0;37;0;37;0;0;0;34;14;0;25;20;8;0;0;14;0
12.04.2017;19;0;23;42;47;55;40;26;31;31;26;34;21;0;13;31;0;30;0;35;0;1;0;44;15;0;33;22;24;0;0;20;4
12.04.2017;20;0;29;48;51;63;46;23;35;29;24;51;31;0;16;42;0;48;0;50;0;1;0;34;9;0;30;0;35;0;0;21;1
12.04.2017;21;0;20;34;34;21;39;9;31;7;31;13;24;0;0;21;0;25;0;37;0;1;0;19;19;0;27;0;22;0;0;13;0
12.04.2017;22;0;25;19;25;0;35;0;33;0;24;0;35;0;0;25;0;29;0;34;0;0;0;14;16;0;17;0;27;0;0;10;1
12.04.2017;23;0;11;17;20;0;32;0;26;0;18;0;25;0;0;19;0;21;0;31;0;0;0;15;17;0;20;0;19;0;0;10;1
12.04.2017;24;0;4;4;9;0;19;0;9;0;10;0;11;0;0;20;0;8;0;18;0;0;0;10;14;0;17;0;16;0;0;8;2
13.04.2017;1;0;5;5;14;0;27;0;13;0;11;0;12;0;0;14;0;8;0;13;0;0;0;19;9;0;10;0;17;0;0;5;0
13.04.2017;2;0;2;2;23;0;25;0;11;0;8;0;13;0;0;20;0;16;0;22;0;0;0;17;10;0;12;0;12;0;0;12;0
13.04.2017;3;0;4;5;26;0;23;0;16;0;15;0;20;0;0;21;0;24;0;34;0;1;0;14;19;0;15;0;11;0;0;14;0
13.04.2017;4;0;7;20;32;2;23;5;18;5;31;8;24;0;0;33;0;34;0;49;0;0;0;15;17;0;20;0;24;0;0;15;0
13.04.2017;5;0;20;33;40;34;35;26;29;29;25;30;17;0;13;29;0;37;0;54;17;0;0;14;11;0;22;5;18;0;0;12;1
13.04.2017;6;0;30;37;45;46;37;28;33;39;30;27;13;0;12;25;0;29;0;23;9;1;0;24;6;0;30;13;20;0;0;15;2
13.04.2017;7;0;27;41;41;51;40;27;31;41;37;21;21;0;21;31;0;20;0;25;0;0;0;25;11;0;28;14;31;0;0;8;0
13.04.2017;8;1;37;32;44;58;38;15;54;40;29;0;34;0;25;23;23;22;0;31;0;0;0;28;15;0;32;13;34;0;0;13;0
13.04.2017;9;2;22;31;27;50;27;0;35;31;26;0;28;0;26;21;26;26;0;30;0;0;0;33;20;0;31;15;18;0;0;19;1
13.04.2017;10;0;21;36;32;41;27;0;37;36;28;0;26;0;32;27;26;23;0;23;0;1;0;30;26;0;32;19;18;0;0;30;1
13.04.2017;11;0;14;37;38;44;29;0;46;35;26;0;21;0;23;20;24;15;0;22;0;1;0;28;12;0;35;15;24;0;0;25;1
13.04.2017;12;0;16;28;43;52;34;0;35;29;23;0;24;0;18;20;23;15;0;17;0;1;0;35;14;0;29;16;24;0;0;12;1
13.04.2017;13;0;30;24;45;63;47;16;48;29;19;0;36;0;24;21;24;30;0;33;0;0;14;32;19;0;26;19;21;0;0;22;1
13.04.2017;14;0;28;34;41;53;45;28;30;29;31;0;21;0;17;25;16;18;0;23;0;1;25;24;27;0;22;18;17;0;0;16;0
13.04.2017;15;0;29;31;42;51;35;40;36;48;25;28;16;0;20;48;8;29;0;37;0;0;25;20;23;0;32;36;33;14;0;17;0
13.04.2017;16;0;26;30;46;57;43;23;29;44;27;30;26;0;23;31;18;30;0;43;0;0;6;31;18;0;31;29;28;7;0;12;1
13.04.2017;17;1;28;32;39;48;35;21;33;26;25;40;25;0;16;32;6;42;0;39;0;0;0;36;16;0;27;25;11;0;0;18;1
13.04.2017;18;0;22;33;48;57;46;28;25;22;27;30;19;0;10;26;0;42;0;44;0;1;0;41;13;0;32;19;11;0;0;14;1
13.04.2017;19;0;19;42;49;49;43;21;26;40;38;42;24;0;13;36;0;35;0;37;0;1;0;32;11;0;28;32;13;0;0;18;2
13.04.2017;20;0;29;39;50;55;42;30;35;32;32;45;15;0;19;38;0;45;0;47;0;1;0;30;13;0;27;25;14;0;0;17;2
13.04.2017;21;0;30;32;38;31;36;29;35;16;31;32;22;0;8;21;0;40;0;40;0;0;0;19;15;0;27;7;21;0;0;16;0
13.04.2017;22;0;25;25;27;0;38;0;36;0;35;0;36;0;0;21;0;32;0;33;0;0;0;15;11;0;26;0;29;0;0;7;1
13.04.2017;23;0;19;10;20;0;36;0;26;0;19;0;34;0;0;20;0;32;0;39;0;0;0;12;13;0;22;0;19;0;0;9;1
13.04.2017;24;0;0;7;14;0;20;0;8;0;15;0;10;0;0;18;0;10;0;16;0;0;0;10;9;0;15;0;14;0;0;7;0
14.04.2017;1;0;1;5;14;0;24;0;7;0;9;0;9;0;0;17;0;9;0;14;0;0;0;21;7;0;6;0;17;0;0;6;0
14.04.2017;2;0;0;6;21;0;17;0;10;0;8;0;12;0;0;16;0;14;0;21;0;0;0;10;14;0;14;0;10;0;0;14;0
14.04.2017;3;0;4;6;24;0;17;0;16;0;13;0;21;0;0;21;0;29;0;37;0;1;0;15;13;0;19;0;11;0;0;11;2
14.04.2017;4;0;12;20;30;0;28;0;24;2;33;0;26;0;0;29;0;24;5;39;5;0;0;21;19;0;24;0;23;0;0;17;0
14.04.2017;5;0;24;29;40;33;32;23;32;31;32;26;24;0;4;30;0;29;18;32;17;0;0;19;14;0;23;5;19;0;0;14;3
14.04.2017;6;1;32;41;52;53;45;29;27;45;36;38;29;0;14;24;0;25;5;22;10;1;0;23;6;0;32;14;26;0;0;15;3
14.04.2017;7;0;23;48;44;59;44;25;25;34;35;35;21;0;18;30;0;25;0;32;0;0;0;28;13;0;27;9;32;0;0;8;0
14.04.2017;8;0;26;34;41;55;41;26;28;37;23;29;16;0;20;27;22;26;0;33;0;0;0;29;14;0;32;11;39;0;0;7;0
14.04.2017;9;0;28;26;35;47;33;29;28;33;24;6;26;0;26;20;35;24;0;29;0;1;0;30;19;0;29;19;26;0;0;19;1
14.04.2017;10;0;19;30;36;46;32;29;29;34;27;0;33;0;36;33;29;23;0;23;0;1;0;38;26;0;28;23;27;0;0;35;5
14.04.2017;11;0;22;43;38;44;32;35;27;38;38;0;33;0;22;22;24;19;0;18;0;1;0;48;33;0;30;18;25;0;0;23;4
14.04.2017;12;0;21;35;44;55;39;35;27;37;31;0;33;0;20;23;27;23;0;21;0;2;0;42;28;0;35;22;21;0;0;18;2
14.04.2017;13;0;23;31;50;69;56;37;34;34;24;0;33;0;21;23;21;25;0;37;0;0;9;37;22;0;32;21;28;0;0;22;2
14.04.2017;14;0;32;38;39;57;43;46;38;40;32;0;26;0;17;24;20;17;0;27;0;1;20;35;37;0;39;20;20;0;0;26;3
14.04.2017;15;0;32;37;43;59;48;35;34;46;25;28;34;0;29;35;29;33;0;37;0;2;24;24;29;0;48;28;29;0;0;28;1
14.04.2017;16;0;30;40;55;60;56;50;37;60;36;43;23;0;33;46;18;35;0;43;0;0;15;27;26;0;42;27;26;0;0;26;3
14.04.2017;17;0;33;40;50;53;48;34;35;36;32;46;25;0;14;40;1;43;0;41;0;2;10;36;18;0;35;21;13;0;0;21;0
14.04.2017;18;0;19;43;45;54;45;35;24;37;31;37;25;0;13;38;0;35;0;45;0;0;0;39;16;0;33;25;11;0;0;24;2
14.04.2017;19;0;27;36;51;60;45;28;30;38;32;36;20;0;15;39;0;34;0;40;0;2;0;40;7;0;35;28;9;0;0;20;2
14.04.2017;20;0;26;43;50;62;41;40;32;40;27;49;26;0;2;38;0;41;0;44;0;1;0;34;9;0;33;8;29;0;0;20;0
14.04.2017;21;0;24;40;34;7;28;7;35;4;41;16;26;0;0;24;0;32;0;43;0;0;0;14;11;0;23;0;32;0;0;17;0
14.04.2017;22;0;27;27;25;0;32;0;39;0;33;0;31;0;0;24;0;24;0;28;0;0;0;9;11;0;24;0;31;0;0;10;0
14.04.2017;23;0;11;16;19;0;27;0;18;0;13;0;34;0;0;18;0;38;0;46;0;0;0;20;12;0;19;0;13;0;0;11;0
14.04.2017;24;0;6;10;19;0;18;0;13;0;13;0;8;0;0;14;0;17;0;24;0;0;0;12;14;0;13;0;16;0;0;13;0
15.04.2017;1;0;4;8;19;0;20;0;12;0;9;0;4;0;0;23;0;6;0;13;0;0;0;20;10;0;6;0;15;0;0;14;0
15.04.2017;2;0;3;4;26;0;19;0;21;0;7;0;11;0;0;24;0;13;0;22;0;0;0;13;21;0;17;0;9;0;0;25;0
15.04.2017;3;0;2;11;24;0;19;0;13;0;13;0;17;0;0;26;0;24;0;31;0;1;0;19;25;0;19;0;15;0;0;20;0
15.04.2017;4;0;9;18;33;3;28;0;25;2;37;1;27;0;0;38;0;38;0;43;0;0;0;22;24;0;19;0;26;0;0;19;0
15.04.2017;5;0;17;32;44;39;25;24;28;34;27;30;18;0;14;28;0;32;0;46;14;0;0;14;14;0;32;13;19;0;0;18;0
15.04.2017;6;0;30;33;43;39;33;28;35;37;26;29;19;0;15;27;0;21;0;29;8;1;0;18;6;0;30;10;20;0;0;13;0
15.04.2017;7;0;22;48;38;56;33;29;29;29;35;21;26;0;24;36;0;19;0;24;0;0;0;25;17;0;29;11;31;0;0;8;0
15.04.2017;8;0;31;33;43;57;41;33;37;36;26;0;29;0;17;32;13;25;0;35;0;0;0;31;21;0;35;10;27;0;0;8;1
15.04.2017;9;0;21;31;32;36;26;23;25;31;26;0;24;0;24;16;32;19;0;28;0;0;0;26;17;0;25;13;26;0;0;13;4
15.04.2017;10;0;15;27;35;37;23;30;26;31;23;0;22;0;29;29;30;16;0;20;0;1;0;21;20;0;24;28;14;0;0;19;0
15.04.2017;11;0;16;41;39;52;27;41;23;52;37;0;24;0;32;28;30;13;0;23;0;1;0;30;21;0;37;27;27;0;0;23;1
15.04.2017;12;0;21;38;46;57;44;45;28;35;31;0;27;0;24;24;25;16;0;20;0;0;14;30;20;3;22;18;19;8;0;20;0
15.04.2017;13;0;29;32;46;58;39;39;34;39;24;0;23;0;26;23;26;19;0;27;0;1;17;28;11;9;12;14;23;16;0;15;1
15.04.2017;14;0;24;36;48;55;43;35;30;41;34;0;18;0;14;20;21;14;0;25;0;0;19;31;15;15;23;22;20;23;0;17;3
15.04.2017;15;0;27;32;43;43;44;40;34;52;25;13;24;0;22;25;29;22;0;29;0;0;19;25;16;12;23;36;34;22;0;19;3
15.04.2017;16;0;25;35;48;51;49;31;34;46;31;32;20;0;19;23;27;24;0;31;0;1;13;22;23;0;17;19;29;9;0;16;0
15.04.2017;17;0;26;31;47;48;43;33;30;38;29;34;21;0;11;32;6;28;0;26;0;0;14;23;18;0;26;26;25;0;0;13;0
15.04.2017;18;0;21;34;39;51;39;32;27;28;29;30;21;0;10;28;0;27;0;33;0;1;16;22;16;0;25;18;10;0;0;15;0
15.04.2017;19;0;17;34;49;46;46;24;24;26;24;37;25;0;16;39;0;33;0;39;0;2;9;20;10;0;24;27;15;0;0;19;0
15.04.2017;20;1;26;33;46;51;41;31;34;25;19;46;28;0;14;36;0;44;0;40;0;1;0;24;9;0;22;17;20;0;0;24;0
15.04.2017;21;0;27;27;29;6;37;3;40;0;30;6;27;0;0;26;0;31;0;38;0;0;0;16;21;0;21;0;26;0;0;23;0
15.04.2017;22;0;33;20;27;0;27;0;41;0;25;0;34;0;0;29;0;32;0;34;0;0;0;11;20;0;21;0;34;0;0;14;0
15.04.2017;23;0;12;17;18;0;29;0;23;0;16;0;27;0;0;26;0;28;0;34;0;0;0;13;16;0;21;0;25;0;0;19;0
15.04.2017;24;0;7;9;14;0;16;0;10;0;10;0;7;0;0;18;0;9;0;18;0;0;0;13;8;0;14;0;14;0;0;7;0
16.04.2017;1;0;4;7;14;0;29;0;12;0;9;0;13;0;0;16;0;8;0;13;0;0;0;22;6;0;12;0;12;0;0;2;0
16.04.2017;2;0;2;4;21;0;23;0;14;0;13;0;8;0;0;18;0;9;0;18;0;0;0;13;10;0;13;0;15;0;0;7;0
16.04.2017;3;0;3;6;28;0;31;0;9;0;10;0;22;0;0;23;0;21;1;31;0;1;0;13;15;0;17;0;12;0;0;9;0
16.04.2017;4;0;10;16;34;6;33;0;13;3;28;7;34;0;0;32;0;17;9;36;14;0;0;20;25;0;22;0;24;0;0;15;0
16.04.2017;5;0;24;30;38;33;40;13;17;30;16;35;30;0;8;29;0;20;10;34;25;0;0;14;12;0;23;3;16;0;0;13;0
16.04.2017;6;0;28;33;49;51;46;25;25;39;21;33;32;0;18;24;0;16;2;19;8;1;0;22;7;0;27;13;23;0;0;13;0
16.04.2017;7;0;22;28;40;51;38;19;25;29;25;25;20;0;20;30;0;24;0;32;0;0;1;25;12;0;12;3;28;17;0;8;0
16.04.2017;8;0;33;39;41;50;41;22;37;36;39;25;30;0;23;26;17;29;0;28;0;0;2;22;11;0;12;8;33;15;0;8;0
16.04.2017;9;0;26;25;29;51;32;23;30;30;26;0;24;0;23;20;28;25;0;31;0;0;12;31;18;0;20;13;26;13;0;14;1
16.04.2017;10;0;11;28;41;40;39;19;16;26;28;0;23;0;35;27;30;18;0;25;0;1;13;19;16;14;12;17;22;10;0;28;0
16.04.2017;11;0;12;35;36;41;35;35;18;39;37;0;24;0;22;17;29;16;0;19;0;0;20;30;14;10;12;17;24;8;0;22;0
16.04.2017;12;0;13;34;46;45;41;32;22;24;28;0;28;0;19;27;19;20;0;23;0;1;13;20;9;10;14;14;22;10;0;16;0
16.04.2017;13;0;21;31;46;55;43;25;21;28;21;0;35;0;22;21;19;21;0;28;0;0;13;27;10;9;17;18;20;17;0;12;0
16.04.2017;14;0;26;31;44;55;41;31;25;29;23;0;29;0;25;20;19;21;0;26;0;0;33;21;14;17;17;15;20;17;0;25;0
16.04.2017;15;0;28;34;41;49;36;33;28;39;23;0;36;0;30;24;25;24;0;30;0;0;27;16;13;18;21;29;22;16;0;28;0
16.04.2017;16;0;26;33;49;58;42;37;32;39;26;0;35;0;26;33;19;32;0;35;0;0;15;18;19;4;18;17;25;14;0;19;1
16.04.2017;17;0;26;31;45;44;35;19;30;28;22;0;48;0;17;39;6;41;0;41;0;0;19;24;22;0;28;26;14;4;0;20;0
16.04.2017;18;0;17;38;49;51;41;26;18;22;39;31;34;0;12;32;0;41;0;41;0;1;17;19;20;0;30;22;9;0;0;19;1
16.04.2017;19;0;20;37;45;46;30;18;24;29;34;36;26;0;14;37;0;38;0;39;0;1;11;26;8;0;23;30;17;0;0;23;0
16.04.2017;20;0;23;39;41;43;29;20;29;30;37;48;20;0;0;30;0;33;0;38;9;1;0;30;11;0;19;13;22;0;0;21;0
16.04.2017;21;0;21;32;36;16;26;8;26;10;37;29;28;0;0;24;0;35;0;35;4;0;0;11;9;0;18;0;27;0;0;13;0
16.04.2017;22;0;19;26;25;0;30;0;30;0;28;0;36;0;0;25;0;31;0;26;0;0;0;15;10;0;24;0;27;0;0;9;0
16.04.2017;23;0;21;10;19;0;27;0;36;0;17;0;35;0;0;23;0;42;0;42;0;0;0;15;16;0;16;0;20;0;0;12;0
16.04.2017;24;0;7;7;17;0;17;0;13;0;11;0;14;0;0;11;0;17;0;20;0;0;0;11;9;0;13;0;11;0;0;6;0
17.04.2017;1;0;7;9;12;0;25;0;15;0;12;0;14;0;0;26;0;13;0;17;0;0;0;24;13;0;6;0;17;0;0;9;0
17.04.2017;2;0;2;7;19;0;29;0;15;0;13;0;12;0;0;28;0;13;0;21;0;0;0;11;23;0;14;0;17;0;0;21;0
17.04.2017;3;0;4;7;27;0;36;0;14;0;8;0;16;0;0;24;0;20;0;28;0;1;0;11;18;0;16;0;9;0;0;12;1
17.04.2017;4;0;9;17;32;8;35;3;20;9;23;6;18;0;0;29;0;24;3;43;3;0;0;20;18;0;21;0;18;0;0;13;0
17.04.2017;5;0;20;29;40;33;33;23;27;41;26;46;25;0;6;31;0;34;17;52;25;0;0;17;8;0;21;3;22;0;0;17;0
17.04.2017;6;0;30;39;53;51;47;28;36;52;34;36;20;0;11;24;0;26;0;25;8;2;0;20;5;0;32;13;23;0;0;13;1
17.04.2017;7;0;27;45;50;63;50;19;31;40;29;36;18;0;21;27;7;30;0;28;0;0;0;34;11;0;16;6;34;16;0;5;0
17.04.2017;8;0;23;25;39;49;33;24;27;31;13;30;19;0;13;19;18;29;0;37;0;0;1;31;14;0;13;9;29;23;0;10;1
17.04.2017;9;1;27;35;33;49;37;20;29;32;29;30;22;0;23;28;23;27;0;26;0;1;7;35;16;2;16;18;25;14;0;20;2
17.04.2017;10;1;18;30;27;34;20;22;22;30;27;19;17;0;38;33;26;16;0;20;0;2;12;19;19;11;15;19;24;12;0;30;2
17.04.2017;11;0;13;34;37;42;40;27;22;40;34;23;14;0;26;30;27;17;0;20;0;0;26;24;21;7;21;23;31;9;0;28;0
17.04.2017;12;0;18;34;47;45;40;34;26;43;25;19;17;0;19;21;20;18;0;19;0;1;16;22;10;4;24;22;25;8;0;16;0
17.04.2017;13;0;27;30;50;68;47;38;31;42;25;29;22;0;34;30;23;22;0;30;0;0;20;23;11;7;22;22;24;20;0;20;2
17.04.2017;14;0;30;30;41;67;40;44;34;33;26;28;11;0;25;30;10;25;0;36;0;0;31;27;16;15;25;20;16;18;0;20;2
17.04.2017;15;0;32;32;42;54;35;35;39;43;24;29;22;0;28;29;18;27;0;31;0;1;27;16;14;11;22;35;29;13;0;22;3
17.04.2017;16;0;28;37;43;64;42;33;38;40;31;39;24;0;23;30;20;36;0;37;0;1;17;23;19;0;28;20;25;8;0;16;1
17.04.2017;17;0;29;33;47;52;43;28;34;37;27;48;29;0;16;29;5;40;0;39;0;0;13;19;16;0;20;21;15;0;0;15;1
17.04.2017;18;0;16;41;47;59;41;22;20;30;30;45;27;0;9;30;0;45;0;48;0;1;20;21;15;0;24;24;10;0;0;12;3
17.04.2017;19;0;13;37;47;62;38;27;19;31;24;53;27;0;10;22;0;47;0;46;0;1;20;28;8;0;27;24;10;0;0;13;0
17.04.2017;20;1;29;31;47;56;44;36;34;34;18;56;27;0;19;37;0;50;0;50;0;0;0;27;9;0;24;25;13;0;0;12;0
17.04.2017;21;0;19;32;31;20;38;13;26;17;25;22;27;0;3;11;0;31;0;35;0;1;0;18;8;0;21;10;18;0;0;9;0
17.04.2017;22;0;18;27;18;0;33;0;29;0;27;0;35;0;0;18;0;28;0;29;0;0;0;11;7;0;22;0;25;0;0;7;0
17.04.2017;23;0;9;15;19;0;29;0;17;0;14;0;27;0;0;14;0;30;0;34;0;0;0;14;8;0;16;0;15;0;0;6;0
17.04.2017;24;0;4;6;14;0;21;0;8;0;9;0;9;0;0;12;0;8;0;15;0;0;0;11;8;0;12;0;12;0;0;6;0
18.04.2017;1;0;2;4;9;0;19;0;10;0;12;0;6;0;0;20;0;6;0;7;0;0;0;18;12;0;4;0;15;0;0;8;0
18.04.2017;2;0;1;5;19;0;22;0;9;0;9;0;9;0;0;17;0;7;0;14;0;0;0;9;17;0;13;0;17;0;0;17;0
18.04.2017;3;0;3;8;19;0;15;0;7;0;8;0;11;0;0;18;0;18;0;29;0;1;0;15;17;0;15;0;14;0;0;13;0
18.04.2017;4;0;9;19;34;8;34;5;17;13;28;9;29;0;3;28;0;32;8;35;10;0;0;23;22;0;16;10;22;0;0;18;0
18.04.2017;5;0;20;29;39;35;31;28;33;39;28;38;20;0;15;25;0;28;16;34;19;0;0;21;11;0;24;10;15;0;0;10;0
18.04.2017;6;0;31;41;48;52;44;28;37;44;37;39;22;0;13;19;0;28;5;25;10;1;0;23;7;0;32;8;21;0;0;12;0
18.04.2017;7;0;29;46;43;51;35;27;37;36;34;30;21;0;25;28;0;25;0;29;0;0;0;25;14;0;26;5;36;0;0;7;2
18.04.2017;8;0;30;32;38;43;31;28;37;36;22;30;26;0;20;32;10;23;0;30;0;0;0;30;18;0;24;12;30;0;0;7;0
18.04.2017;9;1;25;25;29;48;29;22;27;33;23;24;19;0;26;25;30;24;0;30;0;0;0;37;16;0;28;11;31;0;0;14;1
18.04.2017;10;0;19;29;32;36;31;25;20;44;27;10;19;0;36;36;29;12;0;20;0;0;0;23;19;14;25;25;25;0;0;26;2
18.04.2017;11;0;18;43;37;46;32;37;22;41;31;0;38;0;26;25;29;19;0;27;0;0;13;27;21;10;27;24;27;0;0;23;4
18.04.2017;12;0;19;32;45;54;42;21;26;41;26;0;28;0;16;22;22;19;0;23;0;2;16;24;17;0;28;19;18;0;0;13;1
18.04.2017;13;1;23;24;50;65;42;30;28;31;21;0;38;0;24;22;23;29;0;27;0;1;19;25;12;0;32;13;19;0;0;17;2
18.04.2017;14;0;25;29;46;60;43;35;26;38;27;0;26;0;19;20;15;21;0;28;0;2;27;27;24;0;30;18;17;0;0;23;2
18.04.2017;15;0;30;29;43;52;31;35;33;44;28;0;39;0;25;26;22;33;0;35;0;0;25;23;25;0;36;27;29;0;0;28;2
18.04.2017;16;0;31;37;38;54;34;26;35;47;35;34;36;0;23;35;22;34;0;43;0;1;11;26;18;0;24;29;27;0;0;14;0
18.04.2017;17;2;35;32;44;48;32;31;30;26;24;47;39;0;19;30;7;46;0;45;0;0;0;32;17;0;31;24;13;0;0;20;2
18.04.2017;18;0;26;38;48;47;41;24;29;30;34;39;33;0;10;29;0;46;0;48;0;2;0;33;18;0;27;21;9;0;0;17;2
18.04.2017;19;0;18;33;50;38;31;22;20;31;26;41;37;0;21;36;0;40;0;38;0;1;0;31;6;0;24;23;13;0;0;23;1
18.04.2017;20;1;25;35;47;41;32;19;28;20;16;43;46;0;1;28;0;46;0;46;0;1;0;27;12;0;23;3;22;0;0;16;1
18.04.2017;21;0;15;23;31;7;30;5;28;9;30;14;31;0;0;23;0;34;0;37;0;0;0;14;15;0;19;0;25;0;0;16;0
18.04.2017;22;0;25;17;23;0;23;0;30;0;29;0;36;0;0;26;0;30;0;38;0;0;0;13;11;0;17;0;27;0;0;11;0
18.04.2017;23;0;14;16;16;0;28;0;22;0;15;0;33;0;0;16;0;32;0;40;0;0;0;18;9;0;25;0;15;0;0;9;0
18.04.2017;24;0;9;7;12;0;19;0;8;0;10;0;14;0;0;8;0;12;0;19;0;0;0;8;7;0;12;0;13;0;0;6;0
19.04.2017;1;0;3;7;13;0;23;0;5;0;5;0;6;0;0;21;0;6;0;6;0;0;0;18;7;0;8;0;13;0;0;7;0
19.04.2017;2;0;2;9;22;0;23;0;15;0;15;0;10;0;0;24;0;9;0;21;0;0;0;7;24;0;9;0;22;0;0;23;0
19.04.2017;3;0;5;7;23;0;28;0;14;0;14;0;23;0;0;26;0;28;0;34;0;1;0;13;21;0;15;0;12;0;0;14;0
19.04.2017;4;0;9;19;36;2;38;1;19;3;30;3;27;0;0;22;0;36;0;40;0;0;0;15;20;0;23;2;24;0;0;13;0
19.04.2017;5;0;25;32;37;31;34;19;29;44;33;33;29;0;18;26;0;35;0;48;14;0;0;13;14;0;21;13;25;0;0;10;0
19.04.2017;6;0;29;38;47;46;38;26;30;43;38;35;30;0;15;29;0;21;0;27;9;1;0;19;7;0;25;11;25;0;0;14;1
19.04.2017;7;0;31;41;42;54;38;27;28;45;39;28;29;0;18;29;0;26;0;31;0;0;0;27;13;0;27;9;32;0;0;8;0
19.04.2017;8;0;28;25;45;59;43;19;19;36;22;33;27;0;19;31;22;28;0;38;0;0;0;30;17;0;40;10;32;0;0;11;0
19.04.2017;9;1;31;35;31;47;33;25;32;32;36;29;22;0;28;22;31;28;0;32;0;0;0;33;22;0;25;9;21;0;0;23;0
19.04.2017;10;0;13;25;31;42;25;23;21;33;25;21;21;0;30;29;27;17;0;21;0;1;0;32;28;0;30;13;19;0;0;32;2
19.04.2017;11;0;22;39;38;43;30;41;27;46;39;19;15;0;30;26;22;13;0;20;0;1;0;30;23;0;31;15;27;0;0;31;0
19.04.2017;12;1;20;34;41;44;35;32;24;36;30;31;22;0;20;27;20;25;0;22;0;2;0;27;20;0;23;15;26;0;0;16;0
19.04.2017;13;0;31;30;44;57;43;29;32;27;21;26;25;0;23;48;3;26;0;30;0;0;15;37;17;0;27;18;19;0;0;18;1
19.04.2017;14;0;29;30;44;51;39;32;27;27;27;29;20;0;25;36;0;21;0;40;0;0;22;28;27;0;29;14;17;0;0;23;1
19.04.2017;15;0;37;28;43;52;34;30;41;44;23;38;29;0;32;39;22;30;0;40;0;1;20;25;29;0;33;28;26;17;0;25;0
19.04.2017;16;0;32;34;47;59;43;28;31;37;34;35;29;0;21;31;21;33;0;39;0;2;13;34;23;0;25;27;19;12;0;20;0
19.04.2017;17;0;28;36;45;44;32;27;33;29;29;40;31;0;12;32;0;41;0;47;0;0;0;36;23;0;28;24;18;0;0;14;1
19.04.2017;18;0;25;37;46;56;39;18;24;19;28;39;31;0;9;31;0;40;0;45;0;2;0;34;16;0;31;19;4;0;0;12;1
19.04.2017;19;0;18;42;42;46;41;23;17;35;25;37;33;0;12;35;0;31;0;38;0;2;0;31;9;0;32;28;9;0;0;16;1
19.04.2017;20;0;21;36;48;48;41;22;24;28;22;42;37;0;0;35;0;47;0;50;0;2;0;30;12;0;33;8;26;0;0;19;1
19.04.2017;21;0;22;31;40;24;36;19;29;11;29;15;27;0;0;17;0;30;0;38;0;0;0;21;12;0;30;0;21;0;0;16;0
19.04.2017;22;0;21;27;20;0;24;0;23;0;30;0;36;0;0;24;0;29;0;35;0;0;0;13;9;0;27;0;31;0;0;12;0
19.04.2017;23;0;15;14;18;0;27;0;14;0;15;0;26;0;0;17;0;26;0;39;0;0;0;11;11;0;27;0;17;0;0;9;0
19.04.2017;24;0;6;2;10;0;14;0;9;0;7;0;11;0;0;9;0;9;0;18;0;0;0;6;10;0;15;0;13;0;0;6;1
20.04.2017;1;0;5;7;11;0;22;0;15;0;11;0;11;0;0;17;0;10;0;9;0;0;0;19;10;0;4;0;14;0;0;7;1
20.04.2017;2;0;1;3;27;0;36;0;15;0;11;0;17;0;0;28;0;22;0;27;0;0;0;17;19;0;8;0;20;0;0;18;0
20.04.2017;3;0;2;9;21;0;35;0;21;0;20;0;27;0;0;22;0;29;0;33;0;1;0;23;35;0;9;0;26;0;0;17;0
20.04.2017;4;0;8;17;31;0;35;0;15;0;33;0;34;0;0;25;0;32;7;42;7;0;0;19;21;0;17;0;25;0;0;14;0
20.04.2017;5;0;19;32;43;32;45;12;21;29;33;26;33;0;6;23;0;29;14;33;21;0;0;14;6;0;24;5;17;0;0;10;0
20.04.2017;6;0;31;34;49;51;45;22;29;44;31;31;33;0;13;27;0;27;5;25;11;1;0;21;7;0;31;19;25;0;0;17;1
20.04.2017;7;0;26;45;46;55;38;21;22;37;36;38;32;0;20;29;0;27;0;28;0;0;0;28;12;0;26;14;29;0;0;10;0
20.04.2017;8;0;39;35;49;60;43;23;33;37;29;35;32;0;15;36;0;30;0;30;0;0;0;33;18;0;33;10;32;0;0;9;3
20.04.2017;9;0;21;31;27;53;29;11;22;32;26;33;20;0;24;53;0;29;0;32;0;0;0;39;22;0;40;11;25;0;0;18;7
20.04.2017;10;0;24;30;38;45;35;31;20;38;26;26;22;0;28;35;21;22;0;27;0;2;0;27;21;0;32;19;20;0;0;22;3
20.04.2017;11;0;18;39;32;35;29;42;25;47;37;32;24;0;28;34;31;20;0;32;0;1;0;22;32;0;32;28;27;0;0;32;3
20.04.2017;12;1;22;27;48;59;50;33;29;35;17;28;20;0;22;30;23;17;0;17;0;1;0;40;21;0;26;26;22;0;0;20;4
20.04.2017;13;1;32;30;50;62;52;33;34;36;26;24;20;0;21;15;23;25;0;30;0;0;7;40;17;0;32;22;21;0;0;21;2
20.04.2017;14;1;23;28;31;56;39;31;31;33;26;29;19;0;20;18;20;27;0;36;0;0;20;34;24;0;29;17;23;0;0;17;6
20.04.2017;15;0;36;39;44;57;48;44;43;53;27;39;21;0;25;25;28;37;0;33;0;0;21;26;28;0;38;31;35;0;0;20;2
20.04.2017;16;0;33;36;50;55;49;39;39;50;30;36;28;0;25;35;29;33;0;36;0;1;16;25;24;0;32;29;28;0;0;15;3
20.04.2017;17;1;31;31;46;60;47;29;29;41;32;43;29;0;9;36;0;36;0;40;0;0;10;35;17;0;28;27;17;0;0;19;3
20.04.2017;18;0;15;40;55;56;54;22;17;26;33;39;31;0;7;34;0;36;0;43;0;1;0;33;12;0;29;17;10;0;0;12;1
20.04.2017;19;0;29;35;46;51;39;30;36;32;24;40;24;0;14;39;0;33;0;40;0;1;0;33;7;0;30;26;9;0;0;18;2
20.04.2017;20;0;26;37;49;62;46;30;38;25;23;39;23;0;4;34;0;38;0;41;0;1;0;31;8;0;26;11;24;0;0;24;1
20.04.2017;21;0;21;31;40;16;43;10;38;7;24;14;25;0;0;19;0;31;0;31;0;0;0;11;10;0;25;0;26;0;0;16;0
20.04.2017;22;0;27;21;25;0;34;0;41;0;23;0;36;0;0;21;0;30;0;30;0;0;0;12;7;0;17;0;27;0;0;6;2
20.04.2017;23;0;12;10;20;0;34;0;17;0;11;0;30;0;0;12;0;29;0;39;0;0;0;15;8;0;16;0;15;0;0;5;0
20.04.2017;24;0;3;9;11;0;20;0;10;0;13;0;8;0;0;8;0;9;0;18;0;0;0;10;9;0;11;0;14;0;0;8;0
21.04.2017;1;0;5;9;10;0;17;0;11;0;10;0;12;0;0;22;0;11;0;14;0;0;0;16;8;0;7;0;17;0;0;10;0
21.04.2017;2;0;5;6;22;0;22;0;18;0;9;0;11;0;0;21;0;17;0;29;0;0;0;16;18;0;20;0;14;0;0;21;0
21.04.2017;3;0;3;6;28;0;25;0;15;0;14;0;16;0;0;16;0;21;0;31;0;1;0;23;25;0;21;0;17;0;0;15;0
21.04.2017;4;0;9;22;28;0;23;0;27;0;33;0;21;0;0;29;0;36;0;48;0;0;0;16;24;0;21;0;26;0;0;13;0
21.04.2017;5;0;20;33;45;27;28;24;36;35;32;28;22;0;16;30;0;49;0;52;0;0;0;14;9;0;25;15;21;0;0;12;0
21.04.2017;6;0;32;37;52;48;43;37;39;49;35;24;14;0;15;26;0;31;0;24;0;1;0;24;7;0;31;16;23;0;0;12;0
21.04.2017;7;0;24;47;42;52;38;23;26;41;37;28;22;0;21;34;0;21;0;32;0;0;0;27;15;0;30;13;33;0;0;8;0
21.04.2017;8;0;29;27;44;61;46;26;33;39;21;34;20;0;21;31;19;28;0;35;0;0;1;27;21;0;27;14;37;10;0;4;1
21.04.2017;9;0;29;35;27;52;26;21;31;31;31;28;20;0;25;24;24;20;0;24;0;0;7;27;19;0;30;13;18;7;0;20;2
21.04.2017;10;0;27;28;39;45;42;28;29;31;25;27;20;0;31;35;20;22;0;22;0;2;9;23;29;0;32;15;25;0;0;25;1
21.04.2017;11;0;20;39;31;49;30;45;28;41;40;22;18;0;25;28;23;16;0;23;0;1;17;18;32;0;31;23;30;0;0;30;3
21.04.2017;12;0;24;32;44;62;45;38;31;37;32;30;17;0;24;24;24;22;0;20;0;0;16;19;21;0;27;23;23;4;0;18;1
21.04.2017;13;0;28;31;51;72;56;41;39;26;26;21;21;0;23;25;26;26;0;32;0;1;20;33;18;4;22;21;21;20;0;19;3
21.04.2017;14;0;31;34;44;56;49;47;39;43;31;30;15;0;24;22;20;25;0;37;0;0;21;33;20;13;25;22;21;22;0;21;1
21.04.2017;15;0;34;35;48;49;47;42;36;51;26;34;21;0;34;32;33;27;0;34;0;0;23;29;22;16;25;33;32;26;0;31;4
21.04.2017;16;0;37;38;48;63;53;58;47;59;37;42;23;0;25;32;27;37;0;45;0;1;19;32;26;11;22;32;31;20;0;25;1
21.04.2017;17;0;30;35;48;58;52;28;35;36;28;54;29;0;16;28;16;44;0;41;0;0;15;26;15;0;23;22;15;12;0;15;1
21.04.2017;18;1;25;42;51;64;51;33;33;38;35;47;26;0;13;31;7;41;0;48;0;1;16;25;16;0;27;20;14;1;0;14;2
21.04.2017;19;0;23;42;43;53;35;26;29;38;29;42;29;0;15;40;0;34;0;36;0;1;5;37;13;0;33;27;14;0;0;18;1
21.04.2017;20;0;27;45;52;62;48;24;31;27;26;45;27;0;10;31;0;47;0;48;0;1;0;36;8;0;35;12;26;0;0;17;0
21.04.2017;21;0;24;35;33;24;41;10;34;7;33;18;29;0;0;23;0;28;0;33;0;0;0;21;14;0;28;0;29;0;0;13;0
21.04.2017;22;0;24;24;27;0;43;0;34;0;32;0;39;0;0;24;0;27;0;33;0;0;0;15;10;0;22;0;31;0;0;11;0
21.04.2017;23;0;14;18;20;0;36;0;27;0;14;0;41;0;0;14;0;37;0;47;0;0;0;14;9;0;20;0;19;0;0;10;0
21.04.2017;24;0;4;11;14;0;22;0;14;0;13;0;14;0;0;10;0;15;0;20;0;0;0;13;15;0;12;0;20;0;0;8;0
22.04.2017;1;0;4;6;23;0;28;0;14;0;12;0;9;0;0;18;0;8;0;10;0;0;0;23;10;0;7;0;20;0;0;7;0
22.04.2017;2;0;3;7;22;0;20;0;13;0;10;0;11;0;0;23;0;9;0;24;0;0;0;13;15;0;18;0;18;0;0;18;0
22.04.2017;3;0;2;7;30;0;24;0;16;0;13;0;21;0;0;17;0;21;0;32;0;1;0;18;27;0;17;0;17;0;0;16;0
22.04.2017;4;0;8;21;34;6;37;2;21;3;30;6;36;0;0;30;0;21;16;32;14;0;0;22;26;0;23;0;29;0;0;14;0
22.04.2017;5;0;18;30;39;36;27;19;19;25;18;41;37;0;4;29;0;25;18;38;30;0;0;15;7;0;28;11;18;0;0;10;0
22.04.2017;6;0;31;36;47;47;40;35;38;46;37;34;17;0;14;25;0;21;4;21;11;1;0;19;11;0;28;14;20;0;0;12;0
22.04.2017;7;0;26;39;37;46;38;24;37;43;36;15;26;0;21;39;0;21;0;23;0;0;0;28;10;0;24;8;36;0;0;8;0
22.04.2017;8;0;37;39;38;48;40;37;47;44;34;0;32;0;21;27;26;31;0;34;0;0;0;34;20;0;23;11;33;0;0;6;0
22.04.2017;9;0;28;28;31;41;34;28;33;36;35;0;14;0;25;24;30;20;0;29;0;0;3;29;23;0;24;13;31;6;0;16;0
22.04.2017;10;0;19;32;38;50;40;22;29;27;27;0;29;0;30;33;32;21;0;25;0;2;7;20;19;7;16;23;16;19;0;23;0
22.04.2017;11;0;16;39;38;54;41;38;29;43;39;17;16;0;23;28;29;14;0;19;0;0;16;22;10;8;17;28;19;16;0;19;0
22.04.2017;12;0;14;33;53;56;48;36;20;44;32;19;16;0;19;17;29;16;0;23;0;1;18;21;11;12;14;21;22;7;0;19;0
22.04.2017;13;0;25;32;48;62;48;36;29;32;29;29;13;0;22;23;22;18;0;25;0;0;19;26;15;6;12;20;20;17;0;20;0
22.04.2017;14;0;27;31;41;47;35;34;25;30;28;17;9;0;19;18;18;17;0;27;0;0;26;25;10;16;19;16;20;18;0;24;1
22.04.2017;15;0;35;31;47;60;47;52;35;49;32;31;4;0;22;21;27;23;0;27;0;0;33;23;18;15;24;32;28;23;0;24;0
22.04.2017;16;0;31;36;54;51;53;39;36;44;26;35;20;0;21;40;20;35;0;39;0;1;13;31;20;1;20;26;25;9;0;15;0
22.04.2017;17;0;24;32;46;47;40;19;25;27;25;35;24;0;13;28;0;35;0;30;0;0;12;25;19;0;22;26;16;0;0;17;0
22.04.2017;18;0;18;36;47;49;44;24;24;26;27;30;22;0;6;34;0;28;0;35;0;1;12;22;16;0;27;22;9;0;0;10;0
22.04.2017;19;0;15;32;47;42;46;20;19;33;23;38;22;0;17;44;0;30;0;36;0;1;10;29;5;0;31;31;10;0;0;23;0
22.04.2017;20;1;27;37;53;55;51;32;36;21;18;44;29;0;0;31;0;35;0;47;5;1;0;32;9;0;29;12;15;0;0;25;0
22.04.2017;21;0;21;27;33;12;32;12;36;4;32;20;22;0;0;18;0;29;0;41;3;0;0;21;17;0;29;0;24;0;0;16;0
22.04.2017;22;0;23;19;24;0;34;0;36;0;22;0;29;0;0;30;0;26;0;33;0;0;0;13;14;0;21;0;25;0;0;13;0
22.04.2017;23;0;15;14;16;0;30;0;25;0;16;0;27;0;0;19;0;26;0;39;0;0;0;17;11;0;18;0;21;0;0;10;0
22.04.2017;24;0;6;8;14;0;22;0;18;0;13;0;8;0;0;17;0;8;0;18;0;0;0;14;12;0;13;0;16;0;0;8;0
23.04.2017;1;0;5;9;11;0;22;0;16;0;12;0;14;0;0;21;0;13;0;13;0;0;0;19;8;0;6;0;15;0;0;7;0
23.04.2017;2;0;4;2;22;0;25;0;16;0;14;0;11;0;0;18;0;9;0;15;0;0;0;10;19;0;12;0;20;0;0;14;0
23.04.2017;3;0;3;7;24;0;20;0;13;0;10;0;20;0;0;14;0;21;0;33;0;1;0;17;15;0;16;0;14;0;0;6;0
23.04.2017;4;0;9;15;33;8;27;6;21;2;18;6;20;0;0;29;0;24;2;41;3;0;0;17;20;0;19;0;19;0;0;15;0
23.04.2017;5;0;20;24;39;29;36;23;27;41;26;34;26;0;4;34;0;32;13;40;21;0;0;17;10;0;23;2;25;0;0;15;0
23.04.2017;6;1;30;34;50;49;42;27;29;40;27;27;17;0;16;27;0;23;0;24;8;1;0;22;5;0;23;13;21;8;0;14;0
23.04.2017;7;0;18;32;44;51;37;18;22;31;22;25;17;0;21;32;0;24;0;28;0;0;0;28;11;0;12;6;26;11;0;9;0
23.04.2017;8;0;31;34;41;45;36;24;33;35;22;33;21;0;17;22;15;31;0;31;0;0;0;28;13;0;13;8;30;13;0;5;0
23.04.2017;9;0;19;23;26;37;26;24;27;27;18;18;14;0;20;23;22;22;0;27;0;0;9;32;22;3;20;13;24;10;0;19;0
23.04.2017;10;0;20;31;44;40;43;28;24;28;23;22;19;0;26;27;27;23;0;28;0;2;11;22;15;8;11;16;15;16;0;20;0
23.04.2017;11;0;19;40;41;40;40;38;26;46;35;23;21;0;21;21;29;17;0;22;0;0;23;30;26;9;19;16;21;16;0;21;0
23.04.2017;12;0;20;31;41;44;35;32;30;39;29;20;15;0;20;27;25;16;0;17;0;1;15;26;13;10;20;19;23;12;0;18;0
23.04.2017;13;0;25;33;47;63;48;33;35;34;23;17;24;0;27;27;30;25;0;28;0;1;19;29;14;8;15;20;23;14;0;18;0
23.04.2017;14;0;24;38;48;57;45;27;27;27;32;0;28;0;23;23;19;24;0;29;0;1;27;25;13;20;18;9;20;20;0;23;0
23.04.2017;15;0;36;27;49;59;47;48;46;44;20;0;33;0;35;34;26;26;0;31;0;0;28;22;16;13;25;28;27;25;0;30;0
23.04.2017;16;0;37;35;52;66;51;32;37;41;30;24;26;0;20;31;19;31;0;41;0;1;23;27;14;0;30;20;24;13;0;14;0
23.04.2017;17;0;35;29;50;64;49;22;39;27;19;45;25;0;22;36;0;37;0;40;0;0;19;39;13;0;30;23;17;0;0;17;0
23.04.2017;18;0;14;40;45;59;38;23;22;41;39;41;18;0;9;29;0;39;0;42;0;1;1;38;15;0;31;21;15;0;0;13;0
23.04.2017;19;0;20;43;43;56;38;30;28;38;32;45;25;0;14;36;0;39;0;41;0;1;0;31;12;0;21;26;14;0;0;13;0
23.04.2017;20;0;26;43;43;66;44;39;35;29;27;52;20;0;18;34;0;47;0;42;0;1;0;35;6;0;23;18;18;0;0;15;0
23.04.2017;21;0;30;40;42;37;46;19;35;24;32;36;32;0;0;30;0;39;0;39;0;0;0;22;12;0;27;0;31;0;0;15;0
23.04.2017;22;0;28;31;26;0;49;0;40;0;30;0;43;0;0;25;0;32;0;35;0;0;0;18;12;0;27;0;29;0;0;14;0
23.04.2017;23;0;13;13;23;0;39;0;30;0;16;0;36;0;0;27;0;37;0;50;0;0;0;16;10;0;26;0;18;0;0;14;0
23.04.2017;24;0;8;6;17;0;23;0;15;0;13;0;19;0;0;14;0;17;0;25;0;0;0;11;7;0;14;0;12;0;0;8;0
24.04.2017;1;0;3;7;12;0;25;0;13;0;10;0;13;0;0;22;0;11;0;13;0;0;0;25;13;0;6;0;13;0;0;9;0
24.04.2017;2;0;2;6;27;0;28;0;10;0;15;0;13;0;0;27;0;13;0;17;0;0;0;16;25;0;12;0;18;0;0;17;0
24.04.2017;3;0;5;7;23;0;20;0;12;0;19;0;19;0;0;29;0;21;0;26;0;1;0;18;30;0;17;0;20;0;0;22;0
24.04.2017;4;0;7;16;33;8;33;4;18;12;23;2;19;0;7;30;0;30;7;36;10;0;0;19;28;0;24;9;13;0;0;19;0
24.04.2017;5;0;24;31;39;40;31;31;28;42;27;40;15;0;21;26;0;33;15;33;19;0;0;15;13;0;22;12;20;0;0;17;0
24.04.2017;6;0;36;45;51;56;34;40;41;50;36;34;24;0;16;28;0;29;7;24;8;1;0;20;7;0;35;14;24;0;0;12;1
24.04.2017;7;0;24;49;45;56;33;27;29;38;37;29;22;0;16;30;0;30;0;30;0;0;0;28;13;0;25;7;30;0;0;5;0
24.04.2017;8;0;21;28;43;58;39;21;26;31;20;28;20;0;19;28;19;29;0;29;0;0;0;28;15;0;24;9;32;18;0;8;0
24.04.2017;9;0;32;30;36;57;36;34;37;33;27;27;22;0;25;18;35;26;0;35;0;0;0;36;28;0;32;16;22;7;0;27;1
24.04.2017;10;0;17;35;31;42;24;29;28;31;30;23;26;0;33;30;27;21;0;29;0;1;11;28;32;17;36;20;26;0;0;28;1
24.04.2017;11;0;16;32;34;34;23;34;22;43;30;17;20;0;24;30;27;12;0;22;0;0;17;15;15;7;28;25;29;0;0;23;1
24.04.2017;12;0;18;31;51;60;43;29;23;38;30;28;21;0;22;19;24;23;0;24;0;1;13;24;20;0;32;24;23;0;0;16;5
24.04.2017;13;0;29;34;47;60;42;41;35;46;31;28;17;0;27;18;28;26;0;27;0;0;17;33;15;0;27;14;24;5;0;18;2
24.04.2017;14;0;25;33;39;57;39;33;24;32;30;26;20;0;22;20;20;22;0;32;0;2;25;28;25;0;22;20;20;15;0;18;1
24.04.2017;15;0;37;38;48;51;41;45;48;57;39;32;24;0;24;24;29;29;0;36;0;2;17;21;22;0;29;27;31;22;0;23;4
24.04.2017;16;0;25;36;44;51;38;26;38;44;29;30;19;0;26;27;28;31;0;43;0;0;21;31;22;0;23;20;27;22;0;14;1
24.04.2017;17;0;26;33;45;54;40;27;34;31;28;34;26;0;11;26;7;33;0;42;0;0;14;31;11;0;30;25;9;12;0;15;1
24.04.2017;18;0;21;40;52;58;47;16;23;35;28;40;23;0;9;27;0;37;0;46;0;1;0;35;10;0;38;15;7;0;0;11;1
24.04.2017;19;0;21;36;46;58;40;23;28;23;22;39;24;0;12;31;0;34;0;39;0;1;0;37;8;0;40;20;16;0;0;21;1
24.04.2017;20;1;35;42;51;63;48;22;37;31;25;57;37;0;0;35;0;50;0;53;0;1;0;31;5;0;33;1;33;0;0;17;1
24.04.2017;21;0;21;30;28;15;32;7;29;3;24;13;28;0;0;17;0;26;0;33;0;0;0;15;9;0;26;0;24;0;0;10;0
24.04.2017;22;0;27;28;20;0;36;0;37;0;27;0;33;0;0;17;0;25;0;32;0;0;0;8;9;0;20;0;22;0;0;11;0
24.04.2017;23;0;11;15;17;0;31;0;18;0;11;0;28;0;0;13;0;22;0;33;0;0;0;10;8;0;19;0;16;0;0;8;0
24.04.2017;24;0;5;5;18;0;23;0;8;0;12;0;11;0;0;11;0;10;0;17;0;0;0;10;5;0;15;0;16;0;0;4;0
25.04.2017;1;0;3;7;14;0;25;0;11;0;12;0;9;0;0;21;0;10;0;10;0;0;0;21;18;0;8;0;19;0;0;11;0
25.04.2017;2;0;2;2;20;0;21;0;8;0;11;0;15;0;0;16;0;13;0;18;0;0;0;13;18;0;12;0;24;0;0;14;0
25.04.2017;3;0;2;7;22;0;18;0;13;0;17;0;18;0;0;19;0;22;0;30;0;1;0;13;23;0;15;0;15;0;0;12;0
25.04.2017;4;0;10;25;28;3;28;2;19;2;35;2;24;0;0;32;0;30;0;45;5;0;0;23;26;0;17;0;19;0;0;16;0
25.04.2017;5;1;22;33;43;34;35;21;29;36;30;25;17;0;14;31;0;34;0;47;19;0;0;27;13;0;23;8;17;0;0;14;0
25.04.2017;6;0;35;40;46;50;36;38;42;50;32;27;21;0;15;24;0;21;0;21;6;1;0;23;9;0;32;14;25;0;0;15;0
25.04.2017;7;0;25;49;42;54;39;22;37;51;43;27;20;0;26;40;0;21;0;25;0;1;0;24;15;0;34;10;44;0;0;5;1
25.04.2017;8;0;33;30;40;47;36;23;43;35;24;19;27;0;18;27;17;27;0;29;0;1;0;30;18;0;28;10;32;0;0;11;1
25.04.2017;9;0;30;28;37;49;32;25;31;34;24;0;35;0;23;18;32;24;0;30;0;0;0;30;17;0;29;12;26;0;0;22;1
25.04.2017;10;0;14;28;32;28;18;23;25;28;26;0;24;0;34;31;31;20;0;24;0;2;0;27;27;0;23;21;20;0;0;26;0
25.04.2017;11;0;21;37;42;52;34;34;28;39;31;0;26;0;24;16;27;19;0;22;0;1;0;37;18;0;29;17;28;0;0;23;0
25.04.2017;12;0;18;30;41;45;37;33;25;33;26;0;22;0;22;15;32;18;0;26;0;2;0;31;23;0;21;14;24;0;0;21;1
25.04.2017;13;0;23;22;49;59;51;34;32;34;19;0;29;0;18;20;33;23;0;29;0;0;12;32;20;0;31;26;19;0;0;21;2
25.04.2017;14;1;29;33;48;64;44;39;31;37;30;3;27;0;22;23;18;22;0;29;0;0;22;32;35;0;30;25;25;0;0;25;0
25.04.2017;15;0;23;33;39;48;29;41;28;53;32;31;19;0;24;26;31;26;0;31;0;1;20;22;30;0;36;38;26;0;0;18;0
25.04.2017;16;0;39;32;48;49;49;32;45;40;26;33;23;0;22;44;11;28;0;36;0;1;6;29;21;0;24;19;26;0;0;17;1
25.04.2017;17;0;32;36;39;52;35;22;31;30;29;43;37;0;15;31;0;37;0;39;0;0;0;35;13;0;26;21;16;0;0;18;0
25.04.2017;18;0;23;38;52;64;46;25;27;25;28;48;31;0;7;30;0;47;0;40;0;2;0;30;13;0;28;17;9;0;0;15;0
25.04.2017;19;0;16;30;45;49;39;21;23;35;24;31;23;0;11;37;0;29;0;32;0;1;0;33;8;0;29;28;11;0;0;16;0
25.04.2017;20;1;26;39;50;57;43;25;31;31;26;42;35;0;5;38;0;48;0;45;0;1;0;33;20;0;26;11;26;0;0;21;0
25.04.2017;21;0;20;31;36;17;40;8;34;7;31;15;32;0;0;30;0;38;0;40;0;0;0;19;14;0;27;0;23;0;0;19;1
25.04.2017;22;0;34;23;28;0;36;0;43;0;35;0;35;0;0;29;0;32;0;30;0;0;0;13;14;0;20;0;25;0;0;14;0
25.04.2017;23;0;14;11;24;0;30;0;21;0;24;0;24;0;0;24;0;31;0;46;0;0;0;11;15;0;20;0;22;0;0;13;0
25.04.2017;24;0;7;5;12;0;17;0;15;0;11;0;10;0;0;13;0;10;0;18;0;0;0;8;12;0;12;0;13;0;0;6;0
26.04.2017;1;0;6;7;13;0;21;0;9;0;10;0;5;0;0;16;0;2;0;8;0;0;0;17;8;0;14;0;15;0;0;4;0
26.04.2017;2;0;4;2;23;0;19;0;13;0;10;0;14;0;0;14;0;13;0;28;0;0;0;9;16;0;22;0;13;0;0;7;0
26.04.2017;3;0;4;6;25;0;23;0;10;0;14;0;17;0;0;18;0;22;0;37;0;1;0;15;11;0;19;0;14;0;0;7;1
26.04.2017;4;0;9;22;29;0;30;0;20;0;35;0;29;0;0;31;0;32;6;46;5;0;0;19;17;0;20;0;24;0;0;14;0
26.04.2017;5;0;25;28;40;29;30;21;38;37;29;29;33;0;7;26;0;32;15;36;21;0;0;18;6;0;26;6;27;0;0;9;0
26.04.2017;6;1;30;40;46;54;43;25;35;54;39;32;16;0;17;30;0;26;6;26;6;1;0;21;8;0;32;15;27;0;0;14;2
26.04.2017;7;0;30;46;44;61;42;29;30;40;38;29;15;0;27;42;0;30;0;31;0;0;0;29;16;0;28;9;38;0;0;8;0
26.04.2017;8;1;35;39;43;51;41;33;38;45;26;26;25;0;25;40;11;31;0;32;0;0;0;32;23;0;30;13;38;0;0;11;0
26.04.2017;9;0;26;33;26;44;27;24;27;29;25;22;15;0;19;23;29;29;0;31;0;1;0;31;22;0;26;12;25;0;0;16;2
26.04.2017;10;0;16;31;38;48;33;26;18;30;25;19;21;0;17;36;15;18;0;27;0;1;0;23;22;0;29;16;20;0;0;17;1
26.04.2017;11;0;21;40;44;48;39;47;28;49;38;19;18;0;27;32;26;13;0;19;0;0;0;37;24;0;31;32;32;0;0;26;0
26.04.2017;12;0;21;35;48;50;49;31;25;37;30;18;14;0;26;25;25;15;0;16;0;1;0;42;31;0;26;22;23;0;0;22;2
26.04.2017;13;0;30;33;46;52;48;37;41;44;30;22;13;0;22;20;22;23;0;31;0;1;10;34;21;0;33;22;27;0;0;16;1
26.04.2017;14;0;25;34;42;66;45;48;32;38;29;39;21;0;23;21;23;30;0;33;0;1;28;34;28;0;28;20;21;0;0;18;1
26.04.2017;15;0;33;36;43;46;38;51;38;53;32;28;17;0;30;31;26;26;0;31;0;2;22;18;31;0;31;33;25;0;0;24;4
26.04.2017;16;1;32;40;45;58;48;51;38;48;40;29;19;0;25;32;19;33;0;32;0;0;19;19;27;0;32;27;22;0;0;16;0
26.04.2017;17;0;33;40;47;58;50;33;35;36;30;38;29;0;15;34;6;35;0;39;0;0;8;38;21;0;29;17;16;0;0;15;1
26.04.2017;18;0;21;40;51;56;51;26;25;40;33;49;25;0;19;43;0;41;0;45;0;0;0;36;15;0;35;22;10;0;0;16;0
26.04.2017;19;0;23;39;54;59;53;34;28;33;32;34;22;0;12;33;0;32;0;49;0;2;0;43;6;0;38;23;10;0;0;21;0
26.04.2017;20;1;31;42;49;56;38;26;34;37;27;43;29;0;8;41;0;40;0;45;0;1;0;36;11;0;33;5;27;0;0;21;0
26.04.2017;21;0;19;39;37;13;43;5;32;7;37;22;29;0;0;25;0;37;0;43;0;0;0;22;20;0;23;0;34;0;0;15;0
26.04.2017;22;0;26;24;27;0;36;0;32;0;25;0;34;0;0;33;0;28;0;37;0;0;0;17;18;0;20;0;29;0;0;21;0
26.04.2017;23;0;16;21;19;0;30;0;21;0;21;0;36;0;0;23;0;33;0;43;0;0;0;12;18;0;21;0;20;0;0;13;0
26.04.2017;24;0;7;4;15;0;20;0;14;0;11;0;7;0;0;10;0;4;0;17;0;0;0;12;7;0;15;0;16;0;0;3;0
27.04.2017;1;0;4;8;15;0;26;0;13;0;14;0;7;0;0;22;0;5;0;12;0;0;0;20;11;0;6;0;22;0;0;8;0
27.04.2017;2;0;2;4;26;0;21;0;18;0;13;0;13;0;0;22;0;16;0;19;0;0;0;11;13;0;16;0;20;0;0;17;0
27.04.2017;3;0;3;4;24;0;15;0;11;0;10;0;18;0;0;16;0;21;0;26;0;1;0;14;14;0;13;0;17;0;0;12;0
27.04.2017;4;0;8;19;31;0;23;5;27;0;35;0;21;0;0;25;0;34;0;46;6;0;0;11;17;0;13;0;27;0;0;10;0
27.04.2017;5;0;22;30;40;36;31;21;32;43;36;26;19;0;12;26;0;34;0;48;20;0;0;13;10;0;25;9;17;0;0;12;0
27.04.2017;6;0;30;38;45;51;28;31;37;46;32;30;21;0;20;28;0;27;0;27;10;1;0;25;7;0;32;17;21;0;0;16;0
27.04.2017;7;0;31;47;42;55;41;25;33;45;39;30;19;0;21;33;0;27;0;29;0;1;0;23;16;0;28;16;32;0;0;12;1
27.04.2017;8;0;35;48;41;58;43;32;37;45;38;37;28;0;20;28;19;32;0;35;0;1;0;33;24;0;28;11;40;0;0;13;2
27.04.2017;9;0;29;32;31;54;30;26;32;37;28;30;24;0;28;24;39;28;0;33;0;0;0;39;18;0;29;15;29;0;0;18;2
27.04.2017;10;0;19;35;32;50;30;28;19;41;32;26;22;0;35;27;36;15;0;24;0;1;0;25;25;0;41;25;23;0;0;29;1
27.04.2017;11;0;27;36;40;55;45;47;33;58;36;36;17;0;28;21;30;17;0;27;0;0;0;31;29;0;38;21;37;0;0;27;0
27.04.2017;12;0;28;36;49;54;47;46;36;46;33;24;18;0;33;25;36;17;0;18;0;1;12;29;30;0;26;26;28;0;0;23;0
27.04.2017;13;0;26;27;47;62;46;34;32;34;21;11;32;0;31;31;33;29;0;36;0;1;18;33;16;5;24;25;27;21;0;23;0
27.04.2017;14;0;30;36;44;55;45;41;35;49;36;0;35;0;21;22;16;24;0;22;0;0;30;24;17;17;18;26;20;17;0;21;0
27.04.2017;15;0;37;36;42;45;44;54;50;60;32;13;28;0;30;24;30;26;0;28;0;0;25;18;20;11;21;41;31;13;0;30;0
27.04.2017;16;0;35;36;51;55;51;42;43;44;33;34;19;0;22;25;27;28;0;30;0;0;14;19;22;4;19;25;30;10;0;16;0
27.04.2017;17;2;36;35;43;55;47;36;40;44;28;41;23;0;18;28;18;34;0;42;0;1;11;30;24;0;31;26;21;0;0;17;0
27.04.2017;18;0;23;37;50;64;55;26;24;38;31;42;23;0;13;40;0;35;0;42;0;2;15;28;21;0;29;22;10;0;0;18;1
27.04.2017;19;0;24;41;49;53;47;33;28;38;28;33;28;0;13;36;0;28;0;40;0;1;3;34;9;0;32;31;12;0;0;21;1
27.04.2017;20;1;18;39;49;46;46;21;22;30;22;48;34;0;5;34;0;43;0;48;0;1;0;33;11;0;28;18;22;0;0;11;1
27.04.2017;21;0;23;31;34;12;40;5;38;11;33;20;34;0;0;26;0;33;0;39;0;0;0;20;18;0;27;0;32;0;0;15;1
27.04.2017;22;0;25;26;25;0;29;0;27;0;26;0;37;0;0;21;0;31;0;37;0;0;0;19;11;0;24;0;25;0;0;9;0
27.04.2017;23;0;19;15;16;0;28;0;21;0;14;0;32;0;0;23;0;32;0;48;0;0;0;15;12;0;25;0;23;0;0;12;0
27.04.2017;24;0;5;12;16;0;21;0;12;0;18;0;11;0;0;14;0;7;0;20;0;0;0;15;12;0;16;0;20;0;0;6;0
28.04.2017;1;0;7;5;20;0;27;0;12;0;15;0;14;0;0;20;0;13;0;17;0;0;0;20;9;0;9;0;21;0;0;8;0
28.04.2017;2;0;6;7;18;0;17;0;17;0;6;0;11;0;0;20;0;16;0;21;0;0;0;10;18;0;13;0;13;0;0;19;0
28.04.2017;3;0;3;9;22;0;31;0;11;0;17;0;24;0;0;17;0;30;0;29;0;1;0;14;17;0;15;0;19;0;0;11;0
28.04.2017;4;0;7;22;34;2;37;0;19;0;35;2;31;0;0;33;0;30;9;37;12;0;0;19;22;0;15;0;29;0;0;18;0
28.04.2017;5;0;23;33;44;34;43;19;28;37;35;31;24;0;7;34;0;36;20;33;18;0;0;19;11;0;22;4;28;0;0;14;0
28.04.2017;6;0;30;40;47;55;44;30;30;51;38;43;30;0;16;32;0;35;5;25;10;1;0;26;5;0;30;13;23;0;0;14;0
28.04.2017;7;0;32;52;43;56;38;32;34;50;53;23;25;0;23;36;0;27;0;29;0;0;0;28;21;0;29;16;34;0;0;13;2
28.04.2017;8;1;39;51;45;66;45;41;46;56;51;0;41;0;23;28;21;31;0;36;0;1;0;30;28;0;39;16;41;0;0;12;1
28.04.2017;9;0;31;46;34;67;37;41;36;47;44;0;35;0;33;34;28;28;0;32;0;0;8;41;30;0;32;20;33;7;0;23;2
28.04.2017;10;0;27;38;33;55;35;30;28;42;36;0;29;0;40;35;32;24;0;25;0;1;14;24;28;6;22;21;27;17;0;33;0
28.04.2017;11;0;25;45;36;63;43;42;35;54;43;7;24;0;25;27;34;15;0;14;0;0;23;24;19;17;21;29;34;12;0;29;1
28.04.2017;12;0;37;37;42;67;40;40;39;57;37;26;21;0;33;36;33;19;0;18;0;1;18;26;20;13;17;30;35;5;0;22;1
28.04.2017;13;0;33;35;49;66;48;35;29;45;27;38;26;0;31;34;24;32;0;37;0;0;20;25;16;12;16;27;29;15;0;21;2
28.04.2017;14;0;45;38;49;64;47;55;43;35;33;39;22;0;24;27;15;30;0;35;0;0;22;37;25;9;25;23;21;21;0;24;1
28.04.2017;15;0;42;39;44;54;35;36;41;54;31;33;33;0;30;26;33;28;0;33;0;0;27;24;21;18;25;29;38;24;0;34;2
28.04.2017;16;0;39;43;46;60;43;48;42;59;38;41;25;0;36;42;40;32;0;39;0;1;13;25;26;14;29;25;41;21;0;26;1
28.04.2017;17;0;42;37;46;66;41;37;38;31;29;39;32;0;21;39;10;32;0;37;0;0;16;29;27;7;22;23;17;19;0;25;1
28.04.2017;18;0;29;41;50;57;47;24;29;32;30;37;32;0;18;41;0;35;0;48;0;0;10;22;21;0;24;22;13;24;0;19;1
28.04.2017;19;0;19;43;45;58;38;32;23;30;31;34;27;0;23;45;0;35;0;45;0;1;14;17;10;0;34;26;11;8;0;24;0
28.04.2017;20;1;32;43;50;65;41;39;36;34;30;44;38;0;19;46;0;41;0;41;0;2;2;38;13;0;34;19;21;0;0;22;1
28.04.2017;21;0;32;42;34;50;36;35;26;38;33;30;21;0;0;31;0;28;0;38;0;0;0;21;16;0;29;0;34;0;0;16;1
28.04.2017;22;0;30;33;30;6;30;1;33;14;25;7;39;0;0;33;0;26;0;27;0;0;0;12;12;0;21;0;35;0;0;15;1
28.04.2017;23;0;16;20;25;0;26;0;21;0;17;0;39;0;0;32;0;38;0;51;0;0;0;12;17;0;24;0;15;0;0;19;1
28.04.2017;24;0;16;9;18;0;19;0;25;0;17;0;16;0;0;16;0;14;0;25;0;0;0;14;21;0;14;0;23;0;0;18;0
29.04.2017;1;0;9;9;21;0;29;0;22;0;21;0;10;0;0;27;0;7;0;13;0;0;0;28;14;0;9;0;30;0;0;14;0
29.04.2017;2;0;12;8;25;0;26;0;34;0;23;0;9;0;0;28;0;12;0;25;0;0;0;17;34;0;18;0;35;0;0;25;0
29.04.2017;3;0;7;9;28;0;41;0;27;0;22;0;25;0;0;21;0;32;0;33;0;1;0;21;37;0;15;0;23;0;0;16;0
29.04.2017;4;0;12;24;36;7;47;6;25;7;31;8;31;0;0;46;0;36;3;38;5;0;0;21;29;0;18;0;25;0;0;19;1
29.04.2017;5;0;19;30;41;34;43;19;20;42;31;31;21;0;7;36;0;30;13;37;22;0;0;20;19;0;21;5;26;0;0;16;0
29.04.2017;6;0;32;46;48;54;46;28;27;47;42;29;34;0;22;31;0;24;0;25;11;1;0;25;14;0;28;16;22;9;0;21;0
29.04.2017;7;1;28;48;43;55;45;30;27;41;36;29;22;0;22;37;2;23;0;28;0;0;0;26;19;0;13;12;39;12;0;14;0
29.04.2017;8;0;42;37;40;55;50;37;37;41;38;29;25;0;17;27;26;27;0;30;0;0;1;29;31;5;8;14;39;17;0;10;0
29.04.2017;9;0;32;36;29;46;40;29;36;38;38;21;17;0;26;20;36;23;0;23;0;2;10;31;18;15;14;12;30;11;0;19;0
29.04.2017;10;1;25;40;41;41;41;27;27;35;37;20;16;0;36;30;41;20;0;21;0;1;14;21;21;9;13;21;21;10;0;33;0
29.04.2017;11;0;18;42;36;36;34;37;26;49;42;23;28;0;36;33;34;19;0;21;0;1;20;27;21;14;12;24;28;8;0;32;2
29.04.2017;12;0;28;34;48;62;46;41;33;44;30;25;19;0;33;22;29;16;0;20;0;1;24;33;12;20;19;20;31;5;0;31;2
29.04.2017;13;0;29;37;47;63;48;37;30;41;32;22;12;0;32;27;29;16;0;23;0;0;14;25;13;13;17;20;34;16;0;23;0
29.04.2017;14;0;29;30;45;55;40;41;32;37;29;28;16;0;20;26;19;26;0;31;0;0;27;36;14;12;25;16;20;17;0;17;0
29.04.2017;15;0;25;35;47;62;47;37;28;36;30;36;21;0;26;24;25;26;0;33;0;0;28;28;19;12;24;16;31;19;0;21;1
29.04.2017;16;0;27;38;47;58;47;27;34;48;38;33;22;0;28;38;26;30;0;39;0;1;16;27;24;0;26;22;32;1;0;19;0
29.04.2017;17;1;21;35;47;45;44;27;23;35;30;30;26;0;22;39;18;31;0;34;0;0;11;29;19;0;23;27;22;0;0;17;0
29.04.2017;18;0;20;43;42;48;35;22;24;32;44;28;17;0;15;42;0;30;0;29;0;1;1;36;14;0;26;20;14;0;0;12;0
29.04.2017;19;0;21;33;48;36;36;26;26;34;33;36;25;0;22;42;0;33;0;39;0;0;0;23;14;0;27;24;13;0;0;24;2
29.04.2017;20;1;29;36;46;48;37;23;29;23;29;41;26;0;7;34;0;34;0;34;0;2;0;32;9;0;28;10;19;0;0;20;0
29.04.2017;21;0;17;32;33;19;31;15;29;14;37;13;22;0;0;24;0;28;0;41;0;0;0;15;15;0;25;0;27;0;0;19;0
29.04.2017;22;0;23;27;21;0;31;0;36;0;33;0;38;0;0;32;0;27;0;39;0;0;0;10;14;0;28;0;29;0;0;18;0
29.04.2017;23;0;16;21;25;0;33;0;25;0;20;3;27;0;0;30;0;25;0;40;0;0;0;18;10;0;24;0;26;0;0;10;0
29.04.2017;24;0;14;17;16;0;28;0;30;0;18;1;15;0;0;16;0;11;0;24;0;1;0;13;14;0;18;0;14;0;0;14;0
30.04.2017;1;0;9;11;16;0;30;0;18;0;17;0;15;0;0;20;0;12;0;14;0;0;0;21;13;0;12;0;24;0;0;9;0
30.04.2017;2;0;7;11;22;0;31;0;26;0;21;0;15;0;0;27;0;17;0;26;0;0;0;16;27;0;16;0;30;0;0;17;0
30.04.2017;3;0;4;9;27;0;32;0;16;0;20;0;25;0;0;30;0;24;0;35;0;1;0;23;24;0;15;0;22;0;0;13;1
30.04.2017;4;0;7;19;33;9;33;4;18;6;19;15;31;0;10;39;0;26;11;39;13;0;0;20;26;0;20;4;18;0;0;21;0
30.04.2017;5;0;23;25;45;38;43;18;26;34;20;38;26;0;21;34;0;20;15;36;29;0;0;15;13;0;19;10;18;0;0;16;0
30.04.2017;6;1;27;37;49;49;45;27;32;38;34;33;27;0;18;30;0;16;4;22;11;1;0;19;7;0;24;13;21;10;0;16;0
30.04.2017;7;0;27;35;39;48;40;27;26;34;33;30;23;0;29;36;0;30;0;34;0;0;0;25;20;0;22;8;35;12;0;12;1
30.04.2017;8;0;33;40;40;51;42;24;35;39;39;29;24;0;23;27;17;26;0;29;0;0;0;25;19;0;28;12;34;2;0;11;0
30.04.2017;9;0;27;34;34;55;43;27;31;39;41;20;12;0;35;30;36;23;0;26;0;1;0;38;22;7;28;17;29;0;0;21;0
30.04.2017;10;0;23;32;41;43;43;33;31;34;29;20;11;0;43;31;32;14;0;20;0;1;3;34;19;24;28;19;18;0;0;34;0
30.04.2017;11;0;22;39;41;50;41;38;30;43;37;21;14;0;31;26;31;16;0;22;0;0;23;30;25;6;27;19;25;0;0;29;0
30.04.2017;12;0;18;40;45;43;35;42;24;47;34;26;20;0;29;27;25;22;0;21;0;1;15;27;23;14;22;24;32;0;0;25;0
30.04.2017;13;0;31;32;41;60;38;43;33;41;27;25;16;0;30;25;25;25;0;29;0;0;16;35;15;14;18;22;34;14;0;25;0
30.04.2017;14;0;23;31;45;47;40;26;18;40;25;22;17;0;34;31;22;24;0;34;0;0;22;30;10;18;24;16;27;6;0;24;0
30.04.2017;15;0;37;33;46;52;41;43;38;54;31;35;20;0;33;34;26;30;0;27;0;0;25;19;8;15;29;21;28;0;0;32;1
30.04.2017;16;0;26;35;46;48;39;23;24;39;27;20;20;0;21;36;26;21;0;24;0;1;15;23;13;8;29;23;27;0;0;16;0
30.04.2017;17;0;24;38;46;49;40;27;24;35;31;26;26;0;15;29;8;34;0;35;0;0;14;24;15;9;28;18;15;0;0;15;1
30.04.2017;18;0;16;41;49;39;38;22;15;36;35;33;19;0;18;44;0;34;0;32;0;1;3;28;14;0;23;19;13;0;0;12;0
30.04.2017;19;0;15;38;37;46;31;26;22;33;37;28;15;0;23;47;0;29;0;37;0;1;0;28;9;0;31;13;18;0;0;25;0
30.04.2017;20;0;26;44;45;40;30;23;28;27;30;41;34;0;0;40;0;32;0;38;0;1;0;23;11;0;28;0;28;0;0;25;0
30.04.2017;21;0;18;37;35;9;38;9;33;10;37;18;21;0;0;34;0;30;0;38;0;0;0;19;16;0;25;0;26;0;0;23;0
30.04.2017;22;0;25;31;26;0;29;0;35;0;41;0;45;0;0;35;0;29;0;34;0;0;0;10;13;0;20;0;33;0;0;18;0
30.04.2017;23;0;14;19;27;0;27;0;26;0;25;0;30;0;0;26;0;28;0;37;0;0;0;11;17;0;20;0;25;0;0;17;0
30.04.2017;24;0;8;10;13;0;15;0;12;0;14;0;13;0;0;16;0;11;0;23;0;0;0;7;7;0;15;0;19;0;0;7;0
