01.12.2017;1;0;1;5;12;0;14;0;4;0;6;0;7;0;0;16;0;9;0;16;0;0;0;18;6;0;5;0;7;0;0;8;0
01.12.2017;2;0;2;4;17;0;29;0;9;0;7;0;14;0;0;18;0;21;0;30;0;0;0;23;11;0;7;0;13;0;0;12;0
01.12.2017;3;0;3;7;22;27;37;0;15;0;19;0;36;0;0;13;0;45;0;43;0;0;0;26;17;0;12;0;18;0;0;10;0
01.12.2017;4;0;9;17;36;43;33;4;22;15;21;11;32;0;1;23;0;46;0;41;3;0;0;28;15;0;15;0;21;0;0;11;0
01.12.2017;5;2;24;41;49;35;37;29;26;38;28;35;20;0;7;33;0;36;0;51;19;0;0;14;9;0;16;9;24;0;0;18;0
01.12.2017;6;3;36;66;51;48;46;31;34;43;36;40;18;0;17;29;0;30;0;24;9;0;0;20;13;0;25;11;22;0;0;16;0
01.12.2017;7;0;17;34;42;56;39;25;20;25;24;29;18;0;18;29;0;27;0;30;0;0;0;33;12;0;20;8;23;0;0;9;0
01.12.2017;8;0;36;36;47;71;48;29;35;38;30;41;20;0;16;22;13;37;0;47;0;0;5;30;21;0;21;8;26;18;0;12;0
01.12.2017;9;1;26;33;43;58;46;24;34;38;25;35;18;0;26;28;27;28;0;31;0;0;0;30;19;0;21;14;37;7;0;16;1
01.12.2017;10;5;15;42;40;49;43;26;19;35;24;30;18;0;28;27;34;27;0;29;0;0;0;32;14;0;29;16;26;0;0;26;0
01.12.2017;11;1;21;35;42;53;44;36;28;51;34;26;21;0;33;31;29;25;0;30;0;0;11;28;30;0;27;29;27;11;0;29;0
01.12.2017;12;0;24;44;34;46;33;34;31;43;40;21;14;0;37;29;32;16;0;21;0;0;16;15;23;0;15;18;29;9;0;30;0
01.12.2017;13;0;27;40;50;58;51;38;31;40;37;35;19;0;35;37;18;32;0;36;0;0;16;19;17;0;15;21;26;9;0;24;0
01.12.2017;14;0;28;32;33;54;40;41;31;33;29;39;15;0;22;19;24;37;0;37;0;0;20;33;33;0;22;26;17;19;0;25;0
01.12.2017;15;0;27;29;40;58;46;42;24;42;25;26;13;0;17;18;14;16;0;27;0;0;29;29;36;0;25;27;19;21;0;22;1
01.12.2017;16;0;36;36;44;52;46;40;37;48;39;43;7;0;27;27;26;31;0;38;0;0;19;18;22;0;25;24;16;21;0;26;0
01.12.2017;17;0;28;33;40;48;44;42;30;53;37;33;7;0;11;31;7;29;0;40;0;0;13;11;15;0;17;28;24;9;0;17;0
01.12.2017;18;0;31;34;47;47;49;25;29;46;35;36;9;0;14;32;0;34;0;27;0;0;3;18;15;0;35;22;18;4;0;11;0
01.12.2017;19;0;30;33;41;52;42;28;32;41;36;24;12;0;18;36;0;30;0;30;0;0;0;30;11;0;28;21;17;0;0;17;0
01.12.2017;20;0;39;31;48;61;42;33;39;37;35;40;18;0;17;32;0;30;0;33;0;0;0;32;8;0;35;11;10;0;0;19;0
01.12.2017;21;0;25;42;45;37;49;19;33;38;44;28;21;0;0;27;0;31;0;48;0;0;0;32;15;0;35;0;30;0;0;22;0
01.12.2017;22;1;22;40;52;0;62;0;37;17;36;0;46;0;0;24;0;35;0;44;0;0;0;28;10;0;34;0;30;0;0;16;0
01.12.2017;23;0;23;22;44;0;52;0;33;0;26;0;33;0;0;25;0;29;0;32;0;0;0;21;15;0;24;0;26;0;0;12;0
01.12.2017;24;0;12;16;25;0;36;0;23;0;17;0;19;0;0;28;0;20;0;31;0;0;0;23;23;0;25;0;21;0;0;24;0
02.12.2017;1;0;3;5;26;0;28;0;10;0;10;0;13;0;0;16;0;18;0;25;0;0;0;7;7;0;19;0;22;0;0;8;0
02.12.2017;2;0;3;2;20;0;20;0;14;0;5;0;8;0;0;13;0;12;0;19;0;0;0;15;9;0;12;0;13;0;0;9;0
02.12.2017;3;0;1;6;28;0;24;0;15;0;9;0;25;0;0;20;0;28;0;33;0;0;0;18;15;0;8;0;20;0;0;12;0
02.12.2017;4;0;11;13;33;9;27;6;17;5;17;11;24;0;9;31;0;26;7;32;11;0;0;24;20;0;15;9;18;0;0;12;0
02.12.2017;5;0;20;27;45;49;48;32;28;23;18;36;18;0;19;24;0;18;12;21;15;0;0;17;13;0;23;12;14;0;0;18;0
02.12.2017;6;0;25;36;39;38;27;34;33;32;25;36;21;0;16;27;0;24;15;33;22;0;0;17;9;0;23;5;27;0;0;11;0
02.12.2017;7;0;21;38;49;45;41;34;28;40;35;45;27;0;18;38;0;37;7;32;10;0;0;25;9;0;18;17;24;0;0;8;0
02.12.2017;8;0;38;38;48;55;49;34;40;34;27;37;26;0;13;24;11;36;0;37;0;0;0;29;18;0;29;13;25;0;0;7;1
02.12.2017;9;0;27;30;54;57;43;49;39;38;22;24;22;0;33;21;34;31;0;38;0;0;0;36;37;0;32;12;33;0;0;21;0
02.12.2017;10;0;19;36;40;41;39;31;20;30;26;26;24;0;26;22;42;30;0;41;0;0;0;42;21;0;24;20;24;0;0;25;0
02.12.2017;11;0;15;42;46;47;41;43;21;47;40;30;18;0;26;24;29;24;0;24;0;0;16;33;29;0;33;24;32;0;0;25;0
02.12.2017;12;0;25;32;48;49;44;35;30;38;29;36;16;0;24;33;28;29;0;26;0;0;19;23;27;0;23;20;32;0;0;24;0
02.12.2017;13;0;26;32;52;52;44;47;28;35;28;23;14;0;29;39;10;26;0;31;0;0;15;26;27;0;23;17;23;1;0;30;0
02.12.2017;14;0;27;28;49;47;40;34;27;32;22;18;10;0;17;37;0;16;0;19;0;0;25;24;26;0;22;22;20;14;0;17;0
02.12.2017;15;0;23;30;43;55;32;50;32;40;20;22;15;0;21;39;0;20;0;31;0;0;25;26;39;0;21;28;23;19;0;18;0
02.12.2017;16;0;31;28;51;51;48;46;35;48;32;40;26;0;23;49;0;37;0;44;0;0;21;21;29;0;21;34;24;13;0;23;0
02.12.2017;17;0;31;30;48;42;44;33;36;35;23;31;21;0;18;43;0;24;0;28;0;0;11;23;10;0;22;25;17;12;0;18;0
02.12.2017;18;0;18;35;57;48;44;23;24;39;31;26;20;0;14;35;0;29;0;32;0;0;0;23;16;0;31;27;13;0;0;17;0
02.12.2017;19;0;21;27;55;60;47;26;30;23;17;30;21;0;14;37;0;26;0;36;0;0;0;43;10;0;30;20;12;0;0;22;0
02.12.2017;20;0;30;23;55;64;56;37;36;26;11;40;21;0;0;31;0;38;0;53;0;0;0;33;8;0;39;0;24;0;0;22;0
02.12.2017;21;0;26;27;48;11;51;10;38;10;23;10;27;0;0;23;0;23;0;42;0;0;0;25;16;0;30;0;24;0;0;12;0
02.12.2017;22;0;26;21;27;0;43;0;33;0;26;0;40;0;0;23;0;35;0;44;0;0;0;19;12;0;24;0;32;0;0;8;0
02.12.2017;23;0;7;9;23;0;32;0;15;0;12;0;18;0;0;20;0;22;0;35;0;0;0;14;8;0;22;0;16;0;0;6;0
02.12.2017;24;0;2;9;12;0;14;0;9;0;12;0;7;0;0;13;0;4;0;19;0;0;0;12;9;0;21;0;13;0;0;6;0
03.12.2017;1;0;2;7;11;0;20;0;2;0;7;0;7;0;0;14;0;4;0;12;0;0;0;19;5;0;11;0;7;0;0;8;0
03.12.2017;2;0;2;2;20;0;27;0;11;0;12;0;9;0;0;20;0;8;0;16;0;0;0;19;8;0;7;0;15;0;0;9;0
03.12.2017;3;0;3;3;26;0;31;0;9;0;10;0;31;0;0;17;0;35;0;40;0;0;0;18;18;0;9;0;14;0;0;15;0
03.12.2017;4;0;9;10;43;8;34;4;16;4;23;9;29;0;0;27;0;36;0;41;5;0;0;20;19;0;12;0;28;0;0;14;0
03.12.2017;5;0;25;31;48;27;36;34;38;39;26;40;18;0;9;28;0;41;0;50;18;0;0;12;8;0;20;6;26;0;0;13;0
03.12.2017;6;0;30;31;48;35;29;24;32;35;24;28;22;0;20;27;0;32;0;27;7;0;0;12;11;0;22;6;28;0;0;8;0
03.12.2017;7;0;18;24;46;51;34;29;25;32;24;22;11;0;20;31;0;27;0;28;0;0;0;27;14;0;29;14;23;0;0;8;0
03.12.2017;8;0;37;36;35;49;29;23;44;39;27;30;16;0;21;40;0;33;0;30;0;0;0;29;16;0;29;8;29;0;0;11;0
03.12.2017;9;0;15;23;43;35;29;35;30;28;22;15;11;0;23;44;20;24;0;29;0;0;0;35;20;0;23;11;29;0;0;21;0
03.12.2017;10;0;18;33;46;50;36;33;25;37;30;23;17;0;33;17;34;22;0;23;0;0;0;36;24;0;28;27;18;0;0;33;0
03.12.2017;11;0;19;39;43;36;27;37;33;41;31;22;15;0;29;27;24;21;0;22;0;0;3;22;26;0;26;10;28;0;0;30;0
03.12.2017;12;0;21;35;48;51;40;44;31;31;29;22;17;0;36;63;0;26;0;26;0;0;20;18;25;0;22;15;35;0;0;27;0
03.12.2017;13;1;33;33;47;64;50;44;39;28;21;31;30;0;23;46;0;35;0;36;0;0;22;27;23;0;31;20;18;0;0;29;0
03.12.2017;14;0;27;32;49;52;51;30;32;33;22;24;18;0;17;45;0;24;0;27;0;0;26;30;25;0;32;20;18;0;0;18;0
03.12.2017;15;0;30;31;49;66;53;41;38;46;29;26;12;0;24;56;0;21;0;41;0;0;34;37;37;0;37;29;28;0;0;18;0
03.12.2017;16;0;27;27;56;61;60;41;31;34;22;38;20;0;30;62;0;42;0;47;0;0;20;31;30;0;30;25;27;0;0;25;0
03.12.2017;17;0;31;31;52;57;52;33;32;36;35;34;19;0;18;39;0;34;0;37;0;0;0;39;17;0;29;25;20;0;0;16;0
03.12.2017;18;0;22;28;52;53;47;20;28;34;31;40;14;0;16;40;0;45;0;54;0;0;0;33;16;0;34;25;12;0;0;15;0
03.12.2017;19;0;20;30;58;60;47;23;25;31;32;41;20;0;18;40;0;33;0;34;0;0;0;44;12;0;29;19;8;0;0;19;0
03.12.2017;20;0;27;38;52;54;43;37;39;35;38;46;20;0;21;32;0;46;0;50;0;0;0;28;6;0;27;25;13;0;0;25;0
03.12.2017;21;0;32;34;41;31;37;13;33;9;37;24;31;0;0;22;0;41;0;41;0;0;0;24;13;0;22;0;27;0;0;15;0
03.12.2017;22;0;26;32;19;0;37;0;38;0;39;0;49;0;0;20;0;44;0;54;0;0;0;19;10;0;26;0;26;0;0;7;0
03.12.2017;23;0;7;13;20;0;32;0;17;0;23;0;25;0;0;21;0;25;0;42;0;0;0;15;12;0;25;0;21;0;0;7;0
03.12.2017;24;0;3;6;11;0;22;0;12;0;7;0;11;0;0;11;0;10;0;29;0;0;0;18;6;0;23;0;9;0;0;6;0
04.12.2017;1;0;2;8;13;0;15;0;5;0;5;0;6;0;0;11;0;5;0;12;0;0;0;19;6;0;8;0;10;0;0;6;0
04.12.2017;2;0;6;3;19;0;27;0;13;0;11;0;9;0;0;24;0;7;0;14;0;0;0;22;15;0;7;0;16;0;0;17;0
04.12.2017;3;0;4;6;25;0;29;0;12;0;15;0;18;0;0;20;0;27;0;35;0;0;0;15;22;0;7;0;15;0;0;19;0
04.12.2017;4;0;7;12;41;20;43;10;9;16;22;15;26;0;0;28;0;42;5;36;3;0;0;19;18;0;20;0;25;0;0;14;0
04.12.2017;5;0;24;25;33;38;34;27;22;41;29;34;11;0;0;27;0;23;12;28;17;0;0;10;10;0;18;13;24;0;0;18;0
04.12.2017;6;1;35;25;42;46;34;34;31;41;27;34;21;0;4;18;0;29;4;27;11;0;0;10;9;0;32;8;17;0;0;13;0
04.12.2017;7;0;27;43;40;52;33;21;25;38;39;35;25;0;19;27;0;29;0;26;1;0;0;14;2;0;29;6;26;0;0;7;0
04.12.2017;8;0;25;44;36;46;32;26;23;32;44;44;27;0;18;26;0;31;0;34;0;0;0;21;12;0;26;7;20;0;0;6;0
04.12.2017;9;0;33;41;44;49;41;27;32;40;41;42;28;0;24;47;0;33;0;38;0;0;0;23;20;0;30;14;40;0;0;17;0
04.12.2017;10;0;22;28;56;65;51;27;21;39;32;35;17;0;29;43;33;33;0;40;0;0;0;39;28;0;39;25;37;0;0;25;0
04.12.2017;11;0;13;42;40;43;34;24;16;40;37;28;21;0;28;45;0;25;0;16;0;0;0;32;21;0;31;17;30;0;0;21;0
04.12.2017;12;1;19;42;36;52;36;34;24;33;33;22;8;0;24;47;0;20;0;22;0;0;8;27;19;0;26;14;23;0;0;16;0
04.12.2017;13;0;22;30;41;56;50;36;23;32;29;41;9;0;29;47;0;35;0;36;0;0;23;23;19;0;31;17;20;0;0;26;0
04.12.2017;14;1;36;35;47;46;42;42;33;38;28;30;11;0;14;30;0;23;0;23;0;0;18;13;29;0;33;26;15;0;0;21;0
04.12.2017;15;0;28;27;40;69;41;51;33;45;25;28;9;0;20;40;0;28;0;34;0;0;30;29;34;0;42;32;21;0;0;14;0
04.12.2017;16;0;31;26;43;50;45;43;31;44;27;36;15;0;33;62;0;37;0;42;0;0;24;20;25;0;32;23;21;0;0;27;0
04.12.2017;17;0;24;37;53;67;46;30;22;31;29;33;18;0;15;42;0;32;0;36;0;0;7;34;7;0;32;16;18;0;0;16;0
04.12.2017;18;0;25;33;47;51;43;25;26;34;24;37;18;0;14;26;0;33;0;32;0;0;0;27;9;0;26;22;15;0;0;13;0
04.12.2017;19;0;26;38;41;52;37;27;27;27;26;39;25;0;20;31;0;40;0;34;0;0;6;31;11;0;24;15;9;0;0;24;0
04.12.2017;20;0;26;37;53;59;41;37;31;37;25;40;23;0;4;30;0;44;0;40;0;0;0;31;7;0;30;10;30;0;0;22;0
04.12.2017;21;0;29;21;45;24;41;13;38;31;14;28;30;0;0;20;0;43;0;43;0;0;0;20;10;0;30;0;32;0;0;10;0
04.12.2017;22;0;27;34;28;0;35;0;36;0;27;0;44;0;0;15;0;40;0;39;0;0;0;17;5;0;24;0;28;0;0;4;0
04.12.2017;23;0;9;14;27;0;32;0;22;0;11;0;33;0;0;17;0;40;0;49;0;0;0;12;8;0;19;0;16;0;0;4;0
04.12.2017;24;0;8;6;14;0;20;0;15;0;9;0;12;0;0;12;0;16;0;28;0;0;0;12;5;0;18;0;16;0;0;5;0
05.12.2017;1;0;4;3;15;0;16;0;6;0;2;0;8;0;0;9;0;13;0;18;0;0;0;13;4;0;6;0;8;0;0;4;0
05.12.2017;2;0;2;2;21;0;18;0;14;0;13;0;8;0;0;24;0;6;0;14;0;0;0;12;18;0;12;0;25;0;0;17;0
05.12.2017;3;0;3;5;29;0;12;0;12;0;16;0;16;0;0;23;0;25;0;38;0;0;0;8;29;0;15;0;24;0;0;19;0
05.12.2017;4;0;8;14;39;3;26;1;18;3;25;7;40;0;0;31;0;36;0;36;12;0;0;14;25;0;17;0;23;0;0;16;0
05.12.2017;5;0;21;31;38;26;20;24;34;40;30;28;13;0;18;26;0;31;0;44;16;0;0;10;12;0;26;13;19;0;0;15;0
05.12.2017;6;0;28;38;52;50;47;27;33;37;26;37;21;0;13;24;0;29;0;32;12;0;0;19;10;0;32;7;22;0;0;12;0
05.12.2017;7;0;18;33;48;51;45;26;25;36;25;34;27;0;19;31;2;25;0;31;0;0;0;27;16;0;28;13;22;0;0;8;0
05.12.2017;8;0;32;40;45;58;47;32;41;46;34;38;20;0;14;28;11;31;0;36;0;0;0;29;17;0;29;12;31;0;0;14;0
05.12.2017;9;0;29;22;40;42;34;38;42;37;19;2;24;0;33;30;39;27;0;34;0;0;0;24;20;0;33;11;36;0;0;21;0
05.12.2017;10;0;16;35;47;49;37;31;27;54;34;0;41;0;24;21;34;28;0;41;0;0;0;32;18;0;29;29;23;0;0;17;0
05.12.2017;11;0;18;38;34;31;29;32;23;53;37;0;36;0;38;23;26;17;0;22;0;0;0;20;21;0;28;17;24;0;0;27;1
05.12.2017;12;0;19;29;37;51;36;28;25;35;24;0;32;0;29;28;26;22;0;22;0;0;12;22;19;0;21;14;23;8;0;27;2
05.12.2017;13;0;22;27;57;70;58;37;27;40;25;0;45;0;21;21;21;36;0;36;0;0;12;21;13;0;16;19;17;18;0;19;0
05.12.2017;14;0;26;31;42;58;39;38;34;36;28;0;33;0;13;19;22;24;0;31;0;0;16;31;12;8;18;25;13;20;0;16;0
05.12.2017;15;0;32;33;45;70;44;49;39;50;24;14;26;0;20;20;26;21;0;31;0;0;25;30;11;22;25;31;23;19;0;22;0
05.12.2017;16;0;38;31;56;61;54;48;43;48;25;40;16;0;27;27;24;35;0;39;0;0;18;15;19;7;22;26;21;9;0;18;0
05.12.2017;17;0;33;31;42;60;46;34;41;44;29;39;17;0;10;34;9;36;0;41;0;0;14;20;18;0;23;22;19;7;0;14;0
05.12.2017;18;0;24;36;49;60;56;14;26;43;32;46;19;0;9;32;0;37;0;31;0;0;12;19;10;0;26;24;13;0;0;9;0
05.12.2017;19;0;20;29;57;56;51;24;25;20;18;38;23;0;13;32;0;35;0;40;0;0;7;29;10;0;27;20;7;0;0;13;0
05.12.2017;20;0;28;38;60;55;59;34;35;32;21;46;34;0;18;30;0;42;0;40;0;0;0;31;12;0;29;16;24;0;0;18;0
05.12.2017;21;0;31;24;50;37;44;25;32;23;13;35;29;0;0;28;0;39;0;46;0;0;0;21;14;0;23;0;27;0;0;14;0
05.12.2017;22;0;27;29;26;0;39;0;36;0;20;0;43;0;0;19;0;36;0;46;0;0;0;15;10;0;20;0;23;0;0;6;0
05.12.2017;23;0;10;13;24;0;38;0;21;0;12;0;29;0;0;19;0;31;0;45;0;0;0;6;6;0;15;0;19;0;0;6;0
05.12.2017;24;0;5;5;8;0;21;0;10;0;6;0;8;0;0;13;0;9;0;20;0;0;0;14;12;0;16;0;14;0;0;9;0
06.12.2017;1;0;5;4;11;0;15;0;5;0;3;0;5;0;0;15;0;5;0;13;0;0;0;13;4;0;8;0;9;0;0;8;0
06.12.2017;2;0;3;4;22;0;28;0;11;0;9;0;12;0;0;22;0;11;0;20;0;0;0;28;13;0;16;0;12;0;0;12;0
06.12.2017;3;0;3;5;31;0;16;0;9;0;15;0;27;0;0;30;0;28;0;34;0;0;0;14;26;0;9;0;22;0;0;19;0
06.12.2017;4;0;7;18;39;7;27;1;14;9;29;7;39;0;0;20;0;32;7;39;12;0;0;22;20;0;17;0;29;0;0;9;0
06.12.2017;5;0;27;33;47;33;32;23;34;37;26;50;40;0;0;21;0;25;21;29;29;0;0;14;9;0;19;9;19;0;0;13;0
06.12.2017;6;1;30;42;49;45;37;34;42;43;43;43;19;0;20;33;0;23;9;16;13;0;0;18;8;0;28;10;31;0;0;12;0
06.12.2017;7;0;19;36;47;54;39;28;27;40;31;33;20;0;15;36;3;31;1;29;0;0;0;31;12;0;28;10;31;0;0;6;0
06.12.2017;8;1;31;44;47;59;46;22;40;48;43;37;29;0;16;19;24;32;0;32;0;0;0;37;13;0;26;12;38;0;0;7;0
06.12.2017;9;0;25;24;44;52;36;32;40;36;27;30;17;0;21;19;34;35;0;42;0;0;0;39;21;0;31;16;29;0;0;15;0
06.12.2017;10;1;24;32;36;51;37;30;32;39;31;40;19;0;20;23;34;26;0;24;0;0;7;26;26;0;17;30;14;18;0;21;0
06.12.2017;11;0;19;35;37;42;33;33;25;36;32;25;16;0;26;22;24;18;0;17;0;0;7;14;23;0;16;16;25;18;0;24;0
06.12.2017;12;0;24;31;41;46;34;33;30;31;29;29;16;0;31;29;27;25;0;22;0;0;14;13;23;0;14;18;22;10;0;25;0
06.12.2017;13;4;22;43;31;53;36;41;28;41;25;37;17;0;25;24;20;39;0;43;0;0;14;19;18;0;13;21;17;9;0;24;0
06.12.2017;14;0;36;27;28;50;35;32;31;27;24;27;12;0;11;23;9;24;0;33;0;0;19;38;25;0;20;18;11;20;0;11;0
06.12.2017;15;0;26;32;36;44;37;42;30;44;27;38;18;0;20;20;15;28;0;34;0;0;27;24;35;0;24;24;20;16;0;19;1
06.12.2017;16;0;33;29;41;49;37;44;33;51;31;40;14;0;23;39;16;28;0;36;0;0;23;19;21;0;16;29;27;12;0;22;0
06.12.2017;17;0;31;39;46;48;40;33;27;40;37;37;7;0;10;35;0;27;0;27;0;0;11;15;18;0;19;22;12;5;0;14;0
06.12.2017;18;10;25;58;46;46;42;19;25;49;40;43;12;0;13;35;0;37;0;25;0;0;6;16;21;0;27;21;13;0;0;15;0
06.12.2017;19;0;19;44;39;47;37;26;22;32;47;37;18;0;17;30;0;39;0;37;0;0;6;24;16;0;26;25;15;0;0;18;0
06.12.2017;20;0;32;39;47;46;46;30;30;24;36;42;19;0;4;33;0;35;0;38;0;0;0;33;9;0;26;9;26;0;0;23;0
06.12.2017;21;0;25;27;48;59;41;40;26;32;30;53;20;0;0;29;0;40;0;45;0;0;0;29;16;0;35;0;35;0;0;21;0
06.12.2017;22;0;25;25;48;39;35;20;29;30;27;46;32;0;0;26;0;42;0;53;0;0;0;18;7;0;25;0;29;0;0;10;0
06.12.2017;23;0;13;7;41;23;29;0;23;0;21;0;34;0;0;19;0;37;0;44;0;0;0;16;8;0;15;0;21;0;0;9;0
06.12.2017;24;0;10;8;27;0;24;0;15;0;17;0;23;0;0;16;0;15;0;25;0;0;0;15;15;0;19;0;22;0;0;8;0
07.12.2017;1;0;3;6;11;0;18;0;8;0;7;0;11;0;0;16;0;16;0;26;0;0;0;18;3;0;11;0;11;0;0;4;0
07.12.2017;2;0;4;1;17;0;20;0;8;0;12;0;13;0;0;17;0;11;0;18;0;0;0;22;8;0;7;0;16;0;0;10;0
07.12.2017;3;0;4;4;27;0;34;0;10;0;11;0;23;0;0;20;0;28;0;35;0;0;0;14;19;0;14;0;11;0;0;17;0
07.12.2017;4;0;9;16;32;8;34;0;19;8;24;10;31;0;0;23;0;43;0;49;1;0;0;17;23;0;17;0;21;0;0;15;0
07.12.2017;5;0;24;37;50;37;34;25;26;46;30;43;24;0;4;24;0;38;0;48;13;0;0;14;13;0;19;8;26;0;0;13;0
07.12.2017;6;0;36;65;55;49;41;34;34;55;42;41;24;0;16;28;0;39;0;42;11;0;0;17;12;0;24;12;27;3;0;13;0
07.12.2017;7;0;29;44;54;67;49;30;23;36;33;35;23;0;21;32;0;32;0;32;0;0;0;37;13;0;16;10;27;19;0;8;0
07.12.2017;8;0;37;38;42;63;32;26;36;45;32;43;23;0;20;26;21;35;0;34;0;0;0;36;15;0;12;11;35;21;0;9;0
07.12.2017;9;0;31;33;49;48;45;27;34;35;22;29;15;0;42;25;28;33;0;34;0;0;0;36;20;0;24;9;30;14;0;19;0
07.12.2017;10;0;21;49;36;41;35;33;24;33;33;32;16;0;40;30;39;29;0;38;0;0;10;26;31;0;26;27;17;7;0;33;0
07.12.2017;11;0;22;39;41;40;33;35;27;40;32;26;20;0;32;24;23;17;0;24;0;0;18;30;27;0;33;19;23;0;0;25;0
07.12.2017;12;0;19;28;47;55;44;42;29;37;24;29;17;0;31;25;29;25;0;29;0;0;18;28;29;0;24;15;29;8;0;26;0
07.12.2017;13;0;27;33;44;63;45;40;31;31;29;33;20;0;27;27;24;33;0;41;0;0;13;29;26;0;20;20;17;22;0;30;0
07.12.2017;14;0;34;32;55;55;48;48;41;38;20;27;16;0;15;16;17;17;0;24;0;0;19;36;29;0;20;23;18;20;0;20;0
07.12.2017;15;0;32;30;44;52;45;54;41;53;26;22;13;0;27;26;30;16;0;26;0;0;25;29;41;0;24;31;19;15;0;15;1
07.12.2017;16;0;36;21;51;44;51;52;42;49;20;37;21;0;29;39;20;32;0;38;0;0;20;15;26;0;26;30;23;2;0;25;0
07.12.2017;17;0;30;33;49;39;54;32;32;42;32;29;27;0;8;41;0;32;0;36;0;0;12;23;23;0;17;31;16;0;0;11;0
07.12.2017;18;0;27;40;54;54;54;25;31;46;36;44;23;0;16;38;0;36;0;33;0;0;0;33;12;0;29;22;17;0;0;12;0
07.12.2017;19;0;24;35;53;67;56;31;30;27;19;36;25;0;17;34;0;34;0;39;0;0;0;41;11;0;32;18;9;0;0;25;1
07.12.2017;20;0;29;36;59;64;58;32;33;34;24;52;26;0;16;34;0;42;0;39;0;0;0;23;8;0;29;17;20;0;0;21;0
07.12.2017;21;0;29;20;47;20;51;9;44;5;27;18;30;0;0;24;0;37;0;37;0;0;0;16;15;0;20;0;34;0;0;15;0
07.12.2017;22;0;21;30;30;0;37;0;33;0;22;0;46;0;0;27;0;40;0;39;0;0;0;12;11;0;18;0;26;0;0;9;0
07.12.2017;23;0;11;9;19;0;24;0;17;0;10;0;22;0;0;19;0;25;0;44;0;0;0;11;17;0;19;0;13;0;0;11;0
07.12.2017;24;0;4;4;12;0;14;0;11;0;8;0;6;0;0;15;0;9;0;22;0;0;0;16;9;0;17;0;11;0;0;7;0
08.12.2017;1;0;2;5;14;0;17;0;6;0;4;0;7;0;0;13;0;4;0;14;0;0;0;20;6;0;9;0;5;0;0;6;0
08.12.2017;2;0;3;5;22;0;22;0;10;0;10;0;3;0;0;17;0;4;0;29;0;0;0;31;11;0;25;0;16;0;0;7;0
08.12.2017;3;0;4;6;30;0;29;0;9;0;12;0;24;0;0;13;0;27;0;40;0;0;0;20;9;0;19;0;12;0;0;7;0
08.12.2017;4;0;9;16;45;7;41;3;20;8;20;5;27;0;4;16;0;30;7;35;7;0;0;17;15;0;16;9;12;0;0;12;0
08.12.2017;5;0;23;30;54;42;36;24;27;44;25;47;27;0;14;26;0;23;17;29;23;0;0;15;9;0;29;17;14;0;0;12;0
08.12.2017;6;0;32;40;47;54;45;35;30;45;38;33;14;0;23;26;0;18;7;18;11;0;0;19;9;0;35;7;30;0;0;13;0
08.12.2017;7;0;24;39;51;60;45;30;35;28;36;26;13;0;16;32;0;18;1;20;0;0;0;32;12;0;31;8;23;0;0;8;0
08.12.2017;8;1;36;42;47;70;51;35;50;42;38;42;28;0;25;21;13;43;0;45;0;0;0;39;20;0;32;15;30;3;0;11;0
08.12.2017;9;0;29;25;39;37;29;38;40;34;27;29;15;0;34;16;32;35;0;43;0;0;0;35;21;0;15;14;33;14;0;11;0
08.12.2017;10;0;33;27;39;44;41;29;30;34;26;33;26;0;33;29;28;33;0;29;0;0;0;31;21;0;23;20;20;11;0;24;1
08.12.2017;11;0;24;32;40;48;38;42;32;47;30;24;14;0;32;20;25;24;0;26;0;0;0;31;21;0;32;18;26;0;0;26;0
08.12.2017;12;0;31;32;53;61;47;37;36;44;25;22;14;0;31;19;32;23;0;24;0;0;18;23;21;0;27;17;30;0;0;17;0
08.12.2017;13;0;22;41;48;61;42;36;30;40;28;32;19;0;36;21;31;35;0;40;0;0;17;26;21;0;35;16;19;0;0;35;0
08.12.2017;14;0;29;25;55;66;51;45;35;39;18;32;16;0;22;18;23;28;0;44;0;0;26;33;25;0;38;29;17;0;0;27;0
08.12.2017;15;0;29;41;50;76;43;64;40;53;40;30;13;0;23;13;33;27;0;43;0;0;33;39;44;0;38;29;24;0;0;27;1
08.12.2017;16;0;37;29;53;71;50;53;45;41;26;45;11;0;29;26;29;43;0;48;0;0;17;19;23;0;29;26;24;0;0;28;0
08.12.2017;17;0;40;41;41;59;43;43;40;42;45;34;14;0;19;36;7;26;0;31;0;0;3;33;21;0;18;25;27;0;0;25;0
08.12.2017;18;0;31;37;48;56;47;28;33;43;38;33;15;0;17;41;0;35;0;37;0;0;0;28;22;0;32;26;20;0;0;17;0
08.12.2017;19;0;25;42;52;49;44;30;29;49;44;44;9;0;25;43;0;34;0;41;0;0;0;35;15;0;25;31;12;0;0;24;0
08.12.2017;20;0;32;44;36;56;34;33;28;33;44;46;12;0;4;28;0;26;0;31;0;0;0;30;8;0;39;11;25;0;0;29;0
08.12.2017;21;1;29;26;61;55;54;41;28;28;17;45;22;0;0;27;0;34;0;44;0;0;0;27;16;0;39;0;33;0;0;19;0
08.12.2017;22;1;33;40;58;48;44;18;39;17;35;25;46;0;0;23;0;40;0;46;0;0;0;24;9;0;31;0;38;0;0;12;0
08.12.2017;23;0;20;15;26;0;19;0;25;0;20;0;30;0;0;33;0;37;0;45;0;0;0;15;17;0;20;0;26;0;0;10;0
08.12.2017;24;0;11;10;21;0;25;0;18;0;15;0;14;0;0;26;0;15;0;25;0;0;0;11;20;0;23;0;17;0;0;15;0
09.12.2017;1;0;5;8;16;0;23;0;12;0;9;0;10;0;0;19;0;7;0;14;0;0;0;20;11;0;11;0;13;0;0;15;0
09.12.2017;2;0;9;4;21;0;23;0;17;0;14;0;5;0;0;18;0;5;0;21;0;0;0;18;13;0;23;0;27;0;0;10;0
09.12.2017;3;0;8;8;24;0;20;0;13;0;13;0;26;0;0;19;0;28;0;36;0;0;0;22;15;0;14;0;13;0;0;11;0
09.12.2017;4;0;13;21;37;7;28;4;26;7;20;3;29;0;0;33;0;35;0;37;0;0;0;21;25;0;9;0;26;0;0;24;0
09.12.2017;5;1;19;57;50;41;49;31;27;39;32;27;17;0;8;29;0;42;0;44;0;0;0;20;18;0;22;3;24;0;0;22;0
09.12.2017;6;0;28;33;46;52;41;34;38;33;23;28;18;0;16;29;0;35;0;39;0;0;0;15;12;0;31;5;26;0;0;14;0
09.12.2017;7;0;16;37;49;52;34;33;22;31;33;33;17;0;18;36;0;27;0;31;0;0;0;27;15;0;26;14;29;0;0;9;1
09.12.2017;8;0;36;33;42;51;33;28;44;35;33;33;24;0;18;35;12;34;0;44;0;0;0;26;15;0;36;12;31;0;0;12;0
09.12.2017;9;0;24;26;45;49;30;35;35;34;19;20;20;0;25;22;36;26;0;35;0;0;0;41;24;0;34;12;28;0;0;18;0
09.12.2017;10;0;15;33;41;46;25;30;24;29;27;24;19;0;34;28;37;29;0;30;0;0;4;44;21;0;29;23;18;0;0;29;0
09.12.2017;11;0;27;44;43;39;28;36;37;39;36;25;17;0;24;19;24;22;0;21;0;0;14;29;26;0;27;18;17;0;0;23;0
09.12.2017;12;1;23;30;42;54;34;39;31;38;25;21;4;0;30;21;32;26;0;24;0;0;18;26;28;0;23;18;26;0;0;25;0
09.12.2017;13;0;21;35;45;52;38;40;25;30;24;24;22;0;25;32;20;26;0;31;0;0;19;24;23;0;28;26;19;0;0;28;0
09.12.2017;14;0;35;26;49;59;46;35;36;37;22;21;15;0;14;29;0;21;0;27;0;0;26;34;26;0;37;29;17;0;0;15;0
09.12.2017;15;0;37;37;48;70;50;41;36;42;33;27;16;0;19;39;0;21;0;38;0;0;28;27;35;0;32;28;28;0;0;15;0
09.12.2017;16;0;34;30;53;56;56;38;39;48;27;42;33;0;27;54;0;43;0;53;0;0;15;26;32;0;30;35;28;0;0;21;0
09.12.2017;17;0;27;34;48;50;42;21;27;29;30;21;22;0;12;40;0;24;0;28;0;0;0;31;17;0;24;23;16;0;0;15;0
09.12.2017;18;0;22;32;52;49;41;19;19;27;23;30;25;0;16;35;0;30;0;28;0;0;0;30;11;0;26;22;9;0;0;10;0
09.12.2017;19;0;15;33;52;62;48;20;19;23;29;33;20;0;15;33;0;33;0;36;0;0;0;50;10;0;31;17;11;0;0;19;0
09.12.2017;20;0;26;25;60;63;60;30;34;22;29;44;12;0;11;37;0;43;0;47;0;0;0;24;10;0;34;4;19;0;0;22;0
09.12.2017;21;0;25;22;48;14;45;11;37;8;25;15;22;0;0;26;0;30;0;40;0;0;0;15;13;0;25;0;27;0;0;17;0
09.12.2017;22;0;27;17;22;0;34;0;23;0;24;0;37;0;0;21;0;32;0;39;0;0;0;12;11;0;21;0;22;0;0;10;0
09.12.2017;23;0;8;9;21;0;24;0;15;0;16;0;19;0;0;19;0;23;0;31;0;0;0;12;8;0;15;0;18;0;0;7;0
09.12.2017;24;0;5;8;12;0;22;0;11;0;10;0;9;0;0;16;0;8;0;19;0;0;0;11;8;0;23;0;16;0;0;4;0
10.12.2017;1;0;3;7;11;0;22;0;6;0;10;0;10;0;0;16;0;12;0;15;0;0;0;17;4;0;9;0;10;0;0;4;0
10.12.2017;2;0;3;2;23;0;29;0;15;0;13;0;10;0;0;19;0;12;0;25;0;0;0;22;12;0;16;0;15;0;0;11;0
10.12.2017;3;0;5;4;29;0;34;0;15;0;14;0;29;0;0;20;0;44;0;42;0;0;0;19;21;0;10;0;12;0;0;15;0
10.12.2017;4;0;11;13;36;9;35;5;15;15;20;11;32;0;0;28;0;36;4;38;13;0;0;20;23;0;12;0;24;0;0;17;0
10.12.2017;5;0;21;33;45;30;33;28;23;41;29;46;37;0;3;22;0;29;8;36;25;0;0;19;16;0;19;3;27;0;0;12;0
10.12.2017;6;0;24;26;45;42;39;20;21;32;19;29;22;0;20;31;0;23;0;24;9;0;0;17;6;0;26;6;24;0;0;9;0
10.12.2017;7;0;19;27;50;46;37;19;21;26;22;27;22;0;23;34;0;24;0;31;0;0;0;30;13;0;25;7;27;0;0;11;0
10.12.2017;8;0;35;40;37;55;39;22;34;34;31;29;21;0;21;38;0;26;0;29;0;0;0;36;21;0;29;8;27;0;0;13;0
10.12.2017;9;1;21;28;44;48;46;30;27;28;27;19;13;0;29;51;11;23;0;30;0;0;0;31;25;0;22;6;28;0;0;23;0
10.12.2017;10;0;13;27;36;33;34;30;20;35;27;25;22;0;44;27;46;28;0;30;0;0;0;27;28;0;20;24;21;0;0;37;0
10.12.2017;11;0;10;36;44;35;31;24;15;39;33;24;21;0;33;38;2;17;0;20;0;0;0;39;38;0;26;11;19;0;0;37;0
10.12.2017;12;0;29;27;45;45;35;41;33;42;24;26;17;0;27;49;8;26;0;26;0;0;10;41;32;0;19;20;28;0;0;27;0
10.12.2017;13;0;28;31;48;60;48;46;25;30;21;33;18;0;29;25;28;35;0;41;0;0;14;24;20;0;30;19;18;0;0;29;0
10.12.2017;14;0;29;27;47;60;42;31;27;31;20;22;13;0;14;18;25;17;0;27;0;0;21;29;22;0;40;19;10;0;0;18;0
10.12.2017;15;0;29;35;47;65;42;43;31;60;40;33;18;0;25;28;31;23;0;35;0;0;30;27;36;0;40;27;27;0;0;22;0
10.12.2017;16;1;38;29;46;58;40;46;41;48;27;42;20;0;26;31;31;38;0;42;0;0;25;23;21;0;31;25;26;0;0;22;0
10.12.2017;17;0;30;40;57;52;49;37;24;31;32;42;28;0;14;33;11;32;0;41;0;0;0;29;27;0;23;15;19;0;0;18;0
10.12.2017;18;0;20;42;55;59;48;26;21;33;36;39;28;0;14;32;0;37;0;45;0;0;0;34;11;0;35;22;14;0;0;9;0
10.12.2017;19;0;17;40;57;58;52;26;15;29;36;35;21;0;18;37;0;33;0;40;0;0;0;35;9;0;33;20;14;0;0;18;0
10.12.2017;20;0;31;42;61;60;52;39;28;32;38;53;24;0;0;40;0;47;0;47;0;0;0;40;6;0;32;11;27;0;0;25;0
10.12.2017;21;0;26;33;51;40;45;17;27;16;40;19;28;0;0;27;0;28;0;41;0;0;0;20;13;0;33;0;26;0;0;19;0
10.12.2017;22;0;29;21;27;0;29;0;38;0;37;0;50;0;0;25;0;45;0;46;0;0;0;18;9;0;20;0;26;0;0;10;0
10.12.2017;23;0;11;11;23;0;25;0;22;0;20;0;27;0;0;19;0;24;0;41;0;0;0;16;17;0;18;0;23;0;0;9;0
10.12.2017;24;0;6;3;12;0;16;0;13;0;6;0;12;0;0;16;0;10;0;18;0;0;0;12;11;0;15;0;18;0;0;7;0
11.12.2017;1;0;5;5;8;0;16;0;11;0;7;0;9;0;0;14;0;8;0;17;0;0;0;22;9;0;10;0;6;0;0;8;0
11.12.2017;2;0;7;2;20;0;27;0;13;0;8;0;9;0;0;18;0;12;0;22;0;0;0;29;17;0;10;0;14;0;0;15;0
11.12.2017;3;0;1;5;31;0;37;0;13;0;11;0;23;0;0;19;0;34;0;41;0;0;0;15;20;0;10;0;20;0;0;21;0
11.12.2017;4;0;14;21;42;0;44;0;20;1;33;0;38;0;3;33;0;38;0;45;12;0;0;31;21;0;21;7;27;0;0;19;0
11.12.2017;5;0;28;32;52;32;42;28;27;46;34;36;29;0;17;28;0;31;0;47;18;0;0;18;10;0;28;20;14;0;0;20;0
11.12.2017;6;0;34;38;51;53;45;31;34;54;38;43;18;0;21;34;0;28;0;25;7;0;0;23;7;0;34;10;26;0;0;11;0
11.12.2017;7;1;22;39;51;56;46;25;21;27;28;36;29;0;15;29;0;27;0;27;0;0;0;27;9;0;26;7;21;0;0;7;0
11.12.2017;8;0;34;34;46;57;47;28;37;44;27;37;20;0;19;35;0;36;0;44;0;0;0;30;16;0;31;10;31;0;0;11;0
11.12.2017;9;0;21;28;45;49;46;27;24;30;20;25;17;0;25;39;22;29;0;37;0;0;0;35;21;0;27;11;31;0;0;21;0
11.12.2017;10;0;2;6;10;8;9;5;2;7;5;12;2;0;10;6;12;11;0;9;0;0;0;12;8;0;9;5;5;0;0;8;0
11.12.2017;11;0;0;0;0;0;0;0;0;0;0;0;0;0;0;0;0;0;0;0;0;0;0;0;0;0;0;0;0;0;0;0;0
11.12.2017;12;0;14;11;32;34;30;18;17;18;12;12;8;0;17;14;14;14;0;13;0;0;10;15;10;0;10;11;15;4;0;12;0
11.12.2017;13;0;21;30;44;60;44;38;24;32;25;36;23;0;23;21;15;32;0;36;0;0;14;25;13;0;20;15;12;14;0;24;0
11.12.2017;14;0;26;24;44;54;47;32;25;34;23;27;12;0;6;11;15;25;0;31;0;0;20;18;13;9;23;24;17;21;0;14;1
11.12.2017;15;0;26;37;48;58;43;31;28;44;37;32;20;0;21;16;23;20;0;32;0;0;25;27;13;15;24;21;26;20;0;14;0
11.12.2017;16;0;33;25;50;53;38;38;34;38;28;43;25;0;28;29;29;40;0;43;0;0;22;19;15;10;22;27;24;17;0;19;0
11.12.2017;17;0;30;31;41;53;42;22;28;43;40;36;15;0;20;27;17;32;0;37;0;0;11;16;13;0;25;23;18;3;0;23;0
11.12.2017;18;0;25;35;45;55;39;27;31;45;44;48;15;0;11;35;0;35;0;39;0;0;7;20;14;0;32;22;14;0;0;18;0
11.12.2017;19;0;15;40;55;53;46;26;23;34;38;39;18;0;22;41;0;30;0;31;0;0;5;35;14;0;28;24;14;0;0;28;0
11.12.2017;20;0;31;37;55;69;52;40;37;25;34;44;19;0;17;27;0;43;0;42;0;0;0;30;12;0;39;14;17;0;0;25;0
11.12.2017;21;0;26;20;47;22;49;12;45;12;22;19;22;0;0;27;0;32;0;36;0;0;0;14;15;0;27;0;29;0;0;16;0
11.12.2017;22;0;25;25;23;0;40;0;36;0;25;0;45;0;0;26;0;39;0;43;0;0;0;20;7;0;18;0;27;0;0;8;0
11.12.2017;23;0;14;6;21;0;25;0;19;0;14;0;25;0;0;23;0;25;0;38;0;0;0;9;12;0;11;0;20;0;0;7;0
11.12.2017;24;0;6;7;8;0;19;0;14;0;9;0;8;0;0;23;0;7;0;13;0;0;0;10;16;0;15;0;16;0;0;12;0
12.12.2017;1;0;9;4;11;0;14;0;9;0;4;0;3;0;0;20;0;2;0;11;0;0;0;17;6;0;13;0;10;0;0;8;0
12.12.2017;2;0;2;6;22;0;20;0;10;0;13;0;7;0;0;19;0;7;0;24;0;0;0;26;6;0;24;0;18;0;0;4;0
12.12.2017;3;0;5;7;30;0;31;0;8;0;10;0;27;0;0;12;0;29;0;38;0;0;0;22;8;0;12;0;11;0;0;4;0
12.12.2017;4;0;13;18;36;3;33;2;16;1;15;4;33;0;0;21;0;24;7;38;18;0;0;16;17;0;13;0;19;0;0;9;0
12.12.2017;5;0;19;33;39;29;33;23;20;31;28;41;31;0;3;29;0;23;16;30;27;0;0;17;14;0;20;10;22;0;0;13;0
12.12.2017;6;0;28;39;56;56;50;33;40;38;32;44;19;0;16;28;0;28;0;35;7;0;0;20;7;0;31;10;24;0;0;15;0
12.12.2017;7;0;28;37;51;56;45;26;35;37;36;40;21;0;16;26;1;31;0;36;0;0;0;35;17;0;24;8;25;0;0;9;0
12.12.2017;8;0;34;35;43;50;38;19;42;42;35;32;21;0;22;16;23;26;0;37;0;0;0;34;16;0;29;11;31;0;0;8;1
12.12.2017;9;0;34;26;38;54;37;30;37;39;31;32;17;0;19;16;35;37;0;45;0;0;0;36;17;0;40;13;31;0;0;13;0
12.12.2017;10;0;13;33;39;45;38;25;20;37;29;29;22;0;22;27;30;25;0;33;0;0;3;33;12;0;18;20;22;12;0;20;0
12.12.2017;11;0;20;35;48;48;40;28;26;37;33;32;19;0;22;20;21;17;0;22;0;0;18;24;24;0;16;14;27;13;0;25;1
12.12.2017;12;0;26;27;41;56;31;43;28;42;25;30;17;0;22;32;28;27;0;27;0;0;25;22;25;0;13;15;37;13;0;22;1
12.12.2017;13;0;24;33;47;59;45;35;25;26;23;34;16;0;23;22;26;31;0;37;0;0;18;23;18;0;13;18;18;15;0;25;0
12.12.2017;14;7;26;37;48;52;44;33;30;33;19;21;18;0;18;13;23;16;0;27;0;0;16;31;29;0;23;23;19;20;0;17;0
12.12.2017;15;0;37;37;47;59;46;36;36;48;30;27;17;0;21;18;32;21;0;27;0;0;30;22;40;0;20;32;22;15;0;22;0
12.12.2017;16;4;38;31;53;51;48;41;42;43;26;37;22;0;23;29;25;41;0;47;0;0;17;11;31;0;26;29;23;10;0;27;0
12.12.2017;17;1;33;39;45;58;43;27;33;32;31;37;18;0;22;32;13;33;0;39;0;0;12;17;12;0;28;20;19;0;0;18;0
12.12.2017;18;0;27;30;55;42;46;18;27;28;25;36;16;0;10;35;0;37;0;32;0;0;1;24;13;0;18;22;19;0;0;13;0
12.12.2017;19;0;18;33;53;50;39;21;30;20;23;33;20;0;20;44;0;32;0;34;0;0;0;35;10;0;29;19;14;0;0;21;0
12.12.2017;20;0;32;32;58;49;42;34;36;27;29;53;30;0;6;31;0;48;0;49;0;0;0;35;15;0;32;7;29;0;0;26;0
12.12.2017;21;1;27;22;50;41;43;34;33;19;25;23;17;0;0;29;0;30;0;42;0;0;0;18;12;0;26;0;28;0;0;16;0
12.12.2017;22;0;25;27;32;0;32;0;40;0;35;0;48;0;0;18;0;43;0;44;0;0;0;10;15;0;22;0;21;0;0;5;0
12.12.2017;23;0;11;8;19;0;23;0;22;0;12;0;20;0;0;20;0;24;0;36;0;0;0;12;15;0;16;0;17;0;0;10;0
12.12.2017;24;0;4;5;11;0;19;0;8;0;7;0;5;0;0;11;0;4;0;11;0;0;0;13;7;0;17;0;14;0;0;8;0
13.12.2017;1;0;7;10;11;0;19;0;9;0;5;0;13;0;0;7;0;8;0;9;0;0;0;17;5;0;7;0;6;0;0;7;0
13.12.2017;2;0;3;4;16;0;15;0;11;0;10;0;7;0;0;14;0;14;0;25;0;0;0;18;13;0;10;0;19;0;0;14;0
13.12.2017;3;0;2;5;23;0;19;0;11;0;7;0;20;0;0;19;0;31;0;32;0;0;0;15;18;0;10;0;18;0;0;15;0
13.12.2017;4;0;6;14;38;12;40;2;14;6;19;9;23;0;0;29;0;37;0;36;4;0;0;14;14;0;15;0;18;0;0;13;0
13.12.2017;5;0;21;27;45;35;29;38;31;51;28;37;16;0;4;24;0;26;0;34;16;0;0;16;12;0;20;9;28;0;0;17;0
13.12.2017;6;0;33;33;49;42;31;29;37;46;35;30;13;0;16;23;0;28;0;33;5;0;0;17;8;0;23;10;23;0;0;13;0
13.12.2017;7;0;16;54;49;50;38;27;29;33;30;30;15;0;14;29;0;27;0;32;0;0;0;29;11;0;27;11;24;0;0;6;0
13.12.2017;8;0;32;44;46;65;49;19;34;45;35;32;19;0;16;13;22;32;0;41;0;0;0;37;16;0;32;10;34;0;0;6;0
13.12.2017;9;0;28;29;41;41;40;36;36;31;19;24;16;0;31;32;32;25;0;32;0;0;0;40;26;0;24;14;30;0;0;19;0
13.12.2017;10;0;19;39;32;35;28;31;18;39;31;30;22;0;26;23;34;30;0;37;0;0;0;32;17;0;26;28;23;6;0;28;0
13.12.2017;11;1;28;35;43;46;36;32;32;34;24;23;21;0;20;16;34;18;0;19;0;0;0;19;15;0;20;11;26;18;0;22;0
13.12.2017;12;0;24;29;46;58;41;31;28;26;26;25;13;0;25;28;36;18;0;18;0;0;10;22;16;0;16;8;23;16;0;21;0
13.12.2017;13;0;26;27;43;61;48;41;31;36;22;33;15;0;23;20;28;38;0;43;0;0;17;27;21;0;22;24;16;11;0;24;0
13.12.2017;14;0;31;28;49;56;53;40;36;42;28;39;15;0;15;22;20;30;0;32;0;0;17;25;20;0;28;18;18;14;0;16;0
13.12.2017;15;0;30;34;43;54;46;46;32;43;25;37;16;0;26;29;20;27;0;33;0;0;31;37;32;0;24;29;27;19;0;22;0
13.12.2017;16;0;33;31;53;55;56;46;38;44;29;38;16;0;32;32;25;36;0;47;0;0;18;28;18;0;24;30;19;17;0;20;0
13.12.2017;17;0;35;33;47;63;48;34;36;37;27;49;20;0;18;31;6;33;0;35;0;0;0;32;14;0;30;22;20;4;0;18;0
13.12.2017;18;0;26;35;59;74;59;25;30;36;25;43;17;0;17;40;0;43;0;47;0;0;0;38;13;0;36;22;14;0;0;22;0
13.12.2017;19;0;22;32;55;67;53;39;28;28;23;38;20;0;22;40;0;36;0;36;0;0;0;44;14;0;37;25;13;0;0;27;0
13.12.2017;20;0;28;37;58;67;59;44;32;33;19;49;31;0;12;39;0;41;0;52;0;0;0;32;10;0;40;13;22;0;0;19;0
13.12.2017;21;0;37;27;44;41;48;18;32;18;25;31;28;0;0;24;0;36;0;45;0;0;0;17;11;0;25;0;30;0;0;14;0
13.12.2017;22;0;22;23;23;0;32;0;36;0;22;0;38;0;0;22;0;31;0;44;0;0;0;16;6;0;17;0;27;0;0;7;0
13.12.2017;23;0;13;9;20;0;31;0;27;0;14;0;15;0;0;16;0;17;0;30;0;0;0;17;13;0;17;0;16;0;0;9;0
13.12.2017;24;0;1;3;11;0;21;0;10;0;9;0;13;0;0;15;0;12;0;22;0;0;0;13;3;0;19;0;18;0;0;6;0
14.12.2017;1;0;0;6;15;0;23;0;6;0;9;0;6;0;0;13;0;5;0;7;0;0;0;17;2;0;6;0;12;0;0;3;0
14.12.2017;2;0;0;2;22;0;24;0;11;0;14;0;9;0;0;15;0;8;0;11;0;0;0;18;13;0;4;0;19;0;0;10;0
14.12.2017;3;0;1;8;32;0;26;0;14;0;19;0;19;0;0;22;0;26;0;30;0;0;0;9;24;0;9;0;18;0;0;21;0
14.12.2017;4;0;10;14;30;8;20;3;17;8;19;23;22;0;7;30;0;27;5;35;16;0;0;22;32;0;12;12;20;0;0;18;0
14.12.2017;5;0;23;24;49;39;42;38;37;49;26;49;23;0;16;19;0;27;21;22;23;0;0;19;13;0;21;22;11;0;0;15;0
14.12.2017;6;0;26;32;45;49;38;31;31;40;32;46;23;0;11;27;0;23;13;32;22;0;0;20;7;0;23;9;18;0;0;7;0
14.12.2017;7;0;25;44;56;66;54;31;24;44;41;42;17;0;16;26;0;27;0;37;6;0;0;24;16;0;30;11;23;0;0;8;0
14.12.2017;8;0;35;40;48;64;43;27;37;47;38;43;23;0;24;34;24;36;0;30;0;0;0;31;18;0;31;18;42;0;0;8;0
14.12.2017;9;0;28;37;42;49;42;29;35;38;29;30;19;0;33;24;42;36;0;45;0;0;0;39;21;0;27;18;28;0;0;21;0
14.12.2017;10;0;19;35;35;43;34;26;17;38;36;32;22;0;36;28;35;26;0;37;0;0;0;40;27;0;29;30;19;0;0;37;0
14.12.2017;11;0;22;33;49;57;44;39;27;42;37;28;16;0;31;16;24;22;0;33;0;0;8;38;31;0;29;18;26;0;0;38;0
14.12.2017;12;0;24;32;45;53;36;33;26;36;29;29;19;0;26;23;31;24;0;26;0;0;28;26;23;0;18;13;26;0;0;25;0
14.12.2017;13;0;26;31;44;63;47;36;28;36;27;39;15;0;27;39;12;44;0;47;0;0;23;36;20;0;29;20;17;0;0;28;1
14.12.2017;14;0;30;34;52;57;42;41;33;38;25;30;23;0;15;39;0;29;0;35;0;0;25;27;27;0;26;24;21;0;0;16;0
14.12.2017;15;0;29;30;49;64;46;34;31;38;20;31;17;0;28;35;23;30;0;29;0;0;30;28;29;0;28;32;25;0;0;24;0
14.12.2017;16;0;38;33;51;47;44;34;34;42;33;41;25;0;25;38;17;37;0;35;0;0;19;20;26;0;32;28;23;0;0;27;0
14.12.2017;17;0;27;33;42;44;40;30;34;32;26;25;21;0;15;38;0;23;0;31;0;0;0;34;16;0;23;20;24;0;0;23;0
14.12.2017;18;0;27;34;51;45;45;27;29;35;25;35;21;0;20;39;0;34;0;35;0;0;0;31;15;0;31;23;14;0;0;19;0
14.12.2017;19;1;30;37;64;65;55;33;32;21;19;40;31;0;14;32;0;41;0;45;0;0;0;44;18;0;37;18;13;0;0;22;0
14.12.2017;20;0;23;34;58;60;47;27;25;31;27;55;28;0;0;26;0;43;0;53;0;0;0;37;12;0;28;2;32;0;0;20;0
14.12.2017;21;0;27;23;52;48;47;14;27;10;20;38;26;0;0;19;0;33;0;45;0;0;0;18;9;0;33;0;18;0;0;13;0
14.12.2017;22;0;20;23;34;0;28;0;25;0;26;0;38;0;0;17;0;31;0;40;0;0;0;16;7;0;21;0;22;0;0;9;0
14.12.2017;23;0;11;13;19;0;23;0;16;0;13;0;18;0;0;19;0;21;0;37;0;0;0;9;10;0;25;0;19;0;0;11;0
14.12.2017;24;0;6;4;14;0;19;0;11;0;9;0;10;0;0;14;0;7;0;16;0;0;0;10;8;0;16;0;14;0;0;6;0
15.12.2017;1;1;3;8;8;0;15;0;6;0;7;0;7;0;0;10;0;7;0;18;0;0;0;16;4;0;8;0;9;0;0;4;0
15.12.2017;2;0;2;5;16;0;32;0;9;0;14;0;15;0;0;15;0;16;0;28;0;0;0;27;14;0;12;0;23;0;0;10;0
15.12.2017;3;1;5;8;31;0;43;0;14;0;17;0;29;0;0;29;0;37;0;38;0;0;0;20;30;0;10;0;21;0;0;22;0
15.12.2017;4;2;9;24;39;7;45;4;22;6;29;5;30;0;0;28;0;38;0;45;6;0;0;25;23;0;18;0;25;0;0;18;0
15.12.2017;5;0;26;36;46;36;42;42;37;49;29;27;19;0;19;32;0;32;0;45;16;0;0;20;15;0;21;6;28;0;0;20;0
15.12.2017;6;0;35;39;44;47;30;31;35;43;34;27;18;0;16;28;0;22;0;25;8;0;0;19;12;0;25;12;21;0;0;11;0
15.12.2017;7;0;26;37;53;61;39;32;37;39;32;29;16;0;20;27;0;27;0;25;0;0;0;35;11;0;25;11;24;0;0;7;0
15.12.2017;8;0;38;43;36;59;25;28;43;49;33;32;20;0;17;33;15;34;0;34;0;0;0;35;15;0;30;10;37;0;0;12;0
15.12.2017;9;0;27;28;39;48;26;32;37;34;20;25;15;0;31;27;40;30;0;35;0;0;0;45;22;0;24;10;34;0;0;24;0
15.12.2017;10;0;16;35;43;50;31;29;24;40;30;33;19;0;30;27;44;39;0;38;0;0;0;41;30;0;35;31;22;0;0;40;0
15.12.2017;11;0;20;36;46;36;30;33;29;36;27;20;26;0;29;19;30;22;0;21;0;0;8;30;20;0;32;18;21;0;0;30;0
15.12.2017;12;0;20;39;47;50;39;36;34;40;28;20;12;0;28;45;10;19;0;19;0;0;23;19;22;0;25;13;25;0;0;29;0
15.12.2017;13;0;38;40;45;67;53;48;39;38;35;33;21;0;26;49;0;36;0;49;0;0;22;27;21;0;29;25;21;0;0;28;0
15.12.2017;14;0;34;34;60;70;65;44;44;41;29;39;25;0;20;40;0;36;0;42;0;0;28;38;29;0;42;26;22;0;0;18;0
15.12.2017;15;0;33;40;46;72;50;45;42;42;34;45;20;0;22;48;0;33;0;47;0;0;29;40;40;0;44;26;26;0;0;17;0
15.12.2017;16;0;35;27;55;67;54;39;37;34;32;48;21;0;32;58;0;40;0;46;0;0;15;33;30;0;29;27;28;0;0;27;0
15.12.2017;17;0;36;44;52;62;51;43;38;38;41;39;28;0;17;42;0;40;0;37;0;0;0;44;25;0;31;23;23;0;0;19;0
15.12.2017;18;0;29;42;53;57;50;27;34;31;30;37;27;0;17;36;0;37;0;49;0;0;0;26;17;0;44;23;18;0;0;13;0
15.12.2017;19;0;21;45;58;70;58;23;22;32;39;34;16;0;21;41;0;29;0;46;0;0;0;47;9;0;47;29;9;0;0;21;0
15.12.2017;20;0;33;35;60;62;55;40;43;27;32;52;18;0;4;34;0;44;0;48;0;0;0;38;14;0;44;12;24;0;0;23;0
15.12.2017;21;0;36;30;46;25;50;13;48;12;41;18;27;0;0;31;0;29;0;37;0;0;0;28;11;0;34;0;31;0;0;15;0
15.12.2017;22;0;32;23;18;0;29;0;38;0;31;0;34;0;0;22;0;30;0;39;0;0;0;17;5;0;25;0;25;0;0;10;0
15.12.2017;23;0;12;14;21;0;29;0;17;0;13;0;21;0;0;20;0;22;0;32;0;0;0;17;15;0;22;0;16;0;0;15;0
15.12.2017;24;0;6;6;12;0;20;0;11;0;11;0;7;0;0;20;0;5;0;22;0;0;0;14;14;0;24;0;15;0;0;11;0
16.12.2017;1;0;0;5;17;0;18;0;6;0;9;0;5;0;0;17;0;7;0;13;0;0;0;17;7;0;5;0;14;0;0;8;0
16.12.2017;2;0;0;6;22;0;31;0;11;0;15;0;13;0;0;19;0;14;0;28;0;0;0;23;17;0;13;0;26;0;0;15;0
16.12.2017;3;0;7;8;37;0;41;0;14;0;16;0;24;0;0;21;0;31;0;34;0;0;0;19;20;0;9;0;18;0;0;17;0
16.12.2017;4;0;15;13;34;8;36;9;23;16;20;13;28;0;0;31;0;35;5;42;10;0;0;23;19;0;11;0;26;0;0;13;0
16.12.2017;5;0;21;31;48;36;42;26;20;45;34;33;26;0;7;27;0;33;9;40;18;0;0;15;16;0;20;7;23;0;0;16;0
16.12.2017;6;0;24;40;46;39;42;24;23;35;32;39;32;0;17;32;0;31;0;32;15;0;0;19;11;0;31;11;18;0;0;11;0
16.12.2017;7;0;15;31;55;53;48;28;11;35;29;33;23;0;15;37;0;27;0;28;0;0;0;30;12;0;28;15;22;0;0;8;0
16.12.2017;8;0;35;40;38;50;37;26;31;41;32;28;26;0;16;39;0;33;0;33;0;0;0;31;21;0;27;11;33;0;0;12;0
16.12.2017;9;0;30;23;34;41;31;35;32;34;19;0;29;0;23;64;4;34;0;35;0;0;0;34;27;0;29;13;31;0;0;19;0
16.12.2017;10;0;19;29;40;39;38;24;23;32;25;0;34;0;26;47;33;27;0;34;0;0;0;31;23;0;26;24;21;0;0;23;0
16.12.2017;11;0;15;39;52;50;33;30;27;45;38;6;32;0;23;47;0;25;0;27;0;0;0;36;22;0;33;19;24;0;0;25;0
16.12.2017;12;0;25;31;44;51;38;37;26;30;27;26;18;0;24;54;0;28;0;28;0;0;0;39;23;0;20;15;30;0;0;20;0
16.12.2017;13;0;26;35;46;64;46;49;27;44;34;31;13;0;26;47;0;35;0;42;0;0;8;33;23;0;42;24;18;0;0;24;1
16.12.2017;14;0;36;31;41;48;44;37;33;41;28;23;14;0;18;44;0;22;0;29;0;0;21;34;26;0;35;22;22;0;0;15;0
16.12.2017;15;0;29;35;46;62;47;41;29;40;37;34;15;0;25;47;0;25;0;34;0;0;25;37;38;0;36;29;17;0;0;24;0
16.12.2017;16;0;33;28;50;50;44;40;31;48;31;35;22;0;30;50;0;32;0;40;0;0;23;24;33;0;20;25;20;0;0;27;0
16.12.2017;17;0;25;32;44;47;40;37;23;32;31;32;24;0;14;38;0;26;0;25;0;0;23;20;24;0;22;19;18;0;0;19;0
16.12.2017;18;0;23;33;55;53;53;29;24;35;34;29;17;0;18;35;0;25;0;29;0;0;0;31;14;0;36;18;12;0;0;22;0
16.12.2017;19;0;24;31;57;59;52;29;23;30;26;33;14;0;17;39;0;27;0;36;0;0;0;48;15;0;32;20;9;0;0;29;0
16.12.2017;20;0;32;32;61;64;45;36;28;23;35;52;20;0;3;32;0;38;0;53;0;0;0;38;8;0;36;5;19;0;0;28;0
16.12.2017;21;0;29;18;50;33;40;7;36;0;40;13;33;0;0;28;0;23;0;43;0;0;0;18;13;0;23;0;31;0;0;19;0
16.12.2017;22;0;20;15;36;0;22;0;18;0;30;0;44;0;0;24;0;29;0;42;0;0;0;18;10;0;21;0;24;0;0;11;0
16.12.2017;23;0;10;12;21;0;22;0;12;0;18;0;21;0;0;27;0;19;0;31;0;0;0;10;12;0;21;0;20;0;0;9;0
16.12.2017;24;0;1;7;6;0;13;0;6;0;9;0;5;0;0;13;0;7;0;16;0;0;0;10;3;0;24;0;9;0;0;4;0
17.12.2017;1;0;0;12;12;0;17;0;5;0;7;0;10;0;0;14;0;10;0;18;0;0;0;14;2;0;9;0;9;0;0;5;0
17.12.2017;2;0;0;3;23;0;26;0;13;0;13;0;10;0;0;18;0;12;0;19;0;0;0;24;12;0;9;0;20;0;0;15;0
17.12.2017;3;0;3;5;31;0;25;0;12;0;18;0;29;0;0;25;0;38;0;37;0;0;0;24;21;0;6;0;20;0;0;19;0
17.12.2017;4;0;10;11;37;0;42;1;18;0;28;0;36;0;0;32;0;36;0;32;9;0;0;19;19;0;11;0;26;0;0;20;0
17.12.2017;5;0;21;28;46;19;31;27;31;37;29;23;23;0;9;21;0;36;0;41;16;0;0;11;14;0;15;17;14;0;0;13;0
17.12.2017;6;1;25;32;45;39;27;34;28;38;25;24;18;0;12;24;0;30;0;29;7;0;0;19;9;0;25;11;21;0;0;9;0
17.12.2017;7;0;18;24;46;49;35;32;25;31;29;33;13;0;21;30;0;26;0;23;0;0;0;29;14;0;24;8;29;0;0;12;0
17.12.2017;8;0;31;35;43;55;31;31;41;49;32;22;20;0;27;43;0;24;0;27;0;0;0;36;18;0;28;13;35;0;0;14;0
17.12.2017;9;0;22;32;37;35;29;35;33;34;19;0;33;0;25;61;0;33;0;38;0;0;0;35;22;0;21;13;28;0;0;18;0
17.12.2017;10;0;14;28;40;50;45;28;14;44;25;0;44;0;26;56;20;27;0;26;0;0;0;32;18;0;31;36;19;0;0;23;0
17.12.2017;11;0;13;39;49;53;43;42;25;43;31;0;30;0;24;34;6;18;0;20;0;0;0;23;32;0;36;21;24;0;0;21;0
17.12.2017;12;0;20;32;43;47;39;46;31;46;25;0;34;0;36;40;28;27;0;23;0;0;16;26;29;0;17;20;30;7;0;22;0
17.12.2017;13;0;35;36;49;70;51;58;39;42;31;0;43;0;24;22;26;38;0;45;0;0;19;24;16;2;17;22;19;11;0;26;0
17.12.2017;14;0;30;34;51;52;56;44;37;36;31;2;41;0;16;22;19;30;0;33;0;0;24;28;13;19;19;24;17;13;0;25;0
17.12.2017;15;0;29;39;45;57;49;53;41;58;32;37;16;0;27;26;27;28;0;37;0;0;37;37;17;24;28;37;27;19;0;25;0
17.12.2017;16;0;39;33;55;63;53;55;43;45;26;40;10;0;30;26;31;38;0;45;0;0;23;17;22;6;28;31;29;19;0;28;0
17.12.2017;17;0;28;30;56;57;59;38;34;36;26;39;15;0;13;32;7;43;0;43;0;0;16;23;21;0;25;17;17;6;0;16;0
17.12.2017;18;0;21;38;52;61;54;22;24;33;31;36;11;0;15;45;0;37;0;46;0;0;13;19;12;0;35;25;12;0;0;13;0
17.12.2017;19;0;21;45;58;65;59;25;27;39;29;35;26;0;18;39;0;32;0;36;0;0;7;43;15;0;37;26;11;0;0;21;0
17.12.2017;20;0;31;34;70;63;65;41;39;32;21;42;32;0;19;43;0;37;0;52;0;0;0;35;11;0;39;20;22;0;0;25;0
17.12.2017;21;0;30;29;45;26;47;16;34;12;26;16;28;0;0;27;0;24;0;34;0;0;0;18;14;0;27;0;28;0;0;19;0
17.12.2017;22;0;23;22;24;0;40;0;33;0;23;0;42;0;0;24;0;36;0;48;0;0;0;15;7;0;26;0;27;0;0;8;0
17.12.2017;23;0;8;13;20;0;33;0;19;0;17;0;17;0;0;20;0;18;0;30;0;0;0;16;16;0;25;0;28;0;0;9;0
17.12.2017;24;0;0;6;9;0;13;0;8;0;10;0;8;0;0;20;0;7;0;17;0;0;0;8;15;0;21;0;17;0;0;11;0
18.12.2017;1;0;0;4;13;0;18;0;4;0;4;0;7;0;0;14;0;7;0;16;0;0;0;15;5;0;11;0;11;0;0;8;0
18.12.2017;2;0;1;2;21;0;21;0;12;0;4;0;8;0;0;19;0;11;0;22;0;0;0;21;19;0;11;0;13;0;0;21;0
18.12.2017;3;0;8;8;35;0;48;0;16;0;18;0;34;0;0;20;0;41;0;47;0;0;0;29;22;0;7;0;20;0;0;19;0
18.12.2017;4;0;11;19;39;6;47;0;16;5;33;6;31;0;0;35;0;34;13;37;21;0;0;31;23;0;13;0;28;0;0;15;0
18.12.2017;5;0;27;31;45;40;38;27;25;44;33;36;28;0;2;26;0;27;13;25;14;0;0;14;16;0;26;18;20;0;0;17;0
18.12.2017;6;0;34;42;46;55;43;27;34;46;36;42;23;0;17;30;0;30;8;23;10;0;0;21;4;0;30;10;29;0;0;12;0
18.12.2017;7;0;20;36;52;59;48;26;25;40;32;43;23;0;20;25;3;39;0;39;0;0;0;27;13;0;28;11;27;0;0;9;0
18.12.2017;8;0;37;40;50;62;47;25;40;54;44;49;30;0;20;13;24;37;0;40;0;0;0;34;16;0;28;11;33;0;0;8;0
18.12.2017;9;0;23;27;45;56;45;33;31;50;36;10;30;0;28;25;40;33;0;40;0;0;0;35;23;0;22;15;36;0;0;26;0
18.12.2017;10;0;17;37;39;48;38;25;24;47;37;0;34;0;32;26;39;26;0;27;0;0;12;33;27;0;18;26;25;14;0;29;0
18.12.2017;11;0;16;26;46;55;42;39;22;41;25;18;25;0;25;15;24;25;0;24;0;0;18;22;27;0;17;15;27;16;0;32;0
18.12.2017;12;0;26;31;47;58;42;34;27;36;19;31;20;0;26;27;27;25;0;30;0;0;15;20;19;0;17;18;25;19;0;20;0
18.12.2017;13;0;25;52;54;62;49;33;29;28;23;44;29;0;27;24;18;39;0;43;0;0;23;22;15;0;19;20;14;15;0;28;0
18.12.2017;14;0;29;29;46;46;40;30;25;40;19;42;27;0;16;19;20;37;0;37;0;0;22;33;22;0;18;26;26;11;0;15;0
18.12.2017;15;0;29;24;42;56;39;26;32;44;18;41;18;0;20;19;27;26;0;36;0;0;20;25;32;0;23;24;22;13;0;19;0
18.12.2017;16;0;33;67;44;66;40;38;37;39;35;48;22;0;33;31;27;36;0;37;0;0;25;17;27;0;26;28;31;4;0;34;0
18.12.2017;17;0;26;38;48;58;44;19;26;35;26;38;13;0;16;40;5;34;0;40;0;0;10;22;10;0;24;24;19;0;0;16;0
18.12.2017;18;0;24;63;47;53;44;17;27;31;31;34;27;0;15;32;0;26;0;30;0;0;11;18;14;0;28;23;13;16;0;13;0
18.12.2017;19;0;23;43;43;46;43;27;20;21;22;32;23;0;19;34;0;30;0;31;0;0;5;26;11;0;23;18;14;3;0;20;0
18.12.2017;20;0;27;30;50;57;47;33;27;21;20;35;27;0;3;22;0;26;0;36;0;0;0;27;10;0;36;15;10;0;0;19;0
18.12.2017;21;0;30;11;44;40;34;34;27;18;5;43;25;0;0;17;0;42;0;47;0;0;0;21;8;0;32;0;17;0;0;14;0
18.12.2017;22;0;26;28;47;36;37;9;29;14;31;17;29;0;0;20;0;28;0;39;0;0;0;17;5;0;29;0;23;0;0;5;0
18.12.2017;23;0;17;15;34;0;33;0;28;0;23;0;35;0;0;26;0;31;0;41;0;0;0;17;9;0;18;0;29;0;0;5;0
18.12.2017;24;0;4;6;28;0;30;0;10;0;12;0;21;0;0;20;0;16;0;28;0;0;0;12;9;0;20;0;15;0;0;4;0
19.12.2017;1;0;0;3;13;0;18;0;7;0;7;0;8;0;0;16;0;9;0;17;0;0;0;16;3;0;8;0;15;0;0;5;0
19.12.2017;2;0;0;6;22;0;31;0;14;0;7;0;12;0;0;20;0;9;0;19;0;0;0;32;17;0;12;0;18;0;0;19;0
19.12.2017;3;0;2;7;25;0;35;0;13;0;15;0;25;0;0;27;0;30;0;42;0;0;0;25;23;0;10;0;21;0;0;19;0
19.12.2017;4;1;8;24;35;7;38;7;17;10;28;7;32;0;0;39;0;42;0;44;0;0;0;27;34;0;13;0;26;0;0;24;0
19.12.2017;5;0;21;27;41;33;39;26;20;37;26;39;25;0;6;21;0;40;0;47;13;0;0;19;20;0;19;9;20;0;0;17;0
19.12.2017;6;0;27;65;57;49;52;27;24;43;31;30;25;0;12;25;0;25;0;28;6;0;0;18;9;0;25;9;25;0;0;11;0
19.12.2017;7;1;18;40;49;48;42;27;21;33;23;29;30;0;25;36;0;29;0;33;0;0;0;29;13;0;23;11;29;0;0;10;0
19.12.2017;8;3;25;51;48;55;46;19;26;41;27;38;33;0;19;23;14;38;0;35;0;0;0;29;14;0;27;12;34;0;0;11;1
19.12.2017;9;0;33;28;38;53;38;27;39;32;25;34;21;0;25;24;35;32;0;35;0;0;4;27;15;0;25;10;32;0;0;19;0
19.12.2017;10;0;19;29;35;50;38;28;21;37;25;38;9;0;36;24;44;42;0;37;0;0;15;28;27;0;23;22;32;0;0;31;0
19.12.2017;11;1;22;27;48;54;48;28;23;33;23;30;13;0;20;16;22;20;0;29;0;0;19;23;18;0;26;16;21;0;0;24;0
19.12.2017;12;1;16;28;40;37;36;32;21;31;29;30;9;0;31;20;33;21;0;23;0;0;16;19;26;0;18;15;22;8;0;24;0
19.12.2017;13;0;25;27;51;67;53;32;26;28;25;41;21;0;28;18;30;43;0;43;0;0;20;34;15;4;18;12;16;12;0;20;0
19.12.2017;14;0;30;20;50;61;44;50;32;33;17;29;19;0;22;19;19;28;0;27;0;0;26;34;17;8;25;27;8;14;0;24;0
19.12.2017;15;0;36;29;42;61;45;50;36;44;31;26;12;0;21;18;22;27;0;36;0;0;19;30;31;17;26;27;25;6;0;28;1
19.12.2017;16;0;32;29;46;64;44;40;32;54;38;37;23;0;25;35;28;35;0;44;0;0;21;21;29;0;32;32;26;0;0;21;0
19.12.2017;17;0;34;36;43;54;42;26;35;46;40;36;10;0;17;39;0;26;0;32;0;0;0;25;14;0;26;26;22;0;0;11;0
19.12.2017;18;0;27;32;46;48;44;21;25;47;39;41;12;0;13;38;0;36;0;41;0;0;0;30;14;0;27;26;12;0;0;12;0
19.12.2017;19;0;22;40;50;70;54;30;23;36;41;35;13;0;16;35;0;26;0;39;0;0;0;38;9;0;31;16;10;0;0;19;0
19.12.2017;20;0;32;38;58;62;39;33;31;33;39;57;29;0;8;29;0;39;0;50;0;0;0;38;8;0;38;14;14;0;0;16;0
19.12.2017;21;0;31;29;60;55;48;17;42;15;28;23;34;0;0;32;0;30;0;46;0;0;0;27;11;0;31;0;34;0;0;15;0
19.12.2017;22;0;29;27;35;6;40;0;40;0;27;0;45;0;0;20;0;39;0;46;0;0;0;29;10;0;27;0;25;0;0;7;0
19.12.2017;23;0;13;15;25;0;30;0;18;0;19;0;29;0;0;20;0;35;0;54;0;0;0;14;11;0;18;0;17;0;0;10;0
19.12.2017;24;0;2;11;10;0;17;0;10;0;11;0;8;0;0;15;0;4;0;25;0;0;0;10;10;0;21;0;13;0;0;4;0
20.12.2017;1;0;0;7;9;0;14;0;5;0;2;0;8;0;0;8;0;6;0;10;0;0;0;17;3;0;12;0;5;0;0;4;0
20.12.2017;2;0;0;3;19;0;31;0;10;0;9;0;12;0;0;20;0;16;0;29;0;0;0;25;14;0;21;0;13;0;0;15;0
20.12.2017;3;0;7;8;28;7;38;0;23;0;24;0;32;0;0;23;0;35;0;36;0;0;0;27;28;0;14;0;23;0;0;21;0
20.12.2017;4;0;8;15;39;41;33;5;13;7;18;13;35;0;6;37;0;26;2;34;13;0;0;21;32;0;16;9;14;0;0;26;0
20.12.2017;5;0;27;28;47;56;43;33;30;48;31;49;17;0;16;24;0;17;15;29;25;0;0;25;18;0;22;22;15;0;0;15;0
20.12.2017;6;0;27;40;51;45;45;27;23;57;40;44;17;0;17;31;0;27;6;25;12;0;0;19;8;0;23;9;25;0;0;5;0
20.12.2017;7;0;20;42;43;51;42;26;17;36;38;36;14;0;18;26;0;31;0;32;0;0;0;28;13;0;25;10;22;0;0;8;0
20.12.2017;8;0;35;39;40;57;43;33;33;47;31;41;27;0;18;26;10;40;0;34;0;0;0;27;22;0;30;15;37;0;0;9;0
20.12.2017;9;0;27;26;48;50;54;32;30;36;24;31;23;0;25;25;37;36;0;43;0;0;0;33;20;0;25;15;34;0;0;16;1
20.12.2017;10;0;23;36;42;40;41;28;20;27;37;33;18;0;38;24;39;33;0;29;0;0;0;39;26;0;26;15;20;0;0;34;0
20.12.2017;11;0;17;34;32;41;31;31;23;34;30;27;17;0;33;16;29;24;0;27;0;0;2;33;34;0;33;16;27;0;0;37;0
20.12.2017;12;0;33;25;52;44;38;48;44;51;30;28;13;0;28;30;39;30;0;28;0;0;23;28;34;0;33;23;26;0;0;26;0
20.12.2017;13;0;33;34;56;67;53;43;36;39;34;40;24;0;26;36;16;41;0;44;0;0;22;34;26;0;29;16;21;0;0;27;0
20.12.2017;14;0;28;25;48;45;38;33;34;42;25;30;17;0;13;29;0;26;0;29;0;0;14;24;16;0;24;23;17;0;0;16;0
20.12.2017;15;1;25;36;45;67;44;45;37;51;33;22;16;0;31;28;26;24;0;31;0;0;19;34;34;0;40;25;24;0;0;30;0
20.12.2017;16;0;40;29;52;63;48;53;47;39;20;44;23;0;28;37;20;43;0;42;0;0;26;29;33;0;36;28;28;0;0;38;0
20.12.2017;17;0;39;38;60;71;57;52;37;45;32;43;16;0;24;48;0;35;0;39;0;0;0;35;24;0;33;23;21;0;0;31;0
20.12.2017;18;0;29;36;64;52;44;31;37;31;28;35;26;0;14;40;0;35;0;36;0;0;0;38;15;0;28;23;19;0;0;19;0
20.12.2017;19;1;18;55;58;58;41;37;27;39;44;42;22;0;20;50;0;31;0;37;0;0;0;40;19;0;31;31;14;0;0;27;0
20.12.2017;20;0;37;38;59;57;51;39;44;36;30;53;26;0;6;36;0;39;0;46;0;0;0;24;11;0;34;18;28;0;0;25;0
20.12.2017;21;0;25;26;44;29;44;15;30;24;27;21;20;0;0;30;0;29;0;36;0;0;0;21;15;0;29;0;30;0;0;11;0
20.12.2017;22;0;27;30;29;0;37;0;39;0;31;0;42;0;0;26;0;34;0;42;0;0;0;10;11;0;20;0;26;0;0;15;0
20.12.2017;23;0;14;15;19;0;33;0;22;0;18;0;24;0;0;16;0;25;0;46;0;0;0;10;8;0;25;0;21;0;0;6;0
20.12.2017;24;0;1;4;8;0;17;0;5;0;6;0;7;0;0;13;0;6;0;19;0;0;0;5;5;0;19;0;15;0;0;4;0
