;;ÁÊ;ÂÊ;ÄÊ;ØÊ;Ì1;Ì2;Ì3;Ì4;Ì5;Ì6;Ì7;Ì8;Â1;Â2;Â3;Â4;Ã2;Ã3;Ã4;Ã5;Ã6;Ç1;Ç2;Ê1;Ê2;Ë1;Ï1;Ï2;Ñ1;Õ1;Õ2;Ì9;À1
01.02.2018;1;0;3;3;14;0;16;0;7;0;3;0;6;0;0;13;0;8;0;12;0;0;0;15;3;0;6;0;8;0;0;7;0;0
01.02.2018;2;0;2;0;20;0;19;0;7;0;9;0;9;0;0;13;0;8;0;17;0;0;0;20;11;0;13;0;16;0;0;9;0;0
01.02.2018;3;0;4;4;25;0;20;0;14;0;12;0;31;0;0;14;0;37;0;46;0;0;0;14;11;0;15;0;16;0;0;12;0;0
01.02.2018;4;0;11;17;34;9;25;3;23;9;27;7;32;0;0;24;0;41;0;41;0;0;0;18;22;0;16;0;26;0;0;16;0;0
01.02.2018;5;0;28;36;50;34;35;28;43;41;31;31;19;0;9;24;0;47;0;45;0;0;0;20;14;0;25;7;27;0;0;17;0;0
01.02.2018;6;0;31;38;51;49;41;25;32;35;33;29;14;0;13;33;0;36;0;25;0;0;0;22;11;0;31;11;26;0;0;12;0;0
01.02.2018;7;0;15;42;47;49;33;9;36;43;35;36;20;0;25;35;0;33;0;27;0;0;0;33;17;0;28;14;31;0;0;12;0;0
01.02.2018;8;0;35;31;49;55;33;0;54;46;25;30;25;0;19;39;0;24;0;32;0;0;0;34;18;0;32;14;33;0;0;11;0;1
01.02.2018;9;0;28;33;38;37;29;0;52;41;35;30;23;0;27;37;31;36;0;41;0;0;0;32;23;0;22;15;36;0;0;17;0;0
01.02.2018;10;0;20;36;34;33;21;0;34;36;29;22;24;0;42;21;34;27;0;38;0;0;0;28;20;0;31;23;25;0;0;28;0;0
01.02.2018;11;0;27;28;42;37;27;0;48;41;31;30;26;0;30;43;4;19;0;16;0;0;0;28;31;0;28;16;23;0;0;31;0;0
01.02.2018;12;0;26;28;41;52;39;29;35;29;22;28;13;0;29;50;0;30;0;27;0;0;0;36;29;0;18;12;19;0;0;33;0;0
01.02.2018;13;0;28;29;50;56;48;52;38;40;24;28;21;0;23;51;0;30;0;33;0;0;10;30;26;0;33;23;30;0;0;29;0;2
01.02.2018;14;0;30;26;49;57;45;46;35;41;24;20;11;0;18;37;0;11;0;26;0;0;27;23;25;0;32;29;23;0;0;15;0;0
01.02.2018;15;0;33;32;54;65;53;47;30;54;33;29;12;0;22;48;0;24;0;29;0;0;27;20;35;0;25;29;27;0;0;23;0;0
01.02.2018;16;0;36;24;52;64;50;35;38;42;20;40;13;0;24;59;0;33;0;32;0;0;16;21;24;0;30;29;21;0;0;26;0;0
01.02.2018;17;1;33;38;48;47;51;34;35;39;32;31;21;0;22;42;0;32;0;34;0;0;0;32;20;0;24;24;19;0;0;29;0;0
01.02.2018;18;0;24;39;52;43;53;32;20;31;31;35;24;0;14;33;0;36;0;27;0;0;0;32;12;0;22;19;15;0;0;17;0;0
01.02.2018;19;0;27;34;52;68;53;29;27;29;28;38;22;0;19;42;0;34;0;34;0;0;0;41;12;0;30;22;17;0;0;21;0;0
01.02.2018;20;0;31;26;61;58;57;36;39;29;28;41;15;0;12;41;0;40;0;44;0;0;0;26;10;0;22;7;35;0;0;23;0;0
01.02.2018;21;0;29;20;45;20;48;11;37;10;31;15;28;0;0;26;0;27;0;37;0;0;0;17;12;0;25;0;26;0;0;17;0;0
01.02.2018;22;0;28;24;24;0;40;0;26;0;31;0;44;0;0;17;0;39;0;40;0;0;0;15;12;0;24;0;21;0;0;9;0;0
01.02.2018;23;0;10;11;17;0;26;0;12;0;19;0;17;0;0;21;0;22;0;35;0;0;0;14;14;0;21;0;19;0;0;12;0;0
01.02.2018;24;0;5;5;14;0;29;0;16;0;12;0;8;0;0;15;0;8;0;18;0;0;0;12;11;0;17;0;17;0;0;5;0;0
02.02.2018;1;0;1;5;9;0;14;0;3;0;4;0;3;0;0;17;0;4;0;8;0;0;0;15;4;0;8;0;7;0;0;5;0;0
02.02.2018;2;0;2;3;21;0;22;0;11;0;11;0;4;0;0;17;0;4;0;16;0;0;0;20;9;0;11;0;18;0;0;13;0;0
02.02.2018;3;0;3;4;24;0;22;0;9;0;15;0;18;0;0;16;0;28;0;41;0;0;0;18;17;0;11;0;20;0;0;13;0;0
02.02.2018;4;0;12;16;35;7;36;4;15;15;21;10;35;0;0;31;0;36;2;36;10;0;0;25;16;0;11;0;32;0;0;17;0;0
02.02.2018;5;0;26;37;44;33;43;26;25;43;38;41;29;0;7;29;0;29;10;35;21;0;0;13;12;0;21;5;30;0;0;18;0;0
02.02.2018;6;0;30;40;49;41;43;36;29;37;37;28;17;0;20;27;0;23;4;23;10;0;0;10;10;0;27;10;21;0;0;14;0;0
02.02.2018;7;0;20;43;47;56;39;31;20;26;32;30;23;0;16;26;0;25;0;19;0;0;0;24;15;0;25;11;24;0;0;7;0;0
02.02.2018;8;0;33;36;46;64;44;30;30;41;35;32;21;0;16;32;0;33;0;40;0;0;0;29;18;0;29;12;30;0;0;9;0;0
02.02.2018;9;0;29;27;42;53;38;34;33;36;24;24;13;0;27;63;1;30;0;36;0;0;0;31;28;0;21;13;35;0;0;23;0;0
02.02.2018;10;0;17;33;45;45;46;26;17;45;27;30;21;0;37;54;38;25;0;32;0;0;0;35;27;0;25;22;25;0;0;34;0;0
02.02.2018;11;0;20;36;47;47;39;34;26;41;34;26;18;0;25;49;0;16;0;24;0;0;0;33;30;0;35;17;23;0;0;27;0;1
02.02.2018;12;0;18;31;45;53;40;28;19;35;30;26;13;0;24;55;0;23;0;21;0;0;8;37;22;0;31;15;25;0;0;20;0;1
02.02.2018;13;0;36;35;51;67;53;49;38;42;24;38;21;0;27;47;0;38;0;38;0;0;26;25;18;0;30;21;19;0;0;26;0;0
02.02.2018;14;0;32;27;54;54;52;42;29;46;21;34;28;0;19;47;0;26;0;36;0;0;27;34;32;0;36;32;20;0;0;23;0;0
02.02.2018;15;0;24;39;50;52;48;47;21;47;40;27;14;0;27;49;0;23;0;38;0;0;32;42;40;0;45;32;27;0;0;23;46;0
02.02.2018;16;0;31;33;55;49;51;52;32;40;26;39;26;0;33;64;0;38;0;54;0;0;18;21;25;0;38;32;23;0;0;27;43;0
02.02.2018;17;0;36;39;61;51;54;41;34;47;33;31;22;0;17;42;0;23;0;32;0;0;0;37;23;0;35;30;25;0;0;19;39;1
02.02.2018;18;0;35;36;50;50;46;23;34;43;36;39;24;0;18;39;0;37;0;41;0;0;0;34;15;0;34;25;21;0;0;15;1;0
02.02.2018;19;0;25;36;64;72;58;28;30;29;31;35;24;0;22;33;0;32;0;36;0;0;0;51;13;0;42;18;12;0;0;20;0;0
02.02.2018;20;0;27;31;54;59;36;28;32;35;28;39;20;0;5;29;0;34;0;48;0;0;0;32;9;0;47;10;31;0;0;20;0;0
02.02.2018;21;0;26;29;43;6;40;2;45;9;40;15;28;0;0;31;0;32;0;43;0;0;0;30;14;0;25;0;38;0;0;23;0;0
02.02.2018;22;0;26;25;27;0;31;0;39;0;24;0;43;0;0;21;0;34;0;44;0;0;0;18;8;0;26;0;27;0;0;11;0;0
02.02.2018;23;0;8;11;20;0;22;0;20;0;14;0;18;0;0;26;0;26;0;38;0;0;0;12;16;0;19;0;15;0;0;12;0;0
02.02.2018;24;0;5;8;13;0;19;0;15;0;10;0;4;0;0;19;0;5;0;21;0;0;0;14;17;0;23;0;16;0;0;12;0;0
03.02.2018;1;0;3;6;12;0;13;0;5;0;4;0;3;0;0;20;0;4;0;8;0;0;0;15;7;0;8;0;6;0;0;7;0;0
03.02.2018;2;0;4;1;21;0;19;0;15;0;10;0;9;0;0;17;0;10;0;14;0;0;0;18;15;0;8;0;17;0;0;11;0;0
03.02.2018;3;0;6;8;27;0;13;0;16;0;15;0;28;0;0;22;0;27;0;37;0;0;0;10;18;0;8;0;17;0;0;14;0;0
03.02.2018;4;0;12;16;36;0;20;0;31;0;28;0;30;0;0;34;0;28;0;35;0;0;0;25;38;0;10;0;24;0;0;20;0;0
03.02.2018;5;0;18;27;40;27;21;26;32;38;30;21;16;0;15;24;0;46;0;46;0;0;0;18;24;0;20;15;17;0;0;19;0;0
03.02.2018;6;0;31;38;36;36;30;30;35;43;37;30;11;0;18;21;0;33;0;24;0;0;0;19;10;0;24;8;20;0;0;10;0;0
03.02.2018;7;0;16;36;39;48;33;27;20;24;31;23;13;0;14;24;0;25;0;28;0;0;0;27;13;0;21;9;19;0;0;4;0;0
03.02.2018;8;1;21;38;43;58;40;30;28;28;29;29;19;0;18;30;0;25;0;27;0;0;0;29;18;0;33;10;26;0;0;9;0;0
03.02.2018;9;0;32;18;37;31;25;39;41;32;23;22;13;0;25;44;7;26;0;32;0;0;0;28;29;0;28;13;20;0;0;14;0;0
03.02.2018;10;0;17;34;39;43;33;39;19;35;33;29;16;0;30;19;34;26;0;30;0;0;0;28;20;0;30;20;15;0;0;25;0;0
03.02.2018;11;0;20;38;42;39;41;37;26;39;37;20;10;0;23;16;32;14;0;17;0;0;0;34;23;0;28;19;17;0;0;25;0;0
03.02.2018;12;0;17;43;38;47;37;42;26;35;37;24;8;0;18;16;31;21;0;19;0;0;12;32;31;0;24;16;25;3;0;19;0;0
03.02.2018;13;1;20;31;43;56;44;38;27;33;32;28;9;0;20;14;33;31;0;30;0;0;15;21;19;6;14;18;25;11;0;23;0;0
03.02.2018;14;1;28;26;38;56;38;40;30;34;23;21;9;0;16;13;25;13;0;23;0;0;21;29;21;14;24;17;15;17;0;22;0;0
03.02.2018;15;0;31;36;52;66;51;48;38;52;36;24;8;0;23;11;27;17;0;28;0;0;29;34;19;22;26;26;24;14;0;24;17;0
03.02.2018;16;1;23;21;43;47;39;45;35;41;18;27;8;0;30;20;33;21;0;27;0;0;23;16;34;3;30;29;27;10;0;31;19;0
03.02.2018;17;0;33;33;45;56;45;39;33;41;36;39;10;0;13;38;6;26;0;28;0;0;19;21;16;0;33;20;22;0;0;15;18;0
03.02.2018;18;0;30;23;43;46;40;29;31;26;22;27;14;0;10;32;0;24;0;25;0;0;12;17;22;0;21;26;11;0;0;14;0;0
03.02.2018;19;0;19;21;47;62;45;31;16;30;22;27;12;0;20;37;0;24;0;21;0;0;20;26;21;0;24;17;16;0;0;17;0;0
03.02.2018;20;0;26;39;43;58;42;37;29;28;32;25;17;0;16;29;0;23;0;31;0;0;14;24;7;0;33;10;15;0;0;23;0;0
03.02.2018;21;0;26;24;36;40;34;28;22;19;15;11;25;0;0;27;0;25;0;33;0;0;6;20;15;0;28;0;21;0;0;21;0;0
03.02.2018;22;0;20;22;54;55;53;10;20;15;17;30;26;0;0;16;0;28;0;42;0;0;0;27;12;0;35;0;21;0;0;11;0;0
03.02.2018;23;0;16;22;43;20;42;0;23;0;25;0;33;0;0;23;0;30;0;47;0;0;0;18;11;0;28;0;27;0;0;8;0;0
03.02.2018;24;0;12;12;32;0;47;0;24;0;19;0;27;0;0;14;0;22;0;35;0;0;0;14;12;0;25;0;19;0;0;9;0;0
04.02.2018;1;0;6;9;30;0;32;0;16;0;14;0;18;0;0;24;0;22;0;29;0;0;0;11;4;0;17;0;21;0;0;5;0;0
04.02.2018;2;0;4;5;17;0;22;0;11;0;13;0;6;0;0;20;0;13;0;19;0;0;0;21;11;0;11;0;20;0;0;8;0;0
04.02.2018;3;0;9;5;20;0;25;0;17;0;18;0;13;0;0;24;0;14;0;21;0;0;0;14;24;0;13;0;31;0;0;20;0;0
04.02.2018;4;0;10;11;24;2;27;2;21;6;24;0;20;0;0;31;0;25;6;31;10;0;0;17;27;0;11;0;31;0;0;17;0;0
04.02.2018;5;0;20;19;45;23;35;21;16;27;18;30;23;0;4;22;0;31;11;31;17;0;0;10;10;0;15;5;16;0;0;12;0;0
04.02.2018;6;0;23;21;39;33;32;30;23;27;21;31;14;0;19;28;0;32;0;34;9;0;0;12;9;0;19;8;22;0;0;15;0;0
04.02.2018;7;0;20;25;43;45;36;22;19;38;27;30;16;0;13;30;0;34;0;33;0;0;0;17;7;0;23;9;23;0;0;11;0;0
04.02.2018;8;0;24;22;32;49;35;22;31;34;26;27;17;0;17;26;8;25;0;28;0;0;0;20;10;0;26;10;23;0;0;9;0;0
04.02.2018;9;0;19;25;36;52;39;24;30;46;29;40;23;0;15;16;22;37;0;37;0;0;0;19;19;0;21;10;26;0;0;11;0;0
04.02.2018;10;0;22;38;40;44;38;24;28;49;39;36;17;0;34;23;37;28;0;28;0;0;0;25;25;0;19;17;27;0;0;28;0;0
04.02.2018;11;0;17;17;39;57;38;23;17;44;23;20;4;0;32;23;26;18;0;20;0;0;15;32;24;0;17;15;20;7;0;26;0;0
04.02.2018;12;0;17;27;41;64;34;38;17;47;27;30;8;0;22;23;25;22;0;22;0;0;17;23;17;0;22;12;24;9;0;20;0;0
04.02.2018;13;0;25;47;46;58;40;40;28;45;36;33;14;0;24;16;29;24;0;30;0;0;21;22;22;0;24;19;20;0;0;21;45;0
04.02.2018;14;0;27;45;42;44;35;39;27;36;25;33;21;0;23;19;34;27;0;31;0;0;16;32;28;0;24;19;19;0;0;27;57;0
04.02.2018;15;0;31;36;47;46;37;44;27;45;27;37;25;0;27;24;24;31;0;37;0;0;28;35;40;0;32;21;23;0;0;29;61;0
04.02.2018;16;0;28;33;49;49;42;35;25;41;27;40;21;0;22;27;26;32;0;40;0;0;20;27;33;0;34;30;23;0;0;24;57;0
04.02.2018;17;0;38;45;40;40;38;39;36;37;30;33;18;0;22;44;0;26;0;32;0;0;16;17;38;0;29;19;20;0;0;25;45;0
04.02.2018;18;0;39;37;40;40;38;25;34;38;35;34;18;0;14;41;0;31;0;30;0;0;14;15;25;0;32;22;15;0;0;13;44;0
04.02.2018;19;0;26;42;42;33;34;27;22;36;33;27;17;0;18;37;0;30;0;38;0;0;7;30;22;0;36;19;16;0;0;25;42;0
04.02.2018;20;0;24;39;45;39;44;33;24;30;27;34;22;0;7;32;0;33;0;44;0;0;0;26;14;0;31;5;25;0;0;23;34;0
04.02.2018;21;0;27;33;45;45;36;22;22;22;21;36;31;0;0;27;0;32;0;47;0;0;0;24;15;0;37;0;24;0;0;17;17;0
04.02.2018;22;0;19;25;44;22;44;24;23;2;19;8;38;0;0;30;0;27;0;35;0;0;0;30;11;0;26;0;24;0;0;18;0;0
04.02.2018;23;0;29;25;38;0;37;11;36;0;29;0;41;0;0;29;0;33;0;36;0;0;0;28;17;0;27;0;23;0;0;15;0;0
04.02.2018;24;0;12;22;28;0;28;0;17;0;23;0;30;0;0;20;0;29;0;40;0;0;0;13;14;0;23;0;20;0;0;12;0;0
05.02.2018;1;0;5;9;31;0;32;0;13;0;13;0;21;0;0;22;0;19;0;27;0;0;0;13;4;0;14;0;18;0;0;7;0;0
05.02.2018;2;0;3;5;16;0;16;0;9;0;8;0;10;0;0;21;0;11;0;24;0;0;0;10;14;0;11;0;14;0;0;9;0;0
05.02.2018;3;0;2;2;20;0;21;0;9;0;12;0;14;0;0;25;0;18;0;30;0;0;0;17;20;0;11;0;15;0;0;15;0;0
05.02.2018;4;0;7;12;24;5;27;3;17;5;18;5;24;0;0;35;0;38;0;48;1;0;0;24;24;0;14;0;18;0;0;24;0;0
05.02.2018;5;0;17;29;41;26;35;18;24;42;30;25;17;0;6;24;0;32;0;35;12;0;0;18;15;0;18;8;20;0;0;20;0;0
05.02.2018;6;0;34;29;37;42;27;29;38;37;24;25;19;0;12;23;0;26;0;28;0;0;0;18;6;0;25;11;20;0;0;14;0;0
05.02.2018;7;0;26;42;39;36;30;27;29;42;30;23;22;0;14;31;0;30;0;32;0;0;0;15;11;0;26;10;24;0;0;6;0;0
05.02.2018;8;0;34;39;58;49;45;2;49;43;18;1;36;0;17;22;11;24;0;25;0;0;0;27;17;0;27;10;30;0;0;9;0;0
05.02.2018;9;0;24;32;37;41;30;0;52;41;34;0;31;0;30;21;36;34;0;36;0;0;0;33;23;0;26;13;41;0;0;17;0;0
05.02.2018;10;0;14;39;40;40;33;0;32;26;20;0;27;0;39;29;38;29;0;32;0;0;0;30;28;0;32;12;21;0;0;37;0;0
05.02.2018;11;0;18;63;34;43;32;0;39;33;33;0;29;0;40;23;29;19;0;26;0;0;0;42;37;0;31;14;23;0;0;34;0;0
05.02.2018;12;0;24;25;40;38;33;20;31;32;21;13;19;0;30;20;30;24;0;23;0;0;7;22;24;0;32;14;20;0;0;24;0;0
05.02.2018;13;0;25;28;46;59;44;42;27;28;18;36;28;0;26;18;23;35;0;28;0;0;15;26;18;0;28;11;22;0;0;27;0;0
05.02.2018;14;0;24;34;43;44;31;36;30;45;33;34;12;0;24;22;26;29;0;31;0;0;15;25;20;0;24;27;21;16;0;22;0;0
05.02.2018;15;0;28;40;39;46;42;30;33;48;32;22;15;0;19;13;29;18;0;26;0;0;21;23;36;0;23;32;25;20;0;21;16;0
05.02.2018;16;0;27;35;53;63;54;39;37;53;31;37;23;0;29;29;26;30;0;31;0;0;26;20;23;0;25;32;26;16;0;25;50;1
05.02.2018;17;0;29;34;43;46;41;34;32;33;27;35;16;0;16;37;10;34;0;37;0;0;16;15;15;0;26;20;27;7;0;20;27;0
05.02.2018;18;0;28;36;42;38;38;19;31;40;28;35;23;0;10;38;0;35;0;37;0;0;5;20;15;0;26;26;15;0;0;9;0;0
05.02.2018;19;0;21;36;42;55;37;23;24;26;24;33;22;0;19;34;0;34;0;31;0;0;0;35;12;0;31;16;9;0;0;20;0;0
05.02.2018;20;0;34;37;53;67;50;33;33;21;30;53;28;0;8;28;0;46;0;40;0;0;0;36;8;0;31;10;23;0;0;14;0;0
05.02.2018;21;0;20;23;49;46;41;16;25;12;27;31;28;0;0;22;0;39;0;48;0;0;0;23;12;0;29;0;23;0;0;12;0;0
05.02.2018;22;0;24;25;30;4;30;0;32;0;31;0;38;0;0;14;0;35;0;36;0;0;0;17;7;0;25;0;27;0;0;8;0;0
05.02.2018;23;0;11;14;23;0;33;0;17;0;13;0;23;0;0;19;0;31;0;39;0;0;0;8;8;0;22;0;20;0;0;6;0;0
05.02.2018;24;0;4;7;29;0;31;0;18;0;13;0;17;0;0;12;0;16;0;22;0;0;0;10;8;0;17;0;16;0;0;5;0;0
06.02.2018;1;0;0;2;14;0;18;0;3;0;3;0;9;0;0;12;0;13;0;24;0;0;0;13;1;0;9;0;10;0;0;0;0;0
06.02.2018;2;0;3;2;21;0;22;0;9;0;8;0;11;0;0;13;0;10;0;18;0;0;0;19;11;0;11;0;9;0;0;8;0;0
06.02.2018;3;0;3;6;24;0;18;0;8;0;18;0;19;0;0;29;0;24;0;34;0;0;0;17;18;0;7;0;20;0;0;15;0;0
06.02.2018;4;0;9;14;29;18;18;3;19;8;21;32;25;0;7;32;0;31;3;41;12;0;0;21;26;0;10;8;20;0;0;21;0;0
06.02.2018;5;0;20;26;42;29;24;28;28;40;26;36;20;0;20;26;0;22;13;26;18;0;0;10;16;0;16;17;9;0;0;20;0;0
06.02.2018;6;0;27;35;44;47;38;30;33;39;30;35;18;0;11;23;0;23;4;22;11;0;0;19;9;0;33;8;18;0;0;11;0;0
06.02.2018;7;0;19;35;41;51;35;21;23;35;27;22;17;0;19;32;0;20;0;21;0;0;0;26;8;0;25;11;30;0;0;10;0;0
06.02.2018;8;0;34;35;38;51;44;22;38;39;30;35;23;0;15;19;17;31;0;30;0;0;0;27;14;0;29;11;33;0;0;10;0;0
06.02.2018;9;0;30;26;35;37;28;35;37;33;21;24;19;0;24;22;32;29;0;36;0;0;0;23;22;0;19;15;27;0;0;15;0;0
06.02.2018;10;0;10;29;31;44;30;28;12;35;23;30;22;0;26;22;38;24;0;26;0;0;0;21;18;0;30;27;19;0;0;25;0;0
06.02.2018;11;0;13;33;35;44;33;30;21;38;27;13;16;0;23;34;10;10;0;13;0;0;0;21;16;0;39;17;19;0;0;22;0;0
06.02.2018;12;0;22;25;35;44;29;32;26;35;21;20;12;0;30;31;22;17;0;19;0;0;18;23;19;0;27;11;24;0;0;24;0;0
06.02.2018;13;0;29;28;40;53;39;35;30;29;20;37;20;0;28;35;19;32;0;33;0;0;12;21;16;0;24;17;16;0;0;21;0;1
06.02.2018;14;0;26;23;38;46;32;38;25;36;18;18;11;0;15;34;0;14;0;22;0;0;32;26;24;0;20;27;14;12;0;14;0;0
06.02.2018;15;0;33;34;43;53;41;41;27;49;28;24;20;0;25;45;0;18;0;27;0;0;30;28;39;0;37;24;29;4;0;22;0;0
06.02.2018;16;0;28;27;40;46;37;38;25;42;22;37;29;0;29;58;0;37;0;39;0;0;28;12;23;0;36;29;23;0;0;25;0;0
06.02.2018;17;0;37;35;41;50;40;29;32;40;28;39;25;0;16;39;0;39;0;44;0;0;13;10;11;0;24;24;18;0;0;19;0;1
06.02.2018;18;0;27;32;47;46;37;19;26;35;20;33;27;0;12;35;0;37;0;37;0;0;7;26;18;0;31;19;15;0;0;14;0;0
06.02.2018;19;0;25;29;49;56;39;21;26;27;19;28;27;0;16;40;0;26;0;30;0;0;0;41;15;0;28;15;17;0;0;20;0;0
06.02.2018;20;0;26;28;57;40;41;32;30;23;21;55;35;0;0;30;0;56;0;50;0;0;0;15;17;0;23;0;31;0;0;24;0;0
06.02.2018;21;0;23;27;37;5;35;4;44;4;31;21;32;0;0;29;0;29;0;42;0;0;0;14;12;0;19;0;31;0;0;14;0;0
06.02.2018;22;0;28;24;27;0;25;0;42;0;27;0;47;0;0;22;0;37;0;38;0;0;0;11;13;0;15;0;25;0;0;13;0;0
06.02.2018;23;0;12;10;17;0;20;0;16;0;15;0;21;0;0;21;0;28;0;34;0;0;0;4;9;0;17;0;19;0;0;9;0;0
06.02.2018;24;0;7;4;11;0;15;0;12;0;10;0;3;0;0;12;0;4;0;14;0;0;0;6;9;0;14;0;15;0;0;6;0;0
07.02.2018;1;0;3;5;13;0;16;0;4;0;4;0;6;0;0;12;0;4;0;8;0;0;0;17;3;0;7;0;9;0;0;8;0;0
07.02.2018;2;0;3;0;16;0;19;0;9;0;8;0;7;0;0;17;0;5;0;19;0;0;0;18;10;0;19;0;11;0;0;9;0;0
07.02.2018;3;0;3;7;22;0;20;0;11;0;12;0;21;0;0;27;0;28;0;38;0;0;0;11;22;0;11;0;18;0;0;19;0;0
07.02.2018;4;0;14;25;36;5;32;5;21;9;16;10;33;0;0;27;0;37;0;37;3;0;0;20;28;0;14;0;25;0;0;16;0;0
07.02.2018;5;0;26;49;49;31;33;36;39;38;28;37;25;0;0;24;0;24;0;46;20;0;0;12;14;0;20;6;27;0;0;19;0;0
07.02.2018;6;0;28;35;49;39;34;23;27;31;22;32;27;0;0;33;0;21;0;26;8;0;0;13;5;0;22;9;22;0;0;12;0;0
07.02.2018;7;0;20;34;42;49;31;30;21;31;28;28;19;0;20;33;0;24;0;28;0;0;0;28;10;0;24;10;27;0;0;11;0;0
07.02.2018;8;0;34;40;41;58;34;21;36;42;26;0;47;0;12;35;0;37;0;36;0;0;0;31;15;0;38;14;29;0;0;6;0;0
07.02.2018;9;1;21;28;41;46;35;31;33;29;15;0;29;0;24;41;14;31;0;32;0;0;0;35;20;0;30;13;26;0;0;13;0;0
07.02.2018;10;0;14;31;41;36;33;33;22;33;26;0;24;0;30;36;23;26;0;29;0;0;0;30;24;0;27;23;22;0;0;28;0;0
07.02.2018;11;0;20;27;40;42;21;32;29;35;25;0;22;0;34;45;0;13;0;16;0;0;0;27;20;0;33;14;26;0;0;24;0;0
07.02.2018;12;0;22;26;34;45;28;38;34;25;19;0;30;0;28;33;24;27;0;23;0;0;0;29;27;0;20;15;25;0;0;28;0;0
07.02.2018;13;1;25;33;52;51;52;34;26;31;22;0;41;0;28;40;4;33;0;35;0;0;2;30;21;0;24;21;20;0;0;31;0;0
07.02.2018;14;0;24;26;46;46;44;39;26;31;16;0;37;0;15;41;0;29;0;36;0;0;18;28;23;0;31;15;18;0;0;17;0;1
07.02.2018;15;0;26;41;50;67;50;48;30;50;30;0;33;0;21;39;0;24;0;31;0;0;23;27;36;0;31;29;29;0;0;22;0;0
07.02.2018;16;0;28;28;46;55;48;44;29;46;21;27;25;0;28;59;0;26;0;35;0;0;15;18;24;0;25;28;30;0;0;23;0;0
07.02.2018;17;0;29;31;55;50;53;21;25;28;27;36;31;0;15;44;0;37;0;40;0;0;0;32;14;0;27;24;18;0;0;19;0;0
07.02.2018;18;0;28;40;56;47;49;20;29;29;27;39;33;0;16;37;0;38;0;39;0;0;0;30;21;0;29;21;16;0;0;21;0;0
07.02.2018;19;0;24;37;49;61;55;24;22;21;24;40;22;0;16;40;0;36;0;37;0;0;0;44;10;0;34;21;19;0;0;25;0;0
07.02.2018;20;0;30;35;55;60;53;37;39;23;31;53;17;0;0;30;0;42;0;46;0;0;0;30;9;0;31;0;25;0;0;26;0;0
07.02.2018;21;0;18;25;44;14;39;9;31;15;33;15;26;0;0;31;0;29;0;44;0;0;0;19;14;0;25;0;37;0;0;15;0;0
07.02.2018;22;0;28;18;16;0;27;0;25;0;16;0;45;0;0;18;0;40;0;43;0;0;0;15;10;0;21;0;17;0;0;8;0;0
07.02.2018;23;0;14;7;20;0;29;0;16;0;16;0;17;0;0;16;0;20;0;31;0;0;0;10;16;0;17;0;17;0;0;11;0;0
07.02.2018;24;0;1;4;16;0;16;0;9;0;10;0;4;0;0;25;0;4;0;14;0;0;0;8;9;0;15;0;18;0;0;10;0;0
08.02.2018;1;0;0;4;14;0;16;0;5;0;3;0;2;0;0;15;0;3;0;8;0;0;0;19;5;0;14;0;5;0;0;5;0;0
08.02.2018;2;0;0;2;24;0;25;0;4;0;8;0;12;0;0;14;0;13;0;22;0;0;0;19;11;0;10;0;19;0;0;12;0;0
08.02.2018;3;0;2;6;30;0;36;0;6;0;11;0;33;0;0;13;0;37;0;38;0;0;0;16;14;0;5;0;11;0;0;12;0;0
08.02.2018;4;0;15;18;30;6;31;3;25;11;26;13;28;0;0;27;0;49;0;39;0;0;0;19;21;0;10;0;31;0;0;20;0;0
08.02.2018;5;0;28;35;46;37;39;33;33;45;30;45;32;0;4;25;0;40;0;41;17;0;0;16;17;0;20;9;26;0;0;14;0;0
08.02.2018;6;0;29;35;43;43;42;18;28;38;23;33;31;0;23;34;0;27;0;31;13;0;0;17;11;0;25;8;29;0;0;13;0;0
08.02.2018;7;0;21;37;46;50;41;24;21;31;28;34;25;0;10;34;0;27;0;24;0;0;0;28;14;0;25;11;28;0;0;8;0;0
08.02.2018;8;0;33;37;46;61;47;34;36;40;30;34;23;0;0;41;0;34;0;34;0;0;0;28;17;0;32;11;33;0;0;6;0;0
08.02.2018;9;0;27;30;41;48;41;31;33;34;21;29;18;0;25;56;0;36;0;43;0;0;0;28;20;0;24;16;29;0;0;17;0;0
08.02.2018;10;0;21;35;38;41;35;38;26;39;29;29;20;0;41;63;0;23;0;26;0;0;0;25;24;0;21;27;24;0;0;38;0;0
08.02.2018;11;0;27;32;36;48;35;40;33;30;27;21;15;0;25;46;0;22;0;25;0;0;0;39;28;0;29;11;24;0;0;31;0;0
08.02.2018;12;0;21;27;39;51;38;41;27;37;22;39;18;0;27;60;0;31;0;27;0;0;3;41;19;0;28;17;19;0;0;25;0;0
08.02.2018;13;0;26;30;50;56;46;38;24;28;25;37;14;0;26;45;0;34;0;36;0;0;16;24;25;0;30;19;14;0;0;34;0;1
08.02.2018;14;0;24;29;47;54;44;35;20;39;19;26;21;0;13;36;0;21;0;29;0;0;20;28;27;0;29;26;21;0;0;20;0;0
08.02.2018;15;0;30;38;49;59;51;44;32;53;34;40;14;0;21;50;0;36;0;33;0;0;23;28;34;0;29;27;26;0;0;20;24;0
08.02.2018;16;0;36;26;43;37;43;38;36;45;23;36;19;0;31;65;15;29;0;35;0;0;19;24;31;0;29;32;27;0;0;29;34;0
08.02.2018;17;0;43;40;41;42;41;49;44;49;39;33;17;0;22;42;0;35;0;35;0;0;0;24;29;0;30;29;20;0;0;31;35;1
08.02.2018;18;0;31;35;55;44;49;23;27;30;32;36;20;0;18;32;0;41;0;40;0;0;0;30;11;0;33;17;12;0;0;14;33;0
08.02.2018;19;1;34;39;57;61;50;32;38;39;38;46;29;0;19;32;0;44;0;38;0;0;0;39;15;0;34;24;15;0;0;24;0;0
08.02.2018;20;0;28;25;51;28;56;14;31;18;32;46;33;0;2;32;0;50;0;54;0;0;0;25;6;0;30;5;21;0;0;17;0;0
08.02.2018;21;0;25;22;41;0;28;0;30;0;31;0;32;0;0;27;0;21;0;31;0;0;0;19;10;0;23;0;25;0;0;15;0;0
08.02.2018;22;0;23;22;17;0;15;0;27;0;30;0;41;0;0;26;0;29;0;35;0;0;0;9;9;0;19;0;22;0;0;7;0;0
08.02.2018;23;0;13;8;19;0;16;0;12;0;13;0;22;0;0;19;0;20;0;31;0;0;0;11;9;0;19;0;16;0;0;11;0;0
08.02.2018;24;0;5;7;10;0;16;0;6;0;12;0;8;0;0;12;0;6;0;12;0;0;0;9;4;0;16;0;11;0;0;4;0;0
09.02.2018;1;0;2;5;11;0;13;0;4;0;5;0;7;0;0;7;0;6;0;11;0;0;0;14;5;0;8;0;6;0;0;3;0;0
09.02.2018;2;0;4;5;17;0;24;0;8;0;7;0;10;0;0;16;0;14;0;25;0;0;0;20;9;0;12;0;14;0;0;12;0;0
09.02.2018;3;0;5;5;29;0;37;0;12;0;18;0;27;0;0;23;0;35;0;37;0;0;0;20;26;0;11;0;25;0;0;22;0;0
09.02.2018;4;0;12;16;34;0;35;0;19;0;32;0;34;0;0;35;0;38;0;39;17;0;0;27;30;0;9;0;29;0;0;23;0;0
09.02.2018;5;0;25;34;50;27;40;20;28;44;36;44;37;0;14;26;0;33;0;41;17;0;0;13;17;0;15;17;20;0;0;21;0;0
09.02.2018;6;1;32;43;46;42;39;23;32;45;34;29;23;0;13;29;0;20;0;25;4;0;0;20;10;0;26;12;27;0;0;14;0;0
09.02.2018;7;0;17;30;47;58;47;23;12;22;19;25;15;0;17;32;0;22;0;25;0;0;0;31;12;0;27;11;24;0;0;10;0;0
09.02.2018;8;0;31;42;42;68;45;35;30;41;36;35;20;0;18;36;0;29;0;30;0;0;0;37;18;0;33;15;30;0;0;9;0;0
09.02.2018;9;0;28;28;36;53;33;40;31;39;25;32;19;0;31;55;17;37;0;36;0;0;0;32;24;0;28;15;36;0;0;23;0;0
09.02.2018;10;0;20;37;44;43;38;29;25;35;26;29;22;0;38;32;40;29;0;33;0;0;0;37;27;0;35;20;27;0;0;34;0;0
09.02.2018;11;0;22;36;46;53;45;34;30;34;35;26;19;0;27;44;9;22;0;23;0;0;0;41;31;0;28;13;24;0;0;34;0;0
09.02.2018;12;0;26;32;48;51;37;37;29;38;32;31;20;0;32;56;0;24;0;21;0;0;11;33;26;0;26;20;26;5;0;25;0;0
09.02.2018;13;0;36;35;45;66;43;48;34;43;29;43;26;0;26;30;18;36;0;45;0;0;23;26;19;7;19;24;22;15;0;29;0;0
09.02.2018;14;0;30;30;45;66;39;41;31;39;26;30;29;0;25;23;29;28;0;36;0;0;21;33;13;13;23;24;21;19;0;21;10;0
09.02.2018;15;0;25;43;51;56;43;41;29;47;41;0;47;0;23;18;31;26;0;46;0;0;20;38;11;19;28;21;26;22;0;29;31;0
09.02.2018;16;0;33;27;51;51;46;46;38;48;31;33;42;0;33;30;37;41;0;48;0;0;22;26;30;3;33;27;29;20;0;34;38;1
09.02.2018;17;0;39;38;57;55;51;44;39;51;43;48;23;0;13;36;12;36;0;38;0;0;14;24;25;0;29;27;22;13;0;20;34;0
09.02.2018;18;0;23;36;55;50;49;24;22;52;41;45;18;0;20;49;0;38;0;43;0;0;14;17;15;0;32;26;14;0;0;15;28;0
09.02.2018;19;1;29;44;61;60;53;32;28;39;43;42;19;0;21;36;0;33;0;37;0;0;10;33;20;0;41;17;17;0;0;24;24;0
09.02.2018;20;0;27;44;65;53;51;25;32;26;38;52;33;0;14;38;0;42;0;47;0;0;0;32;10;0;38;13;27;0;0;24;0;0
09.02.2018;21;0;24;27;40;24;38;12;30;9;31;13;22;0;0;24;0;29;0;40;0;0;0;31;12;0;26;0;32;0;0;20;0;0
09.02.2018;22;0;29;25;18;0;25;0;34;0;24;0;42;0;0;18;0;32;0;39;0;0;0;22;7;0;21;0;24;0;0;8;0;0
09.02.2018;23;0;11;17;20;0;23;0;13;0;15;0;28;0;0;16;0;28;0;38;0;0;0;17;13;0;18;0;17;0;0;5;0;0
09.02.2018;24;0;8;5;11;0;19;0;11;0;9;0;5;0;0;14;0;11;0;18;0;0;0;9;12;0;17;0;16;0;0;6;0;0
10.02.2018;1;0;5;5;14;0;16;0;5;0;7;0;4;0;0;13;0;7;0;13;0;0;0;15;6;0;10;0;11;0;0;6;0;0
10.02.2018;2;0;5;4;21;0;30;0;10;0;8;0;16;0;0;15;0;16;0;27;0;0;0;24;19;0;14;0;23;0;0;14;0;0
10.02.2018;3;0;2;8;31;0;41;0;15;0;15;0;30;0;0;32;0;33;0;38;0;0;0;19;34;0;12;0;24;0;0;30;0;0
10.02.2018;4;0;11;21;30;2;39;3;22;5;20;7;34;0;0;36;0;27;4;35;17;0;0;22;41;0;12;0;24;0;0;23;0;0
10.02.2018;5;0;23;35;44;27;38;19;22;32;22;49;37;0;3;27;0;23;11;31;22;0;0;16;21;0;18;2;21;0;0;17;0;2
10.02.2018;6;0;27;40;49;50;46;25;27;38;28;39;30;0;20;29;0;20;0;28;15;0;0;21;12;0;24;10;30;0;0;10;0;0
10.02.2018;7;0;13;34;44;56;43;25;17;38;36;12;27;0;21;41;1;23;0;28;0;0;0;34;15;0;27;12;29;0;0;7;0;0
10.02.2018;8;0;30;34;45;49;46;25;39;33;36;0;33;0;17;16;20;26;0;29;0;0;0;35;21;0;26;9;28;0;0;7;0;0
10.02.2018;9;0;34;30;37;53;41;35;41;41;37;0;33;0;33;21;35;29;0;36;0;0;0;30;39;0;25;17;33;0;0;19;0;0
10.02.2018;10;0;17;34;45;49;48;30;27;35;32;0;39;0;39;24;46;34;0;27;0;0;0;24;34;0;23;21;21;0;0;35;0;1
10.02.2018;11;0;21;38;46;50;42;35;35;39;32;17;27;0;23;14;32;20;0;24;0;0;19;37;35;0;19;17;20;8;0;30;0;0
10.02.2018;12;0;23;34;43;54;34;35;30;42;27;35;18;0;23;23;33;31;0;25;0;0;17;32;27;0;15;19;23;11;0;23;0;0
10.02.2018;13;1;26;45;42;54;43;44;30;36;28;27;20;0;22;12;33;29;0;27;0;0;15;28;28;0;20;28;19;13;0;26;0;0
10.02.2018;14;0;24;27;40;54;40;29;21;33;19;25;14;0;14;16;24;27;0;31;0;0;24;29;25;0;20;21;16;12;0;14;0;0
10.02.2018;15;0;35;36;49;49;41;42;31;42;27;25;18;0;26;14;29;19;0;29;0;0;30;33;39;0;24;24;24;13;0;24;32;0
10.02.2018;16;0;25;38;52;55;45;33;27;35;24;39;19;0;28;36;23;31;0;43;0;0;21;20;36;0;32;22;19;0;0;25;6;0
10.02.2018;17;0;29;46;40;43;37;35;33;31;34;26;16;0;16;38;0;25;0;29;0;0;14;24;21;0;25;20;19;0;0;21;0;0
10.02.2018;18;0;25;36;48;44;41;19;28;25;17;28;11;0;19;43;0;25;0;29;0;0;7;32;20;0;23;21;9;0;0;15;0;0
10.02.2018;19;0;15;34;55;51;45;23;16;23;25;31;22;0;16;36;0;28;0;41;0;0;0;44;19;0;27;17;9;0;0;22;0;0
10.02.2018;20;0;25;21;59;51;36;34;32;19;18;42;28;0;2;28;0;28;0;47;0;0;0;27;9;0;31;3;20;0;0;23;0;0
10.02.2018;21;0;18;17;41;17;29;10;30;9;26;12;23;0;0;32;0;23;0;32;0;0;0;12;10;0;18;0;28;0;0;15;0;0
10.02.2018;22;0;24;15;23;0;20;0;39;0;29;0;35;0;0;24;0;35;0;31;0;0;0;12;10;0;14;0;22;0;0;8;0;0
10.02.2018;23;0;10;10;18;0;19;0;19;0;10;0;23;0;0;18;0;29;0;33;0;0;0;7;12;0;17;0;13;0;0;7;0;0
10.02.2018;24;0;7;10;9;0;18;0;14;0;10;0;5;0;0;17;0;9;0;17;0;0;0;9;8;0;17;0;10;0;0;7;0;0
11.02.2018;1;0;5;9;12;0;17;0;7;0;10;0;6;0;0;13;0;5;0;10;0;0;0;14;5;0;8;0;7;0;0;4;0;0
11.02.2018;2;0;2;1;19;0;32;0;10;0;7;0;11;0;0;19;0;18;0;28;0;0;0;25;10;0;12;0;14;0;0;13;0;0
11.02.2018;3;0;7;6;29;0;42;0;19;0;17;0;35;0;0;22;0;42;0;45;0;0;0;23;25;0;10;0;19;0;0;21;0;0
11.02.2018;4;0;8;10;31;3;40;3;22;8;18;7;32;0;0;29;0;44;0;36;0;0;0;25;25;0;12;0;20;0;0;18;0;0
11.02.2018;5;0;22;29;43;23;35;17;26;31;21;42;28;0;7;30;0;45;0;35;0;0;0;11;9;0;18;3;24;0;0;15;0;0
11.02.2018;6;0;27;30;45;43;39;23;24;30;22;13;27;0;19;26;0;28;0;26;0;0;0;13;6;0;27;8;18;0;0;14;0;0
11.02.2018;7;0;19;31;47;61;41;28;17;36;25;0;32;0;24;32;0;25;0;26;0;0;0;20;14;0;24;13;25;0;0;10;0;0
11.02.2018;8;0;28;51;46;64;41;21;27;31;27;0;38;0;21;26;12;28;0;24;0;0;0;36;19;0;26;6;30;0;0;13;0;0
11.02.2018;9;0;29;21;44;43;37;21;40;30;19;0;24;0;27;26;26;22;0;33;0;0;0;30;25;0;23;9;29;0;0;15;0;0
11.02.2018;10;1;9;47;44;44;42;0;28;36;27;0;24;0;33;28;38;21;0;28;0;0;0;31;20;0;25;25;25;0;0;24;0;0
11.02.2018;11;0;15;40;37;40;31;0;45;35;34;0;23;0;36;16;30;15;0;21;0;0;0;35;37;0;25;15;22;0;0;34;0;0
11.02.2018;12;0;18;28;37;46;30;26;28;36;26;23;28;0;32;23;38;27;0;21;0;0;18;34;24;0;21;12;27;0;0;23;0;0
11.02.2018;13;0;22;37;50;57;41;45;26;33;32;40;18;0;30;26;26;32;0;34;0;0;21;26;20;0;26;19;16;0;0;34;22;0
11.02.2018;14;0;30;27;57;59;55;39;27;37;27;27;14;0;11;25;18;24;0;32;0;0;26;35;23;0;37;21;22;0;0;18;28;0
11.02.2018;15;0;32;37;47;51;47;47;31;51;43;23;9;0;23;23;28;19;0;36;0;0;32;32;38;0;43;39;28;0;0;21;26;0
11.02.2018;16;0;32;36;44;46;35;50;33;43;36;49;20;0;31;33;27;35;0;40;0;0;28;26;37;0;41;28;22;0;0;28;26;0
11.02.2018;17;0;38;33;44;51;44;45;34;45;33;34;9;0;20;41;0;32;0;36;0;0;19;22;27;0;22;21;21;0;0;23;31;0
11.02.2018;18;0;29;36;46;51;41;34;31;49;45;42;9;0;21;44;0;33;0;38;0;0;11;18;20;0;32;21;15;0;0;16;6;0
11.02.2018;19;0;19;40;56;54;51;41;25;42;39;36;13;0;22;39;0;33;0;40;0;0;14;21;20;0;34;15;7;0;0;25;0;0
11.02.2018;20;0;31;44;56;73;49;43;37;41;44;41;23;0;11;24;0;37;0;45;0;0;5;36;11;0;34;18;12;0;0;22;0;0
11.02.2018;21;1;25;34;54;58;44;28;28;30;40;42;29;0;0;25;0;41;0;57;0;0;0;26;11;0;27;0;30;0;0;15;0;0
11.02.2018;22;0;25;27;41;21;35;0;32;0;41;0;47;0;0;30;0;34;0;39;0;0;0;17;9;0;24;0;26;0;0;11;0;0
11.02.2018;23;0;11;10;25;0;25;0;15;0;25;0;30;0;0;27;0;31;0;40;0;0;0;18;14;0;19;0;24;0;0;12;0;0
11.02.2018;24;0;7;5;21;0;21;0;11;0;13;0;13;0;0;16;0;10;0;25;0;0;0;6;9;0;23;0;15;0;0;11;0;0
12.02.2018;1;0;3;6;12;0;20;0;6;0;7;0;12;0;0;17;0;9;0;14;0;0;0;13;7;0;7;0;9;0;0;8;0;0
12.02.2018;2;0;3;1;17;0;20;0;12;0;9;0;12;0;0;22;0;14;0;24;0;0;0;23;17;0;10;0;17;0;0;17;0;0
12.02.2018;3;0;2;7;33;26;31;0;20;0;18;0;30;0;0;21;0;39;0;44;0;0;0;25;28;0;8;0;18;0;0;26;0;0
12.02.2018;4;0;11;16;38;34;33;5;18;10;13;35;26;0;5;28;0;35;3;38;13;0;0;28;24;0;13;13;14;0;0;23;0;0
12.02.2018;5;0;28;34;51;53;42;34;34;46;31;50;21;0;20;27;0;20;12;31;27;0;0;20;15;0;25;16;14;0;0;21;0;0
12.02.2018;6;0;33;39;49;67;44;30;30;55;39;42;12;0;22;33;0;25;4;21;9;0;0;21;10;0;39;14;30;0;0;14;0;0
12.02.2018;7;0;15;43;51;52;41;23;19;33;43;33;22;0;18;36;0;28;0;25;0;0;0;27;8;0;28;9;26;0;0;7;0;1
12.02.2018;8;0;35;34;52;70;52;28;38;49;40;41;27;0;16;14;21;36;0;32;0;0;0;27;17;0;39;14;35;0;0;6;0;1
12.02.2018;9;0;21;25;41;48;39;28;25;37;30;25;21;0;28;24;37;30;0;33;0;0;0;37;23;0;23;14;34;3;0;17;0;0
12.02.2018;10;0;12;36;41;46;37;24;13;33;25;31;25;0;45;31;34;29;0;28;0;0;0;31;26;0;22;20;18;8;0;35;0;0
12.02.2018;11;0;16;36;40;48;39;28;19;40;31;20;17;0;28;19;27;18;0;21;0;0;0;41;28;0;20;22;22;18;0;30;0;0
12.02.2018;12;0;25;27;52;54;45;28;25;41;26;32;22;0;25;24;31;25;0;20;0;0;16;27;15;0;14;17;25;15;0;16;0;0
12.02.2018;13;0;33;29;52;62;51;39;32;40;20;42;26;0;27;37;13;37;0;36;0;0;21;25;15;0;17;22;17;10;0;29;0;1
12.02.2018;14;0;35;27;54;52;43;33;32;41;21;28;20;0;10;28;0;20;0;32;0;0;19;31;23;0;23;19;16;19;0;16;0;0
12.02.2018;15;0;26;39;48;70;44;36;26;57;34;34;20;0;23;51;0;26;0;36;0;0;34;37;29;0;23;29;35;20;0;20;0;0
12.02.2018;16;0;31;23;47;52;44;31;28;41;28;38;20;0;26;58;0;31;0;32;0;0;16;19;36;0;31;27;25;5;0;29;0;0
12.02.2018;17;0;31;36;51;46;46;28;23;39;35;39;27;0;18;39;0;37;0;34;0;0;0;31;18;0;23;25;14;0;0;22;0;0
12.02.2018;18;0;27;38;51;53;46;15;22;26;30;38;30;0;13;40;0;38;0;30;0;0;0;33;14;0;27;20;9;0;0;17;0;0
12.02.2018;19;0;23;45;54;47;35;29;29;30;34;40;28;0;18;40;0;31;0;35;0;0;0;35;15;0;26;20;22;0;0;25;0;0
12.02.2018;20;0;32;42;56;44;40;26;32;30;30;59;28;0;0;32;0;53;0;55;0;0;0;24;8;0;32;0;33;0;0;21;0;0
12.02.2018;21;0;18;21;33;8;25;5;24;6;29;6;19;0;0;21;0;24;0;32;0;0;0;14;13;0;22;0;27;0;0;9;0;0
12.02.2018;22;0;20;21;21;0;15;0;24;0;27;0;46;0;0;17;0;35;0;41;0;0;0;11;6;0;16;0;23;0;0;4;0;0
12.02.2018;23;0;8;8;20;0;23;0;12;0;13;0;18;0;0;14;0;19;0;31;0;0;0;15;11;0;15;0;14;0;0;5;0;0
12.02.2018;24;0;3;4;17;0;19;0;10;0;11;0;6;0;0;11;0;4;0;11;0;0;0;12;10;0;13;0;13;0;0;3;0;0
13.02.2018;1;0;4;3;12;0;16;0;7;0;2;0;2;0;0;10;0;4;0;8;0;0;0;11;2;0;6;0;9;0;0;4;0;0
13.02.2018;2;0;4;0;18;0;20;0;9;0;11;0;8;0;0;13;0;8;0;20;0;0;0;20;10;0;19;0;19;0;0;7;0;0
13.02.2018;3;0;3;13;28;0;29;0;15;0;24;0;26;0;0;26;0;34;0;43;0;0;0;17;21;0;15;0;22;0;0;15;0;0
13.02.2018;4;0;10;26;41;7;33;6;23;13;22;13;32;0;0;34;0;46;0;42;2;0;0;20;27;0;13;0;27;0;0;21;0;0
13.02.2018;5;2;22;47;40;27;28;22;27;52;36;34;25;0;5;22;0;33;0;34;6;0;0;20;14;0;22;11;18;0;0;15;0;0
13.02.2018;6;0;33;35;45;42;41;22;27;33;28;26;20;0;23;34;0;20;0;23;0;0;0;16;8;0;31;7;27;0;0;15;0;0
13.02.2018;7;0;19;31;50;51;36;27;19;27;25;28;25;0;21;37;0;18;0;20;0;0;0;31;12;0;26;9;25;0;0;10;0;0
13.02.2018;8;0;35;31;42;51;37;23;37;38;31;34;30;0;11;29;0;30;0;35;0;0;0;29;20;0;29;9;25;0;0;9;0;0
13.02.2018;9;0;28;25;37;42;38;24;28;38;24;22;19;0;26;40;25;23;0;34;0;0;0;32;18;0;21;13;28;0;0;14;0;0
13.02.2018;10;0;14;28;45;39;36;31;15;37;24;24;21;0;35;26;44;24;0;24;0;0;0;35;22;0;29;22;20;0;0;27;0;1
13.02.2018;11;0;15;31;34;35;26;21;20;33;26;23;21;0;27;37;2;17;0;18;0;0;0;35;18;0;30;17;21;0;0;29;0;0
13.02.2018;12;0;24;29;43;51;38;32;27;38;24;29;24;0;30;41;0;22;0;19;0;0;0;38;21;0;26;16;23;0;0;27;0;0
13.02.2018;13;0;26;26;42;55;44;35;29;30;19;32;19;0;28;42;0;32;0;38;0;0;14;31;11;0;34;15;19;0;0;23;0;0
13.02.2018;14;0;28;24;43;53;45;36;30;30;17;22;17;0;21;34;0;25;0;30;0;0;24;29;28;0;35;19;16;18;0;18;0;0
13.02.2018;15;0;28;34;48;63;47;36;28;53;26;22;20;0;23;40;0;18;0;33;0;0;28;24;41;0;33;30;27;6;0;20;0;0
13.02.2018;16;0;32;23;44;57;45;32;32;46;26;40;21;0;25;53;0;38;0;44;0;0;14;19;33;0;26;29;19;0;0;17;0;0
13.02.2018;17;0;28;38;44;47;50;17;32;31;27;30;26;0;16;38;0;26;0;26;0;0;0;25;13;0;26;20;20;0;0;15;0;0
13.02.2018;18;0;18;39;45;37;38;12;20;28;26;34;22;0;14;35;0;37;0;36;0;0;0;21;12;0;26;22;12;0;0;11;0;0
13.02.2018;19;0;22;30;56;52;54;21;23;28;28;38;26;0;13;39;0;28;0;34;0;0;0;34;9;0;28;17;10;0;0;15;0;0
13.02.2018;20;0;28;34;55;49;43;32;28;34;37;51;25;0;18;41;0;47;0;51;0;0;0;24;9;0;25;12;29;0;0;23;0;0
13.02.2018;21;0;22;23;40;18;31;12;33;11;28;14;19;0;0;29;0;24;0;36;0;0;0;17;12;0;17;0;29;0;0;21;0;0
13.02.2018;22;0;26;21;23;0;24;0;28;0;32;0;41;0;0;14;0;37;0;35;0;0;0;18;11;0;17;0;23;0;0;9;0;0
13.02.2018;23;0;9;14;16;0;17;0;14;0;17;0;23;0;0;19;0;26;0;38;0;0;0;11;10;0;15;0;20;0;0;11;0;0
13.02.2018;24;0;7;5;14;0;18;0;8;0;7;0;8;0;0;10;0;6;0;13;0;0;0;13;6;0;19;0;11;0;0;5;0;0
14.02.2018;1;0;2;5;10;0;14;0;4;0;5;0;7;0;0;14;0;7;0;13;0;0;0;13;1;0;10;0;7;0;0;3;0;0
14.02.2018;2;0;2;2;20;0;26;0;9;0;8;0;11;0;0;17;0;12;0;26;0;0;0;22;8;0;14;0;10;0;0;8;0;0
14.02.2018;3;0;4;9;27;0;39;0;12;0;21;0;30;0;0;31;0;31;0;36;0;0;0;17;18;0;11;0;19;0;0;23;0;0
14.02.2018;4;0;11;17;38;15;37;4;14;15;18;21;32;0;0;29;0;39;0;41;4;0;0;27;26;0;14;0;27;0;0;21;0;0
14.02.2018;5;0;28;32;39;27;36;18;25;45;37;42;30;0;0;21;0;28;0;40;20;0;0;11;11;0;20;7;22;0;0;13;0;0
14.02.2018;6;0;26;32;49;42;43;15;20;36;24;31;24;0;0;32;0;23;0;22;4;0;0;14;5;0;27;10;21;0;0;10;0;0
14.02.2018;7;0;21;34;43;52;37;24;22;30;27;35;23;0;0;38;0;26;0;24;0;0;0;25;11;0;31;8;26;0;0;11;0;0
14.02.2018;8;0;33;35;42;63;38;32;34;48;33;28;11;0;3;37;0;29;0;37;0;0;0;32;21;0;38;16;33;0;0;4;0;1
14.02.2018;9;0;29;21;40;48;38;30;32;33;14;32;21;0;27;61;0;36;0;34;0;0;0;30;22;0;31;8;30;0;0;18;0;0
14.02.2018;10;0;14;29;44;41;41;30;23;34;22;30;18;0;34;60;20;25;0;25;0;0;0;35;26;0;28;26;21;0;0;32;0;0
14.02.2018;11;0;28;36;41;47;33;35;31;44;35;27;19;0;29;41;0;17;0;18;0;0;0;33;24;0;28;17;27;0;0;26;0;0
14.02.2018;12;0;25;27;45;49;38;30;26;38;22;24;18;0;24;50;8;24;0;18;0;0;0;27;20;0;23;18;32;0;0;20;0;2
14.02.2018;13;0;33;28;55;61;49;43;39;36;32;31;17;0;31;29;32;32;0;40;0;0;5;41;20;0;33;21;21;0;0;30;0;1
14.02.2018;14;0;39;32;48;60;47;44;36;36;25;28;15;0;25;19;16;20;0;37;0;0;27;28;30;0;42;16;15;0;0;19;0;0
14.02.2018;15;0;31;40;48;48;46;43;34;61;46;35;22;0;35;26;31;27;0;36;0;0;30;30;44;0;37;32;39;0;0;19;43;0
14.02.2018;16;0;35;31;47;41;41;47;40;47;28;36;26;0;32;34;28;37;0;40;0;0;16;16;29;0;36;27;28;0;0;24;26;0
14.02.2018;17;0;41;30;45;43;42;39;41;42;32;33;19;0;21;48;0;36;0;34;0;0;0;22;14;0;27;25;24;0;0;22;9;0
14.02.2018;18;0;30;38;49;42;41;24;32;45;44;50;27;0;22;43;0;46;0;36;0;0;0;28;20;0;27;23;17;0;0;22;0;0
14.02.2018;19;0;23;38;59;51;46;38;26;37;39;46;25;0;25;43;0;34;0;33;0;0;0;39;18;0;28;20;16;0;0;31;0;0
14.02.2018;20;0;32;35;54;30;50;23;43;19;36;67;32;0;5;33;0;52;0;60;13;0;0;31;7;0;28;6;22;0;0;24;0;0
14.02.2018;21;0;25;24;38;0;32;0;32;0;44;14;22;0;0;30;0;27;0;37;0;0;0;23;14;0;18;0;32;0;0;15;0;0
14.02.2018;22;0;18;19;31;0;18;0;22;0;31;0;46;0;0;24;0;39;0;40;0;0;0;13;6;0;16;0;25;0;0;9;0;0
14.02.2018;23;0;12;11;18;0;17;0;16;0;21;0;28;0;0;19;0;27;0;38;0;0;0;11;11;0;13;0;21;0;0;9;0;0
14.02.2018;24;0;5;4;7;0;15;0;9;0;10;0;12;0;0;19;0;8;0;12;0;0;0;12;5;0;11;0;15;0;0;8;0;0
15.02.2018;1;0;4;2;13;0;17;0;4;0;5;0;3;0;0;14;0;4;0;9;0;0;0;14;2;0;10;0;10;0;0;7;0;0
15.02.2018;2;0;2;3;22;0;22;0;13;0;14;0;9;0;0;20;0;5;0;18;0;0;0;22;9;0;16;0;15;0;0;9;0;0
15.02.2018;3;0;4;4;31;0;24;0;14;0;14;0;26;0;0;23;0;35;0;42;0;0;0;13;22;0;9;0;19;0;0;20;0;0
15.02.2018;4;0;11;15;36;3;33;0;23;2;26;1;34;0;0;34;0;37;0;46;12;0;0;19;26;0;15;0;31;0;0;15;0;0
15.02.2018;5;0;18;35;46;30;41;21;23;52;37;38;32;0;13;30;0;34;0;47;21;0;0;18;18;0;20;15;21;0;0;16;0;0
15.02.2018;6;0;35;42;46;45;41;29;35;51;40;31;27;0;18;31;0;23;0;29;11;0;0;16;7;0;30;7;32;0;0;10;0;0
15.02.2018;7;0;18;37;48;54;38;28;19;39;31;30;18;0;25;40;0;24;0;26;0;0;0;23;14;0;29;14;35;0;0;8;0;0
15.02.2018;8;0;32;33;51;63;50;26;31;44;33;30;22;0;22;42;0;29;0;34;0;0;0;33;16;0;33;10;36;0;0;7;0;0
15.02.2018;9;0;36;31;43;59;44;42;41;46;27;33;19;0;35;69;0;34;0;38;0;0;0;35;23;0;34;14;35;0;0;18;0;0
15.02.2018;10;0;17;36;39;38;33;31;18;29;26;27;23;0;41;54;19;29;0;31;0;0;0;31;29;0;26;24;18;0;0;38;0;0
15.02.2018;11;0;19;37;26;30;25;34;25;36;31;20;21;0;29;20;18;14;0;16;0;0;0;35;32;0;24;16;21;0;0;29;0;0
15.02.2018;12;0;21;26;41;48;39;43;27;34;23;25;15;0;33;27;34;21;0;21;0;0;10;33;28;0;19;15;23;8;0;28;0;0
15.02.2018;13;0;28;29;41;57;43;42;27;39;31;39;21;0;23;17;30;37;0;43;0;0;16;25;18;0;25;18;16;20;0;25;0;0
15.02.2018;14;0;28;30;50;63;49;38;31;37;28;22;15;0;12;13;16;16;0;26;0;0;24;23;26;0;21;20;16;21;0;16;6;0
15.02.2018;15;0;29;31;51;60;47;46;39;57;34;30;24;0;34;30;31;20;0;24;0;0;32;22;40;0;23;33;35;15;0;21;22;0
15.02.2018;16;0;36;25;46;53;39;38;33;47;30;35;22;0;29;29;32;31;0;37;0;0;21;12;28;0;21;29;25;13;0;29;14;0
15.02.2018;17;1;33;37;44;44;39;27;31;35;37;30;17;0;28;41;4;30;0;29;0;0;12;16;21;0;22;26;26;4;0;26;0;0
15.02.2018;18;0;28;37;52;62;50;27;34;38;41;45;27;0;30;46;0;41;0;40;0;0;12;18;14;0;31;21;22;0;0;32;0;0
15.02.2018;19;0;30;30;58;68;49;31;38;26;31;45;29;0;18;35;0;34;0;41;0;0;9;36;9;0;38;15;13;0;0;26;0;0
15.02.2018;20;0;36;35;49;47;41;30;41;29;34;54;31;0;10;30;0;43;0;51;0;0;0;30;7;0;26;16;29;0;0;19;0;0
15.02.2018;21;0;23;14;38;20;35;11;27;8;16;12;20;0;0;29;0;20;0;31;0;0;0;17;13;0;25;0;26;0;0;14;0;0
15.02.2018;22;0;28;24;29;0;29;0;40;0;32;0;42;0;0;21;0;36;0;42;0;0;0;16;14;0;23;0;21;0;0;11;0;0
15.02.2018;23;0;15;15;18;0;27;0;21;0;21;0;24;0;0;22;0;25;0;38;0;0;0;9;12;0;14;0;17;0;0;14;0;0
15.02.2018;24;0;5;9;9;0;20;0;10;0;8;0;6;0;0;15;0;5;0;19;0;0;0;7;9;0;17;0;12;0;0;6;0;0
16.02.2018;1;0;2;7;10;0;13;0;6;0;5;0;5;0;0;11;0;3;0;10;0;0;0;14;6;0;8;0;6;0;0;7;0;0
16.02.2018;2;0;2;2;18;0;18;0;10;0;6;0;3;0;0;14;0;6;0;25;0;0;0;23;12;0;15;0;13;0;0;11;0;0
16.02.2018;3;0;4;6;29;0;32;0;11;0;15;0;26;0;0;26;0;32;0;41;0;0;0;16;22;0;16;0;19;0;0;17;0;0
16.02.2018;4;0;13;19;39;3;34;3;18;9;26;7;32;0;0;35;0;39;8;36;13;0;0;19;27;0;13;0;28;0;0;24;0;0
16.02.2018;5;0;29;33;44;35;37;28;29;47;33;33;28;0;6;24;0;32;17;29;14;0;0;17;16;0;20;5;23;0;0;19;0;0
16.02.2018;6;0;27;34;49;49;41;23;28;34;27;31;21;0;16;25;0;20;0;25;8;0;0;19;4;0;31;10;21;0;0;10;0;0
16.02.2018;7;0;19;34;53;65;48;35;27;37;32;26;22;0;21;33;1;21;0;26;0;0;0;32;15;0;33;14;30;0;0;13;0;0
16.02.2018;8;0;35;40;42;64;42;33;40;41;45;37;23;0;17;23;23;35;0;40;0;0;0;36;23;0;31;9;33;0;0;9;0;0
16.02.2018;9;0;30;28;36;52;37;37;39;37;37;27;16;0;28;24;36;30;0;34;0;0;0;25;26;0;26;12;36;0;0;22;0;0
16.02.2018;10;0;15;33;41;57;43;25;22;36;31;21;11;0;42;27;45;23;0;27;0;0;8;35;27;0;27;14;27;0;0;29;0;0
16.02.2018;11;0;23;37;50;55;49;39;30;41;37;29;19;0;33;19;32;17;0;24;0;0;19;28;35;0;29;16;24;15;0;34;0;0
16.02.2018;12;0;30;34;52;61;46;45;29;48;30;29;17;0;26;19;31;21;0;24;0;0;22;20;26;0;29;18;29;17;0;28;0;1
16.02.2018;13;0;36;37;51;70;48;56;36;28;24;34;20;0;39;27;31;34;0;45;0;0;23;30;28;0;25;15;24;21;0;35;0;0
16.02.2018;14;0;30;35;54;57;48;49;35;38;17;32;24;0;29;21;25;24;0;32;0;0;22;34;32;0;34;27;18;25;0;25;36;0
16.02.2018;15;0;29;52;50;51;48;39;30;52;38;25;18;0;27;21;24;20;0;38;0;0;25;31;29;0;27;29;25;19;0;27;47;0
16.02.2018;16;0;26;41;46;50;44;51;30;60;40;49;18;0;31;37;25;35;0;34;0;0;26;18;23;0;30;31;25;10;0;28;52;1
16.02.2018;17;0;44;57;43;51;47;50;43;51;44;33;5;0;18;49;0;33;0;33;0;0;26;20;20;0;28;26;26;0;0;22;53;0
16.02.2018;18;0;36;64;44;55;43;34;33;44;47;44;20;0;19;46;0;40;0;33;0;0;18;20;19;0;33;23;19;0;0;17;8;0
16.02.2018;19;0;39;53;56;81;56;38;37;22;36;45;17;0;24;39;0;33;0;39;0;0;8;38;17;0;41;12;17;0;0;22;0;0
16.02.2018;20;0;28;36;59;75;48;37;28;30;32;49;23;0;6;40;0;41;0;52;0;0;0;41;15;0;43;0;34;0;0;20;0;0
16.02.2018;21;1;27;28;58;47;40;19;37;24;32;39;35;0;0;28;0;38;0;52;0;0;0;27;13;0;29;0;31;0;0;15;0;0
16.02.2018;22;0;29;25;29;8;31;0;37;0;36;0;47;0;0;32;0;27;0;39;0;0;0;18;9;0;29;0;32;0;0;9;0;0
16.02.2018;23;0;25;17;25;0;21;0;24;0;26;0;35;0;0;26;0;30;0;39;0;0;0;7;12;0;18;0;25;0;0;11;0;0
16.02.2018;24;0;7;7;10;0;13;0;9;0;15;0;12;0;0;20;0;11;0;29;0;0;0;7;13;0;13;0;15;0;0;9;0;0
17.02.2018;1;0;4;9;12;0;17;0;7;0;9;0;6;0;0;16;0;5;0;14;0;0;0;18;9;0;10;0;11;0;0;10;0;0
17.02.2018;2;0;2;5;19;0;22;0;10;0;12;0;11;0;0;19;0;9;0;17;0;0;0;23;13;0;9;0;16;0;0;11;0;0
17.02.2018;3;0;8;6;26;0;27;0;14;0;13;0;26;0;0;25;0;26;0;35;0;0;0;16;20;0;7;0;20;0;0;20;0;0
17.02.2018;4;0;10;23;36;8;40;2;28;10;29;7;27;0;0;36;0;33;0;38;0;0;0;22;36;0;14;0;26;0;0;26;0;0
17.02.2018;5;0;21;33;37;30;32;29;24;39;29;36;25;0;2;22;0;47;0;45;0;0;0;15;23;0;16;3;21;0;0;21;0;0
17.02.2018;6;0;28;35;50;40;47;23;23;39;33;28;24;0;14;31;0;29;0;24;0;0;0;18;10;0;28;6;19;0;0;9;0;0
17.02.2018;7;0;16;43;43;54;42;10;32;32;26;32;21;0;14;27;0;22;0;31;0;0;0;30;13;0;27;15;23;0;0;5;0;0
17.02.2018;8;0;32;36;39;50;41;0;50;35;28;39;19;0;18;24;9;32;0;37;0;0;0;25;19;0;27;12;24;0;0;8;0;0
17.02.2018;9;0;35;42;49;60;43;0;65;41;30;22;17;0;24;18;30;28;0;32;0;0;3;32;32;0;32;10;32;0;0;14;0;0
17.02.2018;10;0;19;51;45;54;45;0;47;35;37;26;12;0;36;30;40;21;0;21;0;0;23;39;38;0;28;23;28;0;0;31;0;0
17.02.2018;11;0;23;64;43;37;33;0;44;41;39;31;28;0;26;21;32;22;0;21;0;0;14;32;35;0;27;18;25;0;0;21;0;0
17.02.2018;12;0;32;33;39;47;38;37;41;38;26;29;18;0;25;26;26;30;0;19;0;0;18;26;30;0;28;18;25;0;0;24;0;0
17.02.2018;13;0;28;31;44;56;42;42;30;30;28;29;17;0;26;19;22;33;0;31;0;0;15;27;22;0;32;15;19;0;0;22;0;0
17.02.2018;14;0;24;27;45;50;43;28;22;29;17;10;15;0;15;33;7;10;0;19;0;0;25;35;24;0;37;17;12;0;0;16;0;0
17.02.2018;15;0;31;33;46;58;47;51;32;59;37;29;13;0;26;41;11;23;0;30;0;0;35;23;40;0;41;29;23;0;0;24;32;0
17.02.2018;16;0;29;31;53;55;46;32;29;53;33;38;19;0;33;28;32;36;0;45;0;0;22;21;28;0;33;22;28;0;0;24;30;0
17.02.2018;17;0;27;29;44;52;41;30;27;28;27;23;10;0;20;36;7;18;0;25;0;0;16;15;16;0;25;14;16;0;0;20;27;0
17.02.2018;18;0;23;38;47;42;36;25;26;36;37;27;19;0;17;31;0;21;0;22;0;0;2;25;20;0;26;22;11;0;0;10;0;1
17.02.2018;19;0;23;22;57;57;50;29;23;25;20;28;20;0;19;33;0;22;0;32;0;0;0;44;22;0;26;16;11;0;0;19;0;0
17.02.2018;20;0;25;25;46;50;35;36;32;22;26;47;21;0;13;33;0;37;0;40;0;0;0;35;12;0;26;9;18;0;0;22;0;0
17.02.2018;21;0;20;15;48;31;35;12;27;12;23;19;23;0;0;27;0;30;0;36;0;0;0;10;17;0;23;0;27;0;0;14;0;0
17.02.2018;22;0;22;18;30;0;31;0;38;0;37;0;35;0;0;28;0;36;0;34;0;0;0;16;11;0;23;0;28;0;0;12;0;0
17.02.2018;23;0;12;15;24;0;20;0;19;0;22;0;22;0;0;21;0;27;0;46;0;0;0;7;7;0;18;0;23;0;0;9;0;0
17.02.2018;24;0;9;7;15;0;22;0;19;0;12;0;5;0;0;10;0;6;0;19;0;0;0;10;8;0;16;0;17;0;0;2;0;0
18.02.2018;1;0;4;7;14;0;19;0;10;0;7;0;7;0;0;12;0;6;0;13;0;0;0;17;5;0;11;0;8;0;0;2;0;0
18.02.2018;2;0;2;7;18;0;26;0;11;0;17;0;12;0;0;19;0;8;0;21;0;0;0;18;11;0;11;0;20;0;0;8;0;0
18.02.2018;3;0;6;2;24;13;25;0;9;0;14;0;19;0;0;23;0;32;0;38;0;0;0;20;15;0;10;0;16;0;0;13;0;0
18.02.2018;4;0;11;10;34;29;29;3;14;11;14;9;23;0;6;30;0;26;1;30;13;0;0;21;22;0;9;15;10;0;0;23;0;0
18.02.2018;5;0;23;24;43;39;34;23;27;31;25;39;21;0;14;18;0;21;10;28;22;0;0;10;14;0;17;11;8;0;0;14;0;0
18.02.2018;6;0;26;32;42;35;36;20;22;34;30;32;26;0;18;25;0;24;3;22;9;0;0;9;5;0;22;6;25;0;0;10;0;0
18.02.2018;7;0;16;25;47;51;46;22;17;35;26;25;16;0;27;33;0;21;0;23;0;0;0;24;10;0;25;9;25;0;0;8;0;0
18.02.2018;8;0;33;37;40;58;39;29;33;39;29;32;23;0;22;38;7;25;0;25;0;0;0;32;15;0;28;10;31;0;0;9;0;1
18.02.2018;9;0;25;29;47;52;47;30;31;39;29;25;15;0;28;22;34;28;0;34;0;0;0;36;21;0;22;13;27;0;0;16;0;0
18.02.2018;10;0;20;33;43;54;48;36;22;46;30;25;15;0;34;22;41;20;0;20;0;0;0;46;23;0;29;24;29;0;0;30;0;0
18.02.2018;11;0;21;38;42;51;38;37;23;33;35;23;20;0;28;18;28;14;0;20;0;0;0;33;27;0;34;11;19;0;0;23;0;0
18.02.2018;12;0;23;34;52;47;39;31;30;36;26;24;24;0;28;19;32;25;0;27;0;0;21;28;21;0;24;15;27;0;0;22;0;0
18.02.2018;13;0;36;29;49;58;38;41;38;39;21;28;20;0;30;45;10;33;0;34;0;0;22;33;24;0;31;21;23;0;0;27;0;0
18.02.2018;14;0;29;25;52;52;43;23;26;27;16;27;23;0;14;32;0;21;0;27;0;0;23;29;21;0;33;17;15;3;0;16;0;0
18.02.2018;15;0;32;43;45;63;41;38;30;52;34;23;20;0;24;31;25;22;0;36;0;0;42;34;37;0;29;28;24;22;0;25;0;0
18.02.2018;16;0;40;25;59;53;45;39;42;40;22;45;26;0;36;43;30;42;0;40;0;0;30;20;27;0;37;23;24;10;0;29;0;0
18.02.2018;17;0;33;41;48;49;41;29;28;39;33;33;20;0;18;43;0;29;0;34;0;0;8;30;22;0;28;20;19;0;0;22;0;0
18.02.2018;18;0;18;43;52;48;42;24;24;39;37;37;21;0;15;36;0;35;0;41;0;0;0;34;19;0;34;20;15;0;0;16;0;0
18.02.2018;19;6;23;55;62;58;58;29;29;28;31;34;20;0;20;39;0;32;0;45;0;0;0;43;15;0;37;22;14;0;0;26;0;0
18.02.2018;20;2;39;42;61;61;53;37;41;29;32;51;23;0;4;35;0;42;0;53;0;0;0;30;8;0;30;10;34;0;0;25;0;0
18.02.2018;21;3;25;39;43;28;35;21;35;17;32;24;20;0;0;30;0;27;0;42;0;0;0;20;15;0;25;0;34;0;0;15;0;0
18.02.2018;22;0;26;25;24;0;22;0;38;0;35;0;43;0;0;25;0;35;0;44;0;0;0;14;9;0;21;0;32;0;0;11;0;0
18.02.2018;23;0;11;10;21;0;22;0;24;0;19;0;25;0;0;25;0;25;0;42;0;0;0;13;15;0;20;0;24;0;0;12;0;0
18.02.2018;24;0;8;12;10;0;16;0;17;0;14;0;7;0;0;16;0;6;0;23;0;0;0;13;12;0;17;0;13;0;0;7;0;0
19.02.2018;1;0;4;8;12;0;17;0;5;0;7;0;6;0;0;16;0;4;0;10;0;0;0;22;8;0;7;0;11;0;0;9;0;0
19.02.2018;2;0;6;2;18;0;23;0;14;0;8;0;6;0;0;22;0;7;0;14;0;0;0;24;15;0;10;0;11;0;0;12;0;0
19.02.2018;3;0;6;8;23;0;29;0;13;0;14;0;20;0;0;29;0;29;0;36;0;0;0;19;17;0;11;0;13;0;0;18;0;0
19.02.2018;4;0;11;26;34;5;31;8;16;12;26;12;32;0;0;30;0;48;0;44;0;0;0;28;24;0;18;0;21;0;0;19;0;0
19.02.2018;5;1;26;62;42;32;37;27;35;34;33;27;19;0;7;25;0;46;0;45;0;0;0;15;9;0;21;7;21;0;0;17;0;0
19.02.2018;6;0;28;43;51;50;41;23;26;39;30;31;27;0;14;25;0;30;0;26;0;0;0;11;7;0;33;15;23;0;0;14;0;0
19.02.2018;7;0;18;36;49;44;40;22;16;34;30;35;27;0;16;29;0;31;0;25;0;0;0;23;12;0;22;12;27;0;0;8;0;1
19.02.2018;8;0;28;36;47;59;40;23;26;37;29;34;26;0;18;34;0;32;0;30;0;0;0;28;14;0;27;13;36;0;0;10;0;0
19.02.2018;9;0;30;24;46;55;40;31;38;39;22;30;23;0;31;33;38;35;0;36;0;0;0;36;21;0;25;15;32;0;0;20;0;0
19.02.2018;10;0;15;33;49;39;30;27;23;31;30;24;21;0;38;25;34;27;0;29;0;0;0;42;25;0;28;14;24;0;0;31;0;0
19.02.2018;11;0;19;40;37;36;19;28;30;38;35;26;18;0;32;22;30;17;0;17;0;0;0;34;27;0;29;10;29;0;0;36;0;0
19.02.2018;12;0;23;30;44;45;33;39;29;39;24;25;18;0;27;22;36;22;0;21;0;0;0;36;18;0;26;17;28;0;0;25;0;0
19.02.2018;13;0;28;26;42;51;42;36;33;25;25;34;22;0;24;24;22;33;0;40;0;0;11;34;12;0;31;16;15;0;0;24;0;0
19.02.2018;14;0;26;36;59;62;56;44;35;41;29;27;15;0;15;38;0;19;0;22;0;0;27;21;25;0;40;24;21;0;0;16;0;0
19.02.2018;15;0;28;41;47;66;47;53;33;53;31;27;16;0;20;53;0;19;0;32;0;0;35;26;35;0;35;33;38;0;0;19;0;0
19.02.2018;16;0;32;54;50;62;51;48;38;43;27;54;25;0;33;66;0;39;0;41;0;0;20;21;27;0;33;32;27;0;0;25;0;0
19.02.2018;17;0;35;43;52;57;48;42;32;35;28;44;22;0;15;39;0;29;0;35;0;0;0;27;16;0;24;17;19;0;0;17;0;0
19.02.2018;18;0;29;50;47;45;37;24;34;31;28;50;26;0;15;39;0;45;0;34;0;0;0;24;14;0;23;21;14;0;0;17;0;0
19.02.2018;19;0;16;42;58;56;50;28;21;25;23;46;30;0;18;36;0;39;0;39;0;0;0;39;10;0;26;17;8;0;0;24;0;0
19.02.2018;20;0;30;32;60;63;56;41;36;23;13;57;30;0;0;25;0;59;0;54;0;0;0;30;7;0;30;8;25;0;0;17;0;0
19.02.2018;21;0;23;19;41;22;36;14;28;13;17;14;25;0;0;28;0;28;0;37;0;0;0;18;10;0;21;0;25;0;0;11;0;0
19.02.2018;22;0;20;19;18;0;33;0;27;0;20;0;43;0;0;15;0;37;0;39;0;0;0;13;8;0;14;0;18;0;0;6;0;0
19.02.2018;23;0;13;7;19;0;30;0;19;0;11;0;19;0;0;19;0;23;0;30;0;0;0;7;9;0;17;0;14;0;0;6;0;0
19.02.2018;24;0;0;4;10;0;13;0;7;0;7;0;5;0;0;10;0;6;0;15;0;0;0;8;7;0;14;0;10;0;0;6;0;0
20.02.2018;1;0;0;3;14;0;13;0;4;0;2;0;2;0;0;8;0;4;0;9;0;0;0;13;1;0;6;0;6;0;0;1;0;0
20.02.2018;2;0;0;5;17;0;20;0;7;0;17;0;9;0;0;20;0;4;0;15;0;0;0;19;10;0;10;0;19;0;0;8;0;0
20.02.2018;3;0;2;7;27;0;19;0;8;0;18;0;23;0;0;22;0;28;0;38;0;0;0;11;20;0;11;0;17;0;0;14;0;0
20.02.2018;4;0;14;15;32;8;33;7;16;17;26;7;26;0;0;30;0;30;0;36;5;0;0;20;25;0;12;0;30;0;0;23;0;0
20.02.2018;5;0;26;31;42;30;31;25;35;37;37;34;21;0;0;28;0;30;0;45;19;0;0;18;16;0;25;5;19;0;0;18;0;0
20.02.2018;6;0;30;38;46;45;33;36;30;41;34;34;18;0;12;30;0;26;0;26;6;0;0;11;11;0;32;9;20;0;0;10;0;0
20.02.2018;7;0;21;33;47;53;37;32;24;35;22;27;26;0;15;27;0;22;0;24;0;0;0;28;15;0;31;10;22;0;0;10;0;0
20.02.2018;8;0;36;28;52;63;49;28;33;45;17;35;21;0;15;39;0;27;0;30;0;0;0;30;15;0;31;14;38;0;0;7;0;0
20.02.2018;9;0;25;30;42;52;40;32;27;41;29;26;20;0;23;61;0;20;0;31;0;0;0;32;19;0;30;18;31;0;0;10;0;0
20.02.2018;10;0;18;28;39;39;29;21;17;32;24;32;25;0;40;59;0;24;0;29;0;0;0;27;19;0;28;20;19;0;0;28;0;0
20.02.2018;11;0;18;31;37;41;31;29;20;30;31;24;21;0;32;49;0;14;0;17;0;0;0;30;30;0;20;15;17;0;0;32;0;0
20.02.2018;12;0;20;25;40;39;34;37;27;42;17;20;18;0;38;53;2;16;0;16;0;0;4;31;27;0;18;19;25;0;0;21;0;0
20.02.2018;13;0;27;24;51;56;53;38;33;32;24;38;20;0;33;28;22;27;0;31;0;0;11;24;13;0;27;21;15;0;0;23;0;0
20.02.2018;14;0;23;29;45;53;45;40;27;35;22;25;16;0;20;19;21;14;0;23;0;0;28;29;35;0;37;26;14;0;0;16;0;0
20.02.2018;15;0;31;33;40;48;38;45;40;46;28;28;21;0;32;17;25;24;0;30;0;0;28;27;45;0;28;27;27;0;0;24;0;0
20.02.2018;16;0;35;16;45;55;45;36;44;30;17;42;16;0;36;23;31;37;0;42;0;0;22;11;30;0;32;25;20;0;0;18;0;0
20.02.2018;17;0;34;36;46;52;43;32;38;38;35;35;26;0;24;32;10;29;0;33;0;0;2;24;17;0;24;25;18;0;0;14;0;1
20.02.2018;18;0;29;39;50;46;41;18;30;38;30;37;31;0;16;37;0;37;0;39;0;0;0;26;11;0;28;23;14;0;0;10;0;0
20.02.2018;19;0;25;26;59;62;42;27;33;28;23;33;24;0;13;35;0;34;0;39;0;0;0;34;9;0;28;16;8;0;0;20;0;0
20.02.2018;20;0;27;32;56;49;41;32;45;30;18;50;32;0;0;32;0;53;0;55;0;0;0;28;4;0;27;12;26;0;0;21;0;0
20.02.2018;21;0;24;21;39;0;43;0;36;0;18;14;30;0;0;27;0;28;0;40;0;0;0;20;9;0;26;0;26;0;0;20;0;0
20.02.2018;22;0;27;22;21;0;20;0;34;0;14;0;40;0;0;15;0;34;0;36;0;0;0;14;9;0;21;0;24;0;0;9;0;0
20.02.2018;23;0;11;13;18;0;18;0;21;0;7;0;20;0;0;23;0;26;0;41;0;0;0;6;13;0;17;0;14;0;0;11;0;0
20.02.2018;24;0;1;2;12;0;13;0;7;0;5;0;5;0;0;12;0;4;0;14;0;0;0;8;7;0;13;0;12;0;0;5;0;0
21.02.2018;1;0;1;6;9;0;15;0;3;0;4;0;3;0;0;11;0;4;0;8;0;0;0;12;5;0;8;0;6;0;0;5;0;0
21.02.2018;2;0;9;4;18;0;17;0;6;0;9;0;12;0;0;18;0;9;0;16;0;0;0;17;8;0;11;0;19;0;0;10;0;0
21.02.2018;3;0;6;6;30;0;20;0;14;0;11;0;24;0;0;28;0;30;0;38;0;0;0;16;20;0;18;0;24;0;0;18;0;0
21.02.2018;4;0;9;14;33;0;26;0;18;2;31;0;33;0;0;30;0;32;0;40;5;0;0;23;26;0;18;0;34;0;0;18;0;0
21.02.2018;5;0;24;35;44;29;23;32;40;48;39;27;21;0;12;23;0;31;0;40;13;0;0;12;12;0;21;17;24;0;0;12;0;0
21.02.2018;6;0;27;40;43;43;28;24;30;42;32;23;12;0;15;26;0;22;0;24;5;0;0;14;6;0;32;9;20;0;0;8;0;0
21.02.2018;7;0;24;34;50;60;44;31;28;30;27;36;20;0;19;33;0;25;0;25;0;0;0;29;15;0;31;8;23;0;0;8;0;0
21.02.2018;8;0;35;34;50;55;39;32;43;50;30;34;17;0;16;43;0;33;0;34;0;0;0;35;19;0;32;11;37;0;0;9;0;0
21.02.2018;9;0;26;20;39;39;29;37;39;34;18;25;16;0;30;44;34;27;0;28;0;0;0;38;19;0;28;12;30;0;0;17;0;0
21.02.2018;10;0;23;30;43;44;39;36;21;30;24;25;19;0;33;24;26;24;0;24;0;0;0;29;20;0;26;18;21;0;0;24;0;0
21.02.2018;11;0;24;25;44;42;43;38;23;28;20;20;18;0;31;14;27;12;0;13;0;0;0;25;19;0;33;10;23;0;0;22;0;0
21.02.2018;12;0;24;29;47;57;45;37;32;32;20;30;16;0;24;27;24;18;0;11;0;0;12;21;19;0;20;11;25;5;0;20;0;0
21.02.2018;13;0;30;25;47;55;48;43;34;42;23;40;18;0;27;29;22;36;0;36;0;0;14;20;18;0;12;21;18;13;0;27;0;0
21.02.2018;14;0;30;33;49;56;52;41;39;39;30;27;11;0;13;16;16;19;0;32;0;0;26;23;27;0;22;16;15;26;0;11;0;0
21.02.2018;15;0;29;35;47;54;50;46;37;51;30;33;15;0;25;18;28;24;0;36;0;0;37;31;32;0;30;27;26;23;0;22;26;0
21.02.2018;16;0;34;35;49;63;49;54;39;51;29;43;12;0;31;24;33;38;0;40;0;0;24;14;24;0;21;25;25;13;0;24;26;0
21.02.2018;17;0;39;35;46;63;49;38;38;44;29;40;18;0;10;32;13;37;0;41;0;0;15;21;18;0;25;22;20;3;0;19;1;0
21.02.2018;18;0;27;36;47;61;49;32;27;43;30;50;16;0;15;35;0;41;0;39;0;0;15;18;21;0;23;21;13;0;0;16;0;0
21.02.2018;19;0;27;36;60;70;56;32;35;29;25;39;16;0;22;43;0;31;0;34;0;0;10;36;21;0;28;21;15;0;0;26;0;0
21.02.2018;20;0;30;32;51;63;56;44;33;29;13;61;35;0;16;34;0;56;0;56;0;0;0;32;11;0;32;15;18;0;0;27;0;0
21.02.2018;21;0;19;27;40;13;39;6;26;10;22;24;35;0;0;28;0;34;0;47;0;0;0;19;16;0;19;0;27;0;0;16;0;0
21.02.2018;22;0;24;24;25;0;32;0;32;0;23;0;47;0;0;19;0;39;0;42;0;0;0;10;7;0;23;0;30;0;0;11;0;0
21.02.2018;23;0;7;9;20;0;29;0;21;0;13;0;20;0;0;19;0;22;0;31;0;0;0;10;14;0;16;0;22;0;0;9;0;0
21.02.2018;24;0;7;4;13;0;20;0;20;0;9;0;10;0;0;15;0;11;0;20;0;0;0;13;12;0;10;0;17;0;0;7;0;0
22.02.2018;1;0;2;8;14;0;17;0;9;0;6;0;4;0;0;10;0;6;0;10;0;0;0;12;5;0;8;0;12;0;0;6;0;0
22.02.2018;2;0;1;3;20;0;20;0;9;0;7;0;10;0;0;15;0;11;0;17;0;0;0;17;9;0;9;0;15;0;0;6;0;0
22.02.2018;3;0;3;6;34;0;15;0;13;0;10;0;26;0;0;19;0;32;0;38;0;0;0;6;16;0;8;0;15;0;0;15;0;0
22.02.2018;4;0;12;18;37;3;22;2;22;9;26;5;36;0;0;26;0;31;14;38;20;0;0;18;25;0;14;0;30;0;0;18;0;0
22.02.2018;5;0;23;36;46;31;29;34;32;48;35;40;19;0;3;24;0;27;12;37;19;0;0;14;10;0;20;10;28;0;0;14;0;0
22.02.2018;6;0;28;41;44;51;36;26;35;41;32;42;18;0;16;25;0;28;0;27;8;0;0;18;12;0;30;15;24;0;0;11;0;0
22.02.2018;7;0;25;37;46;53;41;31;39;37;27;38;24;0;19;30;0;28;0;29;0;0;0;27;16;0;26;14;27;0;0;10;0;0
22.02.2018;8;0;36;36;46;65;51;36;47;42;32;36;24;0;15;22;27;35;0;32;0;0;0;38;23;0;38;10;30;0;0;10;0;0
22.02.2018;9;0;30;29;36;38;34;39;42;48;29;23;15;0;39;31;48;34;0;31;0;0;0;37;30;0;32;13;35;0;0;28;0;0
22.02.2018;10;0;20;39;42;41;43;35;30;44;34;32;17;0;38;37;35;25;0;27;0;0;7;28;24;0;25;22;24;4;0;38;0;0
22.02.2018;11;0;22;36;43;50;40;35;29;39;33;25;19;0;34;25;31;14;0;16;0;0;23;30;28;0;17;17;30;13;0;31;0;0
22.02.2018;12;0;25;33;43;46;43;43;38;39;24;29;21;0;22;21;36;22;0;20;0;0;20;20;17;0;12;18;28;8;0;22;0;0
22.02.2018;13;0;27;47;45;52;44;49;34;40;33;34;17;0;23;23;30;33;0;33;0;0;16;25;23;0;21;21;19;12;0;24;0;0
22.02.2018;14;0;31;46;40;42;41;45;37;34;21;16;16;0;15;15;21;17;0;29;0;0;28;19;29;0;15;22;16;17;0;15;0;0
22.02.2018;15;0;36;48;46;56;41;55;41;51;32;25;19;0;29;20;30;19;0;26;0;0;32;17;38;0;23;35;31;14;0;21;0;0
22.02.2018;16;0;39;37;51;54;55;46;46;46;29;40;20;0;31;40;27;37;0;41;0;0;26;14;32;0;23;36;31;14;0;22;0;0
22.02.2018;17;0;38;59;50;44;44;37;41;34;35;36;21;0;17;40;0;28;0;31;0;0;15;20;26;0;23;26;18;0;0;25;0;0
22.02.2018;18;0;25;35;53;52;46;26;27;31;29;44;27;0;16;35;0;40;0;36;0;0;15;23;15;0;28;24;15;0;0;17;0;0
22.02.2018;19;0;29;31;51;57;44;33;32;29;18;46;23;0;15;36;0;41;0;43;0;0;5;36;19;0;30;24;11;0;0;20;0;0
22.02.2018;20;0;32;38;57;57;49;37;36;38;25;52;36;0;2;31;0;52;0;50;0;0;0;26;11;0;22;7;35;0;0;29;0;0
22.02.2018;21;0;23;23;43;27;46;18;34;10;16;17;25;0;0;29;0;32;0;36;0;0;0;17;11;0;21;0;25;0;0;17;0;0
22.02.2018;22;0;29;28;19;0;30;0;40;0;24;0;47;0;0;16;0;42;0;39;0;0;0;14;12;0;17;0;26;0;0;8;0;0
22.02.2018;23;0;8;14;14;0;24;0;18;0;14;0;17;0;0;23;0;23;0;30;0;0;0;14;17;0;13;0;21;0;0;15;0;0
22.02.2018;24;0;5;6;16;0;24;0;16;0;11;0;16;0;0;10;0;13;0;19;0;0;0;11;8;0;16;0;12;0;0;4;0;0
23.02.2018;1;0;3;3;10;0;12;0;4;0;3;0;4;0;0;11;0;4;0;10;0;0;0;10;3;0;8;0;7;0;0;6;0;0
23.02.2018;2;0;5;4;17;0;15;0;11;0;9;0;4;0;0;18;0;7;0;16;0;0;0;21;9;0;10;0;8;0;0;10;0;0
23.02.2018;3;0;6;6;31;0;36;0;16;0;13;0;28;0;0;23;0;32;0;42;0;0;0;21;12;0;16;0;15;0;0;16;0;0
23.02.2018;4;0;13;19;39;13;44;5;21;7;26;5;30;0;0;29;0;40;0;45;4;0;0;25;21;0;12;0;20;0;0;18;0;0
23.02.2018;5;0;27;42;49;38;40;40;40;56;36;35;22;0;4;23;0;29;0;36;10;0;0;9;15;0;26;5;31;0;0;17;0;0
23.02.2018;6;0;30;56;41;36;34;32;33;39;37;27;10;0;18;30;0;26;0;23;0;0;0;15;11;0;25;10;23;0;0;11;0;0
23.02.2018;7;0;22;49;53;50;43;35;29;31;25;23;16;0;19;24;0;21;0;22;0;0;0;29;16;0;27;11;22;0;0;9;0;0
23.02.2018;8;0;34;46;44;56;32;33;44;42;30;32;16;0;17;24;18;28;0;31;0;0;0;37;19;0;31;12;30;0;0;8;0;0
23.02.2018;9;0;27;47;38;37;25;31;37;40;29;22;18;0;22;19;38;28;0;28;0;0;0;38;21;0;17;16;29;0;0;17;0;0
23.02.2018;10;0;18;40;45;40;39;32;25;45;34;29;20;0;28;29;34;27;0;24;0;0;0;27;26;0;22;23;26;0;0;25;0;0
23.02.2018;11;0;17;48;39;34;24;29;27;36;31;20;12;0;20;16;25;13;0;14;0;0;5;25;21;0;26;22;25;0;0;21;0;0
23.02.2018;12;0;24;27;42;43;35;40;35;37;20;20;13;0;26;24;28;20;0;17;0;0;19;15;27;0;21;22;23;0;0;24;0;0
23.02.2018;13;0;28;27;48;51;43;43;32;41;25;34;16;0;26;25;23;34;0;37;0;0;22;19;24;0;26;22;18;0;0;28;0;0
23.02.2018;14;0;23;32;58;55;57;40;30;40;31;29;10;0;16;18;23;18;0;26;0;0;26;25;28;0;33;26;16;0;0;16;18;0
23.02.2018;15;0;20;39;48;46;47;48;27;46;32;27;10;0;22;24;21;22;0;40;0;0;27;24;37;0;34;28;28;0;0;18;54;0
23.02.2018;16;0;36;24;52;51;50;42;35;52;30;45;7;0;20;51;0;40;0;40;0;0;28;13;26;0;28;32;25;0;0;16;39;0
23.02.2018;17;0;34;41;50;47;45;44;36;38;32;40;18;0;20;43;0;39;0;36;0;0;21;18;20;0;20;20;22;0;0;17;11;0
23.02.2018;18;0;19;30;48;47;46;23;18;35;27;37;21;0;17;39;0;39;0;38;0;0;16;21;16;0;24;24;20;0;0;18;0;0
23.02.2018;19;0;23;31;62;75;55;35;30;26;20;41;22;0;20;41;0;35;0;37;0;0;17;25;14;0;35;18;11;0;0;24;0;0
23.02.2018;20;0;32;32;49;57;44;35;35;26;14;55;28;0;14;35;0;52;0;51;0;0;7;21;10;0;24;21;17;0;0;23;0;0
23.02.2018;21;0;19;29;41;23;47;15;31;26;27;18;28;0;0;28;0;26;0;27;0;0;0;24;14;0;17;0;38;0;0;17;0;0
23.02.2018;22;0;26;21;21;0;33;0;38;0;26;0;47;0;0;20;0;40;0;42;0;0;0;18;4;0;20;0;30;0;0;7;0;0
23.02.2018;23;0;8;11;18;0;28;0;16;0;13;0;24;0;0;21;0;27;0;37;0;0;0;11;12;0;15;0;19;0;0;11;0;0
23.02.2018;24;0;9;4;13;0;22;0;21;0;13;0;7;0;0;15;0;9;0;20;0;0;0;11;20;0;16;0;16;0;0;10;0;0
24.02.2018;1;0;5;9;15;0;24;0;12;0;4;0;7;0;0;17;0;5;0;11;0;0;0;18;9;0;11;0;9;0;0;8;0;0
24.02.2018;2;0;2;3;23;0;21;0;14;0;12;0;9;0;0;18;0;7;0;18;0;0;0;17;11;0;12;0;16;0;0;11;0;0
24.02.2018;3;0;2;12;29;0;27;0;19;0;19;0;23;0;0;23;0;29;0;39;0;0;0;15;27;0;14;0;17;0;0;20;0;0
24.02.2018;4;0;12;18;35;14;26;5;24;11;26;13;26;0;3;32;0;30;3;40;13;0;0;26;39;0;16;5;12;0;0;21;0;0
24.02.2018;5;0;31;31;43;39;31;37;42;39;29;40;17;0;17;27;0;27;13;27;16;0;0;18;16;0;26;15;14;0;0;15;0;0
24.02.2018;6;0;27;33;49;44;32;29;30;38;26;32;15;0;16;24;0;21;4;18;7;0;0;16;9;0;23;11;27;0;0;8;0;0
24.02.2018;7;0;19;30;39;49;32;1;34;26;24;9;22;0;20;34;0;20;0;23;0;0;0;27;15;0;23;12;25;0;0;7;0;0
24.02.2018;8;0;35;30;44;50;39;0;62;35;28;0;26;0;16;35;0;23;0;29;0;0;0;28;27;0;27;11;24;0;0;8;0;0
24.02.2018;9;0;23;27;32;33;21;0;48;36;27;0;25;0;30;64;0;27;0;31;0;0;0;28;29;0;21;14;25;0;0;20;0;0
24.02.2018;10;0;22;33;43;40;40;0;43;36;31;0;26;0;29;60;0;22;0;22;0;0;0;38;30;0;22;24;24;0;0;33;0;0
24.02.2018;11;0;18;38;39;41;29;30;34;34;39;0;28;0;22;41;11;17;0;15;0;0;0;39;37;0;25;17;23;0;0;25;0;0
24.02.2018;12;0;26;28;41;45;34;31;22;43;24;0;34;0;29;29;28;23;0;20;0;0;21;24;23;0;21;18;26;0;0;22;0;0
24.02.2018;13;0;32;29;45;56;38;41;29;42;30;0;37;0;24;28;17;25;0;32;0;0;20;23;19;0;32;17;21;0;0;26;0;0
24.02.2018;14;0;23;24;45;39;42;23;20;31;19;0;19;0;13;35;0;10;0;14;0;0;24;20;19;0;28;23;15;0;0;9;0;0
24.02.2018;15;0;29;35;50;59;39;42;34;52;29;0;29;0;21;36;0;19;0;23;0;0;28;21;41;0;23;30;31;0;0;24;0;0
24.02.2018;16;0;33;30;48;56;45;44;34;42;28;0;41;0;29;56;0;37;0;42;0;0;25;17;33;0;27;31;25;0;0;30;0;0
24.02.2018;17;0;28;35;41;32;28;29;29;35;31;0;32;0;17;39;0;24;0;21;0;0;19;15;20;0;23;20;14;0;0;22;0;0
24.02.2018;18;0;17;30;48;37;35;21;19;36;24;3;26;0;17;33;0;32;0;33;0;0;9;23;25;0;17;22;14;0;0;15;0;0
24.02.2018;19;0;21;39;57;52;43;27;23;24;21;37;37;0;13;39;0;33;0;32;0;0;0;46;17;0;22;24;18;0;0;22;0;0
24.02.2018;20;0;32;28;59;40;37;34;34;19;9;52;38;0;0;32;0;49;0;53;0;0;0;26;9;0;24;0;27;0;0;28;0;0
24.02.2018;21;0;20;19;40;16;30;7;32;7;25;11;26;0;0;27;0;27;0;31;0;0;0;22;10;0;15;0;28;0;0;15;0;0
24.02.2018;22;0;26;23;21;0;18;0;41;0;27;0;44;0;0;22;0;39;0;39;0;0;0;18;12;0;16;0;33;0;0;8;0;0
24.02.2018;23;0;9;17;18;0;19;0;19;0;13;0;23;0;0;20;0;28;0;36;0;0;0;9;18;0;16;0;24;0;0;9;0;0
24.02.2018;24;0;6;16;14;0;19;0;19;0;14;0;10;0;0;15;0;8;0;14;0;0;0;9;10;0;16;0;19;0;0;9;0;0
25.02.2018;1;0;4;11;9;0;14;0;7;0;5;0;6;0;0;20;0;7;0;9;0;0;0;15;6;0;5;0;10;0;0;6;0;0
25.02.2018;2;0;3;1;19;0;23;0;13;0;14;0;8;0;0;23;0;4;0;15;0;0;0;13;10;0;13;0;15;0;0;8;0;0
25.02.2018;3;0;6;7;31;0;28;0;19;0;20;0;18;0;0;32;0;29;0;44;0;0;0;16;23;0;17;0;26;0;0;18;0;0
25.02.2018;4;0;9;25;43;2;38;2;18;2;23;3;30;0;0;34;0;42;0;41;0;0;0;24;32;0;20;0;23;0;0;22;0;0
25.02.2018;5;0;24;35;41;26;32;21;29;34;28;35;17;0;8;23;0;52;0;43;0;0;0;13;15;0;19;4;23;0;0;13;0;0
25.02.2018;6;0;30;33;46;36;31;19;25;36;27;37;30;0;27;31;0;27;0;22;0;0;0;13;8;0;26;9;30;0;0;15;0;0
25.02.2018;7;0;17;27;46;44;35;8;21;29;21;36;32;0;20;37;0;20;0;23;0;0;0;25;12;0;21;9;23;0;0;8;0;0
25.02.2018;8;0;31;39;49;45;35;0;47;43;30;39;36;0;22;39;0;27;0;24;0;0;0;34;19;0;20;13;34;0;0;10;0;0
25.02.2018;9;0;20;23;39;34;33;0;33;36;22;1;25;0;29;63;0;26;0;32;0;0;0;33;23;0;21;13;28;0;0;21;0;0
25.02.2018;10;0;18;39;38;32;34;0;36;44;35;0;25;0;34;61;0;18;0;17;0;0;0;30;29;0;20;26;21;0;0;33;0;0
25.02.2018;11;0;19;38;40;32;33;0;47;39;26;0;27;0;18;36;0;11;0;11;0;0;5;25;28;0;23;16;18;0;0;25;0;0
25.02.2018;12;0;25;32;46;44;35;15;38;43;25;0;42;0;37;57;15;25;0;25;0;0;22;19;19;0;21;11;36;0;0;28;0;0
25.02.2018;13;0;33;32;47;53;42;45;34;35;36;0;33;0;26;31;27;27;0;36;0;0;23;23;21;0;23;19;26;0;0;26;0;0
25.02.2018;14;0;31;32;58;66;51;23;31;32;26;0;27;0;9;37;0;16;0;25;0;0;30;29;25;0;34;23;16;0;0;17;0;0
25.02.2018;15;0;32;43;52;68;45;50;30;57;30;19;38;0;28;57;0;25;0;33;0;0;39;26;37;0;39;39;34;0;0;27;0;0
25.02.2018;16;0;33;23;55;71;47;46;37;40;24;49;26;0;37;64;0;43;0;48;0;0;37;15;34;0;35;26;23;0;0;37;0;0
25.02.2018;17;0;39;40;56;76;52;54;38;32;39;37;19;0;23;47;0;34;0;36;0;0;6;43;23;0;24;17;23;0;0;31;0;0
25.02.2018;18;0;33;35;52;53;42;20;24;29;23;43;30;0;19;46;0;43;0;47;0;0;0;37;15;0;32;17;19;0;0;14;0;0
25.02.2018;19;0;38;38;56;75;53;35;32;26;27;50;40;0;17;43;0;41;0;46;0;0;0;52;19;0;31;18;20;0;0;23;0;0
25.02.2018;20;0;38;33;56;55;40;47;32;26;19;57;44;0;0;31;0;53;0;53;0;0;0;36;12;0;19;0;32;0;0;25;0;0
25.02.2018;21;0;32;29;57;47;50;33;32;15;21;28;30;0;0;26;0;38;0;43;0;0;0;34;16;0;21;0;33;0;0;20;0;0
25.02.2018;22;0;35;33;25;0;32;0;36;0;30;0;51;0;0;23;0;43;0;45;0;0;0;25;12;0;19;0;27;0;0;10;0;0
25.02.2018;23;0;9;11;19;0;18;0;22;0;17;0;25;0;0;23;0;29;0;38;0;0;0;13;18;0;21;0;19;0;0;12;0;0
25.02.2018;24;0;6;7;13;0;21;0;15;0;11;0;11;0;0;13;0;12;0;26;0;0;0;10;12;0;17;0;15;0;0;11;0;0
26.02.2018;1;0;5;7;10;0;18;0;10;0;5;0;8;0;0;17;0;7;0;11;0;0;0;17;6;0;7;0;10;0;0;10;0;0
26.02.2018;2;0;4;4;17;0;16;0;13;0;10;0;6;0;0;25;0;9;0;17;0;0;0;19;18;0;8;0;13;0;0;16;0;0
26.02.2018;3;0;2;11;30;0;35;0;13;0;16;0;20;0;0;27;0;31;0;40;0;0;0;18;20;0;14;0;14;0;0;24;0;0
26.02.2018;4;0;12;14;35;12;40;2;18;9;23;6;23;0;0;36;0;34;7;38;10;0;0;27;27;0;21;0;24;0;0;22;0;0
26.02.2018;5;0;28;39;43;39;37;21;30;57;43;43;22;0;0;32;0;29;11;32;21;0;0;21;15;0;24;10;28;0;0;15;0;0
26.02.2018;6;0;30;46;41;50;39;30;28;48;36;38;22;0;11;39;0;29;0;22;6;0;0;14;9;0;31;18;24;0;0;16;0;0
26.02.2018;7;0;28;44;51;59;46;32;23;33;34;35;25;0;18;27;0;28;0;25;0;0;0;26;12;0;33;8;27;0;0;7;0;0
26.02.2018;8;0;34;38;50;60;45;33;36;41;31;53;34;0;19;43;0;46;0;40;0;0;0;27;18;0;36;7;36;0;0;10;0;0
26.02.2018;9;0;26;28;39;40;31;31;25;38;25;20;20;0;21;62;0;26;0;31;0;0;0;34;21;0;27;17;36;0;0;19;0;0
26.02.2018;10;0;15;28;36;33;27;21;16;41;29;22;29;0;36;57;27;24;0;21;0;0;0;27;24;0;22;23;25;0;0;30;0;0
26.02.2018;11;0;16;30;44;36;30;31;22;35;29;3;22;0;31;53;0;12;0;12;0;0;0;39;35;0;31;15;25;0;0;34;0;1
26.02.2018;12;0;31;29;39;47;37;40;41;30;22;26;22;0;23;51;0;25;0;20;0;0;16;27;23;0;27;18;23;0;0;24;0;0
26.02.2018;13;0;23;25;55;59;53;47;27;30;22;30;25;0;28;43;0;31;0;33;0;0;17;21;18;0;41;16;17;0;0;24;0;0
26.02.2018;14;0;24;31;45;48;47;38;32;40;27;23;20;0;14;36;0;21;0;23;0;0;22;30;22;0;33;21;16;0;0;16;0;0
26.02.2018;15;0;33;38;42;60;46;47;45;53;33;33;16;0;23;42;0;30;0;35;0;0;36;29;36;0;44;28;27;0;0;20;40;0
26.02.2018;16;0;31;26;52;45;53;39;33;49;26;31;18;0;29;43;18;38;0;40;0;0;18;16;27;0;36;30;22;0;0;28;36;2
26.02.2018;17;0;26;42;52;49;48;41;31;43;34;38;23;0;18;26;20;41;0;36;0;0;13;34;14;0;26;33;19;0;0;24;22;2
26.02.2018;18;0;34;38;57;56;54;20;33;36;31;43;20;0;16;27;10;45;0;42;0;0;0;30;17;0;28;22;15;0;0;19;0;0
26.02.2018;19;0;23;36;55;61;45;33;31;35;22;34;23;0;22;39;0;35;0;35;0;0;0;40;22;0;24;20;17;0;0;29;0;0
26.02.2018;20;0;31;34;63;65;71;37;37;20;20;51;30;0;14;41;0;40;0;54;15;0;0;36;15;0;29;1;28;0;0;30;0;0
26.02.2018;21;0;25;21;42;0;41;1;36;0;26;16;30;0;0;27;0;29;0;39;8;0;0;19;9;0;22;0;26;0;0;12;0;0
26.02.2018;22;0;24;19;21;0;20;0;25;0;17;0;42;0;0;14;0;43;0;38;0;0;0;15;8;0;20;0;20;0;0;6;0;0
26.02.2018;23;0;8;9;22;0;14;0;10;0;11;0;21;0;0;17;0;24;0;36;0;0;0;6;12;0;13;0;20;0;0;6;0;0
26.02.2018;24;0;5;8;8;0;14;0;7;0;9;0;8;0;0;16;0;7;0;15;0;0;0;5;11;0;13;0;15;0;0;6;0;0
27.02.2018;1;0;6;1;12;0;17;0;5;0;4;0;4;0;0;11;0;6;0;9;0;0;0;14;4;0;6;0;10;0;0;5;0;0
27.02.2018;2;0;2;5;18;0;17;0;11;0;13;0;5;0;0;18;0;6;0;13;0;0;0;18;12;0;11;0;19;0;0;10;0;0
27.02.2018;3;0;6;6;23;0;13;0;13;0;15;0;21;0;0;27;0;28;0;43;0;0;0;19;15;0;16;0;21;0;0;16;0;0
27.02.2018;4;0;7;14;40;3;31;1;16;1;25;2;31;0;0;29;0;29;0;37;9;0;0;22;20;0;18;0;25;0;0;22;0;0
27.02.2018;5;0;26;27;45;28;30;16;24;42;28;36;30;0;12;22;0;34;0;46;15;0;0;16;13;0;28;11;18;0;0;14;0;0
27.02.2018;6;0;21;45;50;50;41;23;19;44;36;34;19;0;20;31;0;30;0;21;0;0;0;21;8;0;31;10;25;0;0;12;0;0
27.02.2018;7;0;25;24;42;51;34;37;25;26;17;20;18;0;17;27;0;18;0;17;0;0;0;29;16;0;24;10;21;0;0;11;0;0
27.02.2018;8;0;40;36;40;51;34;28;39;55;31;31;26;0;16;41;0;27;0;23;0;0;0;25;16;0;25;21;35;0;0;11;0;0
27.02.2018;9;0;27;25;41;48;40;39;32;36;28;20;20;0;26;43;29;26;0;28;0;0;0;33;19;0;25;16;32;0;0;23;0;2
27.02.2018;10;0;20;34;40;46;43;22;22;41;34;30;21;0;33;25;41;22;0;22;0;0;0;44;27;0;24;19;25;0;0;33;0;2
27.02.2018;11;0;19;28;39;40;29;22;21;34;27;19;21;0;29;20;27;15;0;10;0;0;0;32;23;0;25;14;26;0;0;29;0;0
27.02.2018;12;0;28;24;37;46;34;38;36;32;21;23;20;0;28;23;28;22;0;18;0;0;10;34;20;0;14;14;20;9;0;26;0;0
27.02.2018;13;0;25;24;44;61;43;37;29;39;26;26;17;0;29;25;18;24;0;29;0;0;15;25;11;0;22;20;17;18;0;26;0;0
27.02.2018;14;0;27;31;45;58;40;40;35;36;31;30;19;0;18;20;13;19;0;25;0;0;39;27;23;0;24;23;13;19;0;19;0;0
27.02.2018;15;0;32;35;47;53;44;37;34;47;26;33;22;0;21;24;16;24;0;33;0;0;40;21;36;0;30;26;29;9;0;21;23;0
27.02.2018;16;0;41;20;43;41;38;40;41;45;25;45;25;0;29;29;29;49;0;48;0;0;27;16;29;0;38;26;24;0;0;29;25;0
27.02.2018;17;0;26;37;39;49;36;20;21;40;35;37;20;0;16;29;8;33;0;37;0;0;14;18;15;0;31;19;18;0;0;16;19;0
27.02.2018;18;0;21;30;49;47;43;13;26;35;33;41;29;0;16;33;0;43;0;42;0;0;14;17;11;0;25;19;14;0;0;12;0;0
27.02.2018;19;0;21;28;54;49;36;28;21;19;17;41;33;0;15;34;0;37;0;38;0;0;8;36;15;0;24;13;9;0;0;16;0;0
27.02.2018;20;0;26;34;57;47;36;33;28;23;14;65;51;0;9;30;0;54;0;58;0;0;0;34;6;0;28;11;16;0;0;18;0;0
27.02.2018;21;0;27;28;41;17;38;12;32;17;23;25;43;0;0;36;0;34;0;45;0;0;0;24;12;0;19;0;26;0;0;14;0;0
27.02.2018;22;0;24;23;26;0;22;0;21;0;35;0;54;0;0;23;0;40;0;45;0;0;0;16;15;0;16;0;28;0;0;10;0;0
27.02.2018;23;0;14;11;22;0;21;0;11;0;17;0;34;0;0;24;0;28;0;36;0;0;0;11;9;0;13;0;20;0;0;7;0;0
27.02.2018;24;0;5;5;8;0;17;0;8;0;8;0;14;0;0;12;0;12;0;19;0;0;0;8;8;0;12;0;11;0;0;6;0;0
28.02.2018;1;0;2;7;11;0;15;0;3;0;2;0;9;0;0;9;0;8;0;10;0;0;0;18;5;0;9;0;4;0;0;7;0;0
28.02.2018;2;0;5;4;18;0;22;0;11;0;12;0;8;0;0;22;0;9;0;17;0;0;0;21;14;0;16;0;17;0;0;13;0;0
28.02.2018;3;0;5;6;31;0;28;0;17;0;14;0;21;0;0;37;0;25;0;35;0;0;0;14;31;0;12;0;19;0;0;25;0;0
28.02.2018;4;0;12;21;34;3;39;0;19;4;24;2;29;0;0;26;0;20;1;34;16;0;0;21;30;0;15;0;27;0;0;19;0;0
28.02.2018;5;0;24;36;44;28;33;21;23;44;34;42;27;0;3;26;0;27;14;31;18;0;0;12;15;0;21;9;22;0;0;10;0;0
28.02.2018;6;0;26;30;50;42;39;23;27;39;28;34;25;0;17;32;0;24;0;20;4;0;0;16;9;0;26;11;19;0;0;9;0;0
28.02.2018;7;0;19;28;45;50;35;26;27;32;26;26;20;0;23;28;0;21;0;21;0;0;0;25;12;0;25;9;26;0;0;11;0;0
28.02.2018;8;0;38;36;53;59;48;21;38;41;37;44;30;0;15;15;24;37;0;33;0;0;0;33;16;0;28;10;31;0;0;7;0;0
28.02.2018;9;0;27;26;47;52;53;30;41;34;27;33;29;0;29;20;42;36;0;40;0;0;0;36;20;0;28;17;27;0;0;19;0;0
28.02.2018;10;0;17;26;37;41;37;31;21;30;26;26;13;0;41;25;32;26;0;26;0;0;0;33;26;0;22;21;17;0;0;36;0;1
28.02.2018;11;0;14;35;43;51;39;34;24;38;32;26;18;0;23;18;24;17;0;17;0;0;15;38;24;0;16;11;22;15;0;25;0;0
28.02.2018;12;0;27;28;48;54;44;36;29;37;17;27;21;0;23;28;34;24;0;20;0;0;19;27;24;0;10;20;31;8;0;20;0;0
28.02.2018;13;0;30;37;50;55;45;34;31;28;25;30;19;0;25;25;22;26;0;30;0;0;22;24;20;0;16;23;11;9;0;28;0;0
28.02.2018;14;0;28;30;49;60;43;35;30;33;21;29;18;0;18;17;21;23;0;34;0;0;23;28;20;0;23;18;15;22;0;12;0;0
28.02.2018;15;0;33;45;40;69;40;45;36;56;30;28;18;0;23;19;28;24;0;33;0;0;33;32;42;0;29;31;30;11;0;26;0;1
28.02.2018;16;0;34;40;47;65;39;43;34;49;25;43;18;0;29;33;31;34;0;36;0;0;28;17;27;0;31;38;28;0;0;30;0;0
28.02.2018;17;0;40;42;51;52;40;28;40;32;35;40;23;0;19;43;0;31;0;34;0;0;12;14;13;0;25;27;17;0;0;27;0;0
28.02.2018;18;0;33;58;47;52;40;21;34;38;34;42;21;0;14;35;0;41;0;41;0;0;18;21;20;0;27;30;15;0;0;17;0;0
28.02.2018;19;0;25;50;49;45;30;27;31;33;32;43;24;0;16;38;0;30;0;31;0;0;5;33;19;0;28;23;18;0;0;22;0;0
28.02.2018;20;0;29;33;58;50;39;33;30;27;30;66;35;0;11;37;0;54;0;51;0;0;0;25;11;0;26;19;18;0;0;26;0;0
28.02.2018;21;0;19;28;52;34;50;16;24;23;32;32;18;0;0;27;0;35;0;42;0;0;0;18;15;0;26;0;32;0;0;14;0;0
28.02.2018;22;0;24;23;30;0;27;0;30;0;37;0;43;0;0;18;0;37;0;40;0;0;0;17;7;0;22;0;29;0;0;5;0;0
28.02.2018;23;0;12;10;22;0;24;0;23;0;18;0;25;0;0;20;0;31;0;35;0;0;0;8;12;0;13;0;23;0;0;9;0;0
28.02.2018;24;0;3;3;8;0;15;0;8;0;5;0;8;0;0;12;0;11;0;17;0;0;0;6;8;0;16;0;13;0;0;10;0;0
