01.01.2018;1;0;0;3;1;0;2;0;0;0;3;0;3;0;0;5;0;2;0;5;0;0;0;5;2;0;3;0;3;0;0;3;0;
01.01.2018;2;0;2;3;3;0;6;0;7;0;6;0;5;0;0;9;0;9;0;14;0;0;0;11;9;0;6;0;13;0;0;7;0;
01.01.2018;3;0;1;10;9;0;11;0;9;0;9;0;7;0;0;16;0;7;0;5;0;0;0;13;19;0;2;0;14;0;0;13;0;
01.01.2018;4;0;1;4;5;0;6;0;8;0;7;0;6;0;0;13;0;4;0;2;0;0;0;13;21;0;2;0;13;0;0;10;0;
01.01.2018;5;0;0;9;9;0;6;0;6;0;8;0;3;0;0;4;0;0;0;2;0;0;0;7;10;0;3;0;10;0;0;4;0;
01.01.2018;6;0;8;10;26;0;22;0;18;0;11;0;7;0;0;16;0;8;0;9;0;0;0;10;4;0;8;0;23;0;0;1;0;
01.01.2018;7;0;4;17;42;0;42;0;15;0;24;0;16;0;0;21;0;12;0;10;0;0;0;29;7;0;11;0;17;0;0;2;0;
01.01.2018;8;0;7;17;46;0;50;0;22;0;37;0;17;0;0;26;0;14;0;15;0;0;0;33;14;0;15;0;25;0;0;8;0;
01.01.2018;9;0;8;21;31;17;40;0;22;0;25;0;17;0;7;34;0;17;0;16;0;0;0;41;22;0;14;0;18;0;0;11;0;
01.01.2018;10;0;10;32;39;39;38;0;24;13;30;0;17;0;26;51;0;15;0;15;0;0;0;33;22;0;15;0;34;0;0;18;0;
01.01.2018;11;0;15;31;36;43;30;0;40;27;26;0;20;0;29;42;0;11;0;11;0;0;0;32;32;0;27;0;27;0;0;36;0;
01.01.2018;12;0;18;29;54;53;47;0;47;38;22;0;26;0;22;49;0;11;0;12;0;0;26;27;19;0;23;0;44;0;0;25;0;
01.01.2018;13;0;11;28;41;43;32;0;34;28;19;0;27;0;22;43;0;29;0;34;0;0;19;22;19;0;18;0;34;6;0;16;0;
01.01.2018;14;0;12;22;50;52;46;0;34;32;20;0;19;0;15;40;0;14;0;14;0;0;27;31;24;0;20;17;21;14;0;9;0;
01.01.2018;15;0;15;38;55;53;50;0;50;47;34;0;22;0;24;41;0;19;0;24;0;0;28;28;36;0;23;22;19;0;0;15;0;
01.01.2018;16;0;20;27;41;37;34;0;44;43;29;0;31;0;30;57;0;29;0;30;0;0;19;14;29;0;18;24;25;0;0;27;0;
01.01.2018;17;0;21;35;48;42;40;0;45;28;32;0;28;0;17;49;0;23;0;27;0;0;21;15;20;0;16;16;15;0;0;20;0;
01.01.2018;18;0;25;37;51;51;38;0;42;29;24;0;27;0;18;39;0;26;0;31;0;0;9;25;23;0;25;22;14;0;0;19;0;
01.01.2018;19;0;16;32;49;52;44;0;35;22;24;29;16;0;14;41;0;25;0;32;0;0;0;42;9;0;29;19;12;0;0;20;0;
01.01.2018;20;0;29;26;52;43;51;0;46;25;26;45;22;0;0;34;0;41;0;45;0;0;0;21;8;0;24;0;32;0;0;18;0;
01.01.2018;21;0;13;27;35;0;37;0;22;0;29;0;21;0;0;20;0;19;0;29;0;0;0;13;10;0;20;0;23;0;0;9;0;
01.01.2018;22;0;23;26;19;0;29;0;32;0;25;0;40;0;0;15;0;34;0;38;0;0;0;15;5;0;17;0;21;0;0;6;0;
01.01.2018;23;0;7;10;24;0;28;0;21;0;17;0;16;0;0;18;0;18;0;31;0;0;0;6;13;0;17;0;21;0;0;6;0;
01.01.2018;24;0;3;10;10;0;18;0;15;0;18;0;9;0;0;15;0;7;0;15;0;0;0;11;10;0;15;0;18;0;0;5;0;
02.01.2018;1;0;4;4;12;0;14;0;9;0;4;0;6;0;0;14;0;8;0;15;0;0;0;17;6;0;7;0;8;0;0;1;0;
02.01.2018;2;0;3;2;20;0;18;0;10;0;11;0;12;0;0;16;0;13;0;20;0;0;0;23;10;0;14;0;15;0;0;10;0;
02.01.2018;3;0;4;7;23;0;12;0;13;0;12;0;25;0;0;26;0;36;0;40;0;0;0;13;17;0;8;0;12;0;0;18;0;
02.01.2018;4;3;8;39;34;0;37;0;21;21;30;17;31;0;1;32;0;36;0;38;14;0;0;24;30;0;13;0;30;0;0;19;0;
02.01.2018;5;0;24;60;52;9;47;0;50;41;33;36;19;0;16;23;0;25;0;40;21;0;0;17;19;0;17;9;28;0;0;17;0;
02.01.2018;6;0;36;43;41;47;27;0;44;37;38;33;19;0;18;32;0;30;0;26;5;0;0;17;16;0;30;7;30;0;0;11;0;
02.01.2018;7;0;20;27;48;56;35;0;43;24;22;7;22;0;21;37;0;20;0;23;0;0;0;30;22;0;23;11;24;0;0;11;0;
02.01.2018;8;0;40;38;43;53;32;0;59;42;36;0;37;0;20;43;5;29;0;29;0;0;0;37;25;0;29;16;30;0;0;12;0;
02.01.2018;9;0;34;30;41;41;30;0;58;37;27;0;22;0;28;27;39;28;0;35;0;0;0;37;37;0;22;17;26;0;0;19;0;
02.01.2018;10;0;28;44;42;50;27;0;53;38;35;0;24;0;27;20;42;28;0;28;0;0;13;31;39;0;24;27;22;0;0;30;0;
02.01.2018;11;0;27;41;40;50;26;0;64;41;39;0;26;0;24;31;23;13;0;15;0;0;15;25;38;11;28;20;23;0;0;32;0;
02.01.2018;12;0;31;32;43;48;35;0;62;36;30;0;25;0;30;50;0;19;0;15;0;0;25;26;38;3;19;15;31;0;0;24;0;
02.01.2018;13;0;27;30;53;55;54;34;33;27;25;0;32;0;30;52;0;29;0;32;0;0;17;23;21;0;24;15;22;0;0;23;0;
02.01.2018;14;0;25;38;53;59;48;40;27;42;32;0;30;0;22;47;0;22;0;24;0;0;31;38;35;0;32;31;18;0;0;21;0;
02.01.2018;15;1;29;39;49;66;50;48;37;46;41;0;29;0;25;49;0;23;0;24;0;0;29;27;41;0;29;31;29;0;0;22;0;
02.01.2018;16;0;30;30;49;60;59;43;33;32;24;0;32;0;31;58;0;28;0;39;0;0;5;28;32;0;29;23;28;0;0;25;0;
02.01.2018;17;0;34;43;43;47;41;33;37;37;35;0;35;0;14;42;0;29;0;31;0;0;0;27;21;0;25;24;19;0;0;13;0;
02.01.2018;18;0;30;38;51;57;47;20;32;36;30;0;33;0;15;43;0;29;0;34;0;0;0;36;17;0;32;30;20;0;0;14;0;
02.01.2018;19;0;20;40;56;64;55;25;24;30;33;22;26;0;13;41;0;30;0;34;0;0;0;38;6;0;30;24;11;0;0;17;0;
02.01.2018;20;0;29;34;59;56;51;42;41;32;29;38;16;0;12;37;0;39;0;48;0;0;0;21;8;0;35;4;30;0;0;19;0;
02.01.2018;21;0;24;24;40;15;33;4;36;11;34;5;22;0;0;25;0;21;0;33;0;0;0;18;15;0;21;0;36;0;0;15;0;
02.01.2018;22;0;24;26;21;0;36;0;33;0;34;0;44;0;0;22;0;35;0;40;0;0;0;10;9;0;24;0;27;0;0;9;0;
02.01.2018;23;0;7;13;21;0;26;0;17;0;13;0;13;0;0;21;0;13;0;27;0;0;0;6;14;0;18;0;16;0;0;9;0;
02.01.2018;24;0;5;7;6;0;12;0;15;0;9;0;5;0;0;14;0;6;0;14;0;0;0;7;12;0;12;0;18;0;0;8;0;
03.01.2018;1;0;0;5;14;0;15;0;3;0;3;0;6;0;0;13;0;9;0;13;0;0;0;17;2;0;10;0;6;0;0;7;0;
03.01.2018;2;0;3;3;25;0;28;0;11;0;9;0;11;0;0;21;0;15;0;22;0;0;0;25;12;0;18;0;16;0;0;14;0;
03.01.2018;3;0;5;12;32;0;14;0;12;0;16;0;30;0;0;36;0;37;0;36;0;0;0;19;29;0;9;0;19;0;0;21;0;
03.01.2018;4;0;10;21;36;0;22;0;18;0;30;0;40;0;0;35;0;33;5;35;11;0;0;25;30;0;10;0;22;0;0;23;0;
03.01.2018;5;0;25;40;43;30;25;28;36;36;33;35;28;0;9;27;0;32;0;30;16;0;0;15;16;0;15;5;29;0;0;19;0;
03.01.2018;6;0;30;34;46;42;37;27;35;34;23;32;20;0;21;38;0;27;0;24;0;0;0;15;11;0;26;12;28;0;0;13;0;
03.01.2018;7;0;21;34;49;57;46;35;24;29;31;29;12;0;20;33;0;31;0;32;0;0;0;30;18;0;26;15;20;0;0;15;0;
03.01.2018;8;0;31;48;44;61;42;36;34;41;41;35;18;0;18;39;0;33;0;37;0;0;0;34;25;0;31;7;33;0;0;7;0;
03.01.2018;9;0;24;23;40;38;30;40;29;30;20;6;23;0;26;61;10;28;0;37;0;0;0;35;26;9;23;15;24;0;0;19;0;
03.01.2018;10;0;24;44;38;49;34;35;22;38;38;0;36;0;32;35;30;31;0;33;0;0;0;36;22;16;29;24;23;0;0;29;0;
03.01.2018;11;0;22;34;39;54;37;38;27;29;26;0;28;0;24;43;0;14;0;18;0;0;0;34;20;11;36;13;22;0;0;27;0;
03.01.2018;12;0;24;36;43;50;41;41;33;43;34;30;16;0;24;50;0;30;0;29;0;0;21;24;16;16;26;21;23;0;0;23;0;
03.01.2018;13;0;24;32;54;59;59;41;29;39;22;37;24;0;33;47;0;39;0;44;0;0;20;30;17;11;28;16;21;0;0;27;0;
03.01.2018;14;0;21;35;46;46;47;34;25;35;29;30;18;0;21;49;0;21;0;28;0;0;25;29;11;11;30;21;16;0;0;16;0;
03.01.2018;15;0;27;41;51;62;52;53;36;52;40;31;13;0;16;44;0;28;0;39;0;0;33;34;17;22;39;36;27;0;0;19;0;
03.01.2018;16;1;27;34;47;55;44;46;33;45;34;33;13;0;32;57;0;32;0;39;0;0;21;18;28;8;26;24;30;0;0;18;0;
03.01.2018;17;1;24;38;52;53;50;39;28;41;38;29;13;0;19;49;0;27;0;24;0;0;0;27;24;0;24;30;19;0;0;20;0;
03.01.2018;18;1;19;41;54;58;53;34;18;47;43;33;4;0;19;45;0;32;0;42;0;0;0;32;23;0;35;26;12;0;0;21;0;
03.01.2018;19;0;20;43;61;67;59;29;24;41;45;42;13;0;18;43;0;29;0;32;0;0;0;42;14;0;33;30;11;0;0;23;0;
03.01.2018;20;0;31;44;59;54;55;29;37;32;40;51;23;0;9;34;0;37;0;45;0;0;0;24;9;0;35;10;23;0;0;23;0;
03.01.2018;21;0;18;28;38;0;40;0;25;0;36;7;24;0;0;26;0;22;0;34;0;0;0;18;14;0;18;0;33;0;0;15;0;
03.01.2018;22;0;20;25;23;0;31;0;24;0;36;0;45;0;0;21;0;41;0;40;0;0;0;10;4;0;19;0;30;0;0;6;0;
03.01.2018;23;0;5;11;21;0;26;0;10;0;18;0;18;0;0;24;0;19;0;31;0;0;0;10;12;0;21;0;21;0;0;12;0;
03.01.2018;24;0;6;7;9;0;13;0;13;0;13;0;7;0;0;18;0;7;0;16;0;0;0;12;11;0;16;0;18;0;0;10;0;
04.01.2018;1;0;1;6;14;0;18;0;5;0;9;0;4;0;0;15;0;7;0;11;0;0;0;17;5;0;6;0;11;0;0;6;0;
04.01.2018;2;0;2;2;20;0;26;0;11;0;11;0;11;0;0;21;0;15;0;22;0;0;0;20;15;0;11;0;18;0;0;15;0;
04.01.2018;3;0;1;9;29;0;34;0;15;0;18;0;29;0;0;26;0;41;0;40;0;0;0;13;24;0;7;0;17;0;0;24;0;
04.01.2018;4;0;10;20;34;5;34;1;19;6;27;0;33;0;0;33;0;37;0;40;12;0;0;19;30;0;14;0;24;0;0;22;0;
04.01.2018;5;0;22;32;41;27;35;25;26;51;32;23;29;0;20;33;0;29;0;42;14;0;0;15;12;0;17;16;19;0;0;19;0;
04.01.2018;6;0;28;41;42;43;35;21;24;40;36;34;21;0;17;35;0;26;0;26;9;0;0;15;14;0;27;15;22;0;0;14;0;
04.01.2018;7;0;18;38;55;65;55;34;21;32;37;39;24;0;19;29;0;35;0;32;0;0;0;30;14;0;32;13;25;0;0;13;1;
04.01.2018;8;0;37;38;40;53;34;26;36;45;32;28;23;0;20;45;0;30;0;33;0;0;0;32;14;0;26;12;34;0;0;8;0;
04.01.2018;9;0;23;30;37;39;36;29;29;37;28;27;17;0;26;44;35;35;0;39;0;0;0;31;30;0;24;14;30;0;0;17;0;
04.01.2018;10;0;10;35;41;41;37;32;12;32;31;32;19;0;36;26;43;26;0;29;0;0;0;34;34;0;29;24;20;0;0;37;0;
04.01.2018;11;2;13;41;40;46;38;33;16;36;33;19;14;0;22;19;27;13;0;15;0;0;0;31;31;0;27;23;22;0;0;28;0;
04.01.2018;12;0;24;33;44;62;38;37;29;36;32;42;19;0;25;25;25;29;0;27;0;0;0;43;25;0;22;16;23;0;0;24;0;
04.01.2018;13;0;23;34;54;67;48;34;27;28;27;37;25;0;21;23;20;31;0;41;0;0;7;44;14;7;21;19;22;9;0;21;0;
04.01.2018;14;0;21;32;47;53;44;33;26;44;29;22;14;0;17;20;17;13;0;19;0;0;21;25;16;12;17;25;25;15;0;19;0;
04.01.2018;15;0;29;34;53;51;46;34;34;50;38;32;19;0;27;23;27;23;0;22;0;0;27;16;21;15;15;27;31;9;0;23;0;
04.01.2018;16;0;27;23;47;46;39;36;29;44;30;29;13;0;29;34;31;30;0;33;0;0;26;14;20;12;23;33;28;8;0;25;0;
04.01.2018;17;0;27;39;47;45;41;31;32;48;49;33;14;0;14;37;9;27;0;24;0;0;16;20;22;0;16;24;21;2;0;21;0;
04.01.2018;18;0;17;35;50;52;45;25;18;41;38;31;17;0;18;41;0;26;0;32;0;0;12;22;19;0;28;18;16;0;0;20;0;
04.01.2018;19;0;18;43;52;54;45;23;24;29;38;43;25;0;14;39;0;35;0;39;0;0;10;31;9;0;28;18;8;0;0;19;0;
04.01.2018;20;0;29;31;55;45;48;26;33;26;26;45;34;0;17;33;0;40;0;45;0;0;0;27;7;0;29;14;21;0;0;22;0;
04.01.2018;21;0;24;34;43;21;38;11;32;10;32;14;26;0;0;25;0;26;0;32;0;0;0;16;12;0;28;0;31;0;0;11;0;
04.01.2018;22;0;22;28;15;0;24;0;24;0;26;0;40;0;0;23;0;33;0;35;0;0;0;11;6;0;20;0;23;0;0;13;0;
04.01.2018;23;0;9;11;19;0;26;0;11;0;16;0;19;0;0;22;0;24;0;27;0;0;0;7;9;0;21;0;16;0;0;9;0;
04.01.2018;24;0;6;11;10;0;16;0;15;0;8;0;8;0;0;12;0;7;0;15;0;0;0;11;12;0;12;0;11;0;0;7;0;
05.01.2018;1;0;1;7;13;0;15;0;3;0;3;0;9;0;0;10;0;9;0;15;0;0;0;15;4;0;5;0;6;0;0;4;0;
05.01.2018;2;0;1;2;21;0;22;0;10;0;10;0;15;0;0;14;0;14;0;25;0;0;0;21;11;0;10;0;17;0;0;10;0;
05.01.2018;3;0;4;8;28;0;32;0;13;0;15;0;36;0;0;27;0;37;0;41;0;0;0;23;26;0;7;0;20;0;0;19;0;
05.01.2018;4;0;8;14;36;5;37;3;12;8;27;6;41;0;0;30;0;31;3;37;15;0;0;23;24;0;7;0;29;0;0;17;0;
05.01.2018;5;0;22;29;30;30;31;24;25;37;33;41;23;0;6;29;0;15;8;32;26;0;0;11;14;0;21;13;17;0;0;18;0;
05.01.2018;6;0;31;34;36;38;28;28;28;29;29;36;22;0;19;26;0;16;0;27;9;0;0;10;10;0;28;8;19;0;0;18;0;
05.01.2018;7;0;26;31;40;51;37;31;30;28;30;38;24;0;20;30;1;28;0;29;0;0;0;18;12;0;25;11;19;0;0;11;0;
05.01.2018;8;0;28;37;42;55;40;24;28;30;31;31;21;0;16;14;18;29;0;35;0;0;0;30;18;0;22;10;21;0;0;8;0;
05.01.2018;9;0;37;32;34;57;42;31;44;40;32;40;16;0;27;16;40;36;0;38;0;0;0;32;26;0;30;13;32;3;0;15;0;
05.01.2018;10;0;17;41;53;62;50;30;23;50;37;31;13;0;26;23;41;29;0;33;0;0;7;30;32;0;18;24;32;19;0;24;0;
05.01.2018;11;0;17;32;49;65;48;40;31;34;34;23;13;0;26;22;31;18;0;30;0;0;12;41;30;0;16;19;22;22;0;21;0;
05.01.2018;12;0;22;54;48;52;42;40;25;44;52;29;16;0;25;14;32;23;0;19;0;0;20;27;31;0;12;20;33;10;0;20;0;
05.01.2018;13;3;21;55;50;58;46;34;23;28;28;32;23;0;29;28;33;35;0;39;0;0;19;30;25;0;19;16;23;12;0;19;0;
05.01.2018;14;0;21;32;58;49;49;38;22;40;28;29;21;0;23;20;27;29;0;38;0;0;18;31;29;0;24;34;22;23;0;23;0;
05.01.2018;15;0;30;40;43;56;48;47;30;42;36;25;12;0;27;21;31;19;0;39;0;0;24;22;40;0;24;33;27;21;0;27;0;
05.01.2018;16;2;27;38;54;53;52;39;32;42;25;35;24;0;35;41;24;31;0;40;0;0;25;24;29;0;23;20;29;14;0;24;0;
05.01.2018;17;1;32;52;49;47;41;34;36;43;31;30;21;0;23;53;0;24;0;28;0;0;2;26;22;0;25;24;27;1;0;19;0;
05.01.2018;18;1;25;47;60;59;50;23;26;35;41;37;19;0;23;51;0;37;0;45;0;0;14;22;19;0;22;23;13;20;0;17;0;
05.01.2018;19;0;20;44;59;66;53;34;22;36;38;43;23;0;24;40;0;36;0;40;0;0;15;29;14;0;35;23;13;5;0;21;0;
05.01.2018;20;0;25;37;59;56;49;32;22;28;32;45;28;0;9;33;0;39;0;43;0;0;0;32;13;0;36;3;24;0;0;20;0;
05.01.2018;21;1;21;29;47;47;47;19;29;23;41;25;21;0;0;31;0;27;0;39;0;0;0;25;11;0;33;0;37;0;0;17;0;
05.01.2018;22;0;21;30;32;7;29;0;32;0;39;0;34;0;0;25;0;30;0;34;0;0;0;10;7;0;25;0;30;0;0;8;0;
05.01.2018;23;0;15;14;22;0;27;0;27;0;21;0;24;0;0;24;0;25;0;40;0;0;0;7;14;0;24;0;21;0;0;9;0;
05.01.2018;24;0;5;6;12;0;20;0;9;0;12;0;6;0;0;24;0;5;0;22;0;0;0;10;15;0;24;0;15;0;0;13;0;
06.01.2018;1;0;5;8;15;0;15;0;13;0;9;0;8;0;0;16;0;10;0;18;0;0;0;19;13;0;11;0;9;0;0;13;0;
06.01.2018;2;0;2;3;21;0;28;0;15;0;6;0;12;0;0;8;0;11;0;25;0;0;0;26;18;0;15;0;19;0;0;14;0;
06.01.2018;3;0;1;11;29;0;36;0;15;0;16;0;28;0;0;18;0;32;0;45;0;0;0;20;21;0;6;0;17;0;0;16;0;
06.01.2018;4;0;10;24;36;11;41;10;25;13;34;6;38;0;0;31;0;50;0;47;0;0;0;28;32;0;14;0;26;0;0;16;0;
06.01.2018;5;5;23;46;43;35;29;33;28;47;31;34;27;0;5;29;0;33;0;38;9;0;0;22;22;0;23;6;26;0;0;17;0;
06.01.2018;6;3;25;57;51;47;42;30;32;41;29;34;21;0;20;32;0;28;0;32;11;0;0;18;13;0;28;8;29;0;0;11;0;
06.01.2018;7;3;16;35;47;57;43;25;17;32;20;25;19;0;21;34;0;21;0;24;0;0;0;32;12;0;31;10;25;0;0;9;0;
06.01.2018;8;0;34;48;40;48;32;30;37;37;39;35;18;0;20;31;11;30;0;30;0;0;0;32;22;0;18;10;32;16;0;9;0;
06.01.2018;9;1;21;39;37;39;39;37;26;30;22;16;19;0;29;22;38;27;0;30;0;0;0;30;27;0;30;11;29;4;0;17;0;
06.01.2018;10;4;11;51;46;49;43;30;15;33;23;23;24;0;26;26;39;21;0;23;0;0;2;30;20;0;26;28;15;0;0;26;0;
06.01.2018;11;3;18;65;43;53;34;35;28;37;42;20;16;0;24;19;22;15;0;16;0;0;21;26;26;0;35;22;20;0;0;23;0;
06.01.2018;12;0;20;40;47;50;43;61;34;45;39;28;14;0;33;29;36;25;0;22;0;0;25;23;42;0;21;21;27;5;0;31;0;
06.01.2018;13;0;30;39;48;66;50;45;31;47;39;30;21;0;22;21;26;31;0;31;0;0;21;35;28;0;30;23;18;0;0;22;0;
06.01.2018;14;0;30;30;48;58;48;46;33;42;25;20;13;0;12;34;1;20;0;33;0;0;25;35;33;0;30;25;17;0;0;14;0;
06.01.2018;15;0;31;46;45;69;46;43;41;51;41;39;21;0;32;25;39;32;0;37;0;0;28;27;44;0;30;35;29;0;0;26;0;
06.01.2018;16;0;38;29;51;57;50;55;44;50;32;33;19;0;29;24;37;28;0;33;0;0;18;18;38;0;26;30;22;0;0;25;0;
06.01.2018;17;0;31;41;44;51;43;41;32;49;40;30;13;0;16;14;29;22;0;26;0;0;14;19;21;0;25;22;22;0;0;17;0;
06.01.2018;18;0;24;35;54;61;59;33;25;37;33;24;17;0;18;38;10;27;0;34;0;0;6;28;21;0;30;23;16;0;0;19;0;
06.01.2018;19;0;18;36;61;63;60;27;22;26;31;37;15;0;23;57;0;26;0;35;0;0;0;46;21;0;27;28;12;0;0;21;0;
06.01.2018;20;0;30;37;55;65;55;46;34;32;33;50;14;0;21;34;0;40;0;45;0;0;0;31;16;0;28;21;20;0;0;24;0;
06.01.2018;21;0;22;25;55;46;50;25;29;20;23;24;23;0;0;33;0;30;0;40;0;0;0;17;14;0;21;0;32;0;0;20;0;
06.01.2018;22;0;28;26;30;0;37;0;44;0;39;0;38;0;0;26;0;39;0;43;0;0;0;17;17;0;20;0;29;0;0;16;0;
06.01.2018;23;0;9;20;22;0;27;0;23;0;17;0;20;0;0;31;0;28;0;42;0;0;0;12;19;0;16;0;21;0;0;13;0;
06.01.2018;24;0;5;10;10;0;19;0;19;0;15;0;11;0;0;23;0;11;0;24;0;0;0;13;13;0;20;0;13;0;0;10;0;
07.01.2018;1;0;6;9;13;0;17;0;10;0;7;0;8;0;0;14;0;8;0;13;0;0;0;13;9;0;11;0;9;0;0;3;0;
07.01.2018;2;0;4;6;18;0;24;0;12;0;13;0;9;0;0;16;0;10;0;20;0;0;0;22;7;0;13;0;15;0;0;4;0;
07.01.2018;3;0;5;5;28;0;25;0;12;0;6;13;15;0;0;16;0;28;0;39;0;0;0;16;10;0;15;0;10;0;0;5;0;
07.01.2018;4;0;9;13;31;7;28;5;15;12;16;33;20;0;4;24;0;36;4;45;10;0;0;13;15;0;12;9;14;0;0;10;0;
07.01.2018;5;0;22;38;48;35;40;35;35;51;38;45;13;0;15;28;0;39;11;35;20;0;0;14;14;0;16;17;16;0;0;9;0;
07.01.2018;6;0;28;36;42;36;23;30;36;36;28;31;16;0;25;35;0;26;7;21;9;0;0;13;9;0;27;8;29;0;0;9;0;
07.01.2018;7;0;21;32;51;56;38;32;31;33;25;28;13;0;23;34;0;25;0;27;0;0;0;32;13;0;25;5;31;0;0;11;0;
07.01.2018;8;0;32;42;51;63;40;34;45;48;36;31;17;0;20;18;24;31;0;34;0;0;0;36;21;0;30;7;33;0;0;13;0;
07.01.2018;9;0;23;37;35;36;30;39;31;36;34;19;16;0;23;18;41;27;0;36;0;0;0;35;38;0;24;12;29;0;0;19;0;
07.01.2018;10;0;11;39;48;47;47;31;19;38;35;23;19;0;18;17;26;22;0;28;0;0;0;33;20;0;23;22;16;0;0;18;0;
07.01.2018;11;0;17;40;48;41;39;37;24;50;42;20;16;0;22;13;28;16;0;12;0;0;3;27;28;0;26;15;33;0;0;17;0;
07.01.2018;12;0;22;30;51;64;46;45;34;43;32;28;14;0;35;29;43;26;0;24;0;0;22;19;24;0;22;19;33;0;0;24;0;
07.01.2018;13;0;29;35;51;61;45;47;39;44;30;31;16;0;35;20;35;38;0;44;0;0;28;32;25;0;22;24;25;9;0;30;0;
07.01.2018;14;0;26;32;42;56;38;41;37;31;27;21;13;0;22;18;24;17;0;30;0;0;33;25;34;0;24;18;13;27;0;22;0;
07.01.2018;15;0;33;38;54;78;52;67;44;51;31;30;16;0;26;26;25;27;0;35;0;0;43;26;45;0;34;32;27;9;0;26;0;
07.01.2018;16;0;44;28;54;55;47;57;49;52;26;42;10;0;34;37;38;46;0;45;0;0;28;22;29;0;36;30;24;0;0;25;0;
07.01.2018;17;0;34;40;53;60;52;47;34;52;38;40;14;0;26;36;11;47;0;42;0;0;17;19;23;0;28;14;19;0;0;25;0;
07.01.2018;18;0;19;41;59;61;55;23;20;41;38;43;17;0;20;44;0;47;0;46;0;0;8;28;17;0;32;26;16;0;0;22;0;
07.01.2018;19;0;20;60;59;74;57;31;26;37;34;49;23;0;14;47;0;36;0;42;0;0;0;51;13;0;35;21;15;0;0;22;0;
07.01.2018;20;0;30;58;60;76;62;37;36;31;29;68;25;0;0;41;0;64;0;58;0;0;0;38;14;0;36;1;36;0;0;28;0;
07.01.2018;21;0;24;34;48;26;41;28;30;27;20;23;25;0;0;30;0;31;0;40;0;0;0;19;15;0;22;0;39;0;0;14;0;
07.01.2018;22;0;29;32;24;0;31;0;39;0;31;0;52;0;0;31;0;37;0;42;0;0;0;13;14;0;15;0;28;0;0;11;0;
07.01.2018;23;0;6;10;23;0;34;0;22;0;16;0;26;0;0;26;0;27;0;36;0;0;0;11;23;0;20;0;21;0;0;21;0;
07.01.2018;24;0;4;10;11;0;17;0;17;0;15;0;11;0;0;21;0;14;0;24;0;0;0;10;10;0;19;0;13;0;0;11;0;
08.01.2018;1;0;6;18;12;0;16;0;12;0;13;0;6;0;0;10;0;4;0;9;0;0;0;19;10;0;9;0;7;0;0;9;0;
08.01.2018;2;0;4;11;14;0;22;0;8;0;10;0;5;0;0;15;0;6;0;17;0;0;0;22;9;0;14;0;12;0;0;3;0;
08.01.2018;3;0;1;11;27;0;25;0;11;0;19;0;18;0;0;16;0;27;0;41;0;0;0;14;11;0;19;0;13;0;0;7;0;
08.01.2018;4;0;9;24;32;13;37;8;24;14;29;12;24;0;0;29;0;46;0;48;0;0;0;18;19;0;23;0;25;0;0;9;0;
08.01.2018;5;0;20;53;44;35;41;31;29;46;35;29;11;0;11;36;0;42;0;36;0;0;0;15;9;0;27;8;24;0;0;15;0;
08.01.2018;6;0;32;44;48;45;32;37;43;48;35;42;19;0;20;34;0;35;0;29;0;0;0;14;11;0;32;13;26;0;0;10;0;
08.01.2018;7;0;25;50;56;54;41;27;31;39;40;32;25;0;21;39;0;23;0;27;0;0;0;28;16;0;30;10;30;0;0;8;0;
08.01.2018;8;0;38;40;58;62;44;28;47;54;36;42;14;0;17;23;14;39;0;39;0;0;0;29;23;0;36;13;32;0;0;9;0;
08.01.2018;9;0;26;38;43;44;29;34;37;38;28;24;18;0;32;22;43;30;0;39;0;0;0;40;30;0;27;11;34;0;0;20;0;
08.01.2018;10;0;18;46;45;47;36;34;25;46;42;24;17;0;29;27;38;28;0;32;0;0;0;31;23;0;28;20;25;0;0;24;0;
08.01.2018;11;0;22;43;40;39;27;35;33;49;39;20;19;0;27;20;28;17;0;16;0;0;3;23;26;0;32;12;29;0;0;27;0;
08.01.2018;12;0;24;37;50;47;44;47;35;48;32;24;18;0;27;27;31;25;0;29;0;0;21;17;29;0;28;17;37;0;0;23;0;
08.01.2018;13;0;27;36;51;52;48;44;32;39;32;37;20;0;28;17;35;31;0;37;0;0;22;25;28;0;29;16;26;0;0;33;0;
08.01.2018;14;0;27;37;49;73;48;48;33;33;32;28;16;0;21;17;23;20;0;27;0;0;38;25;29;0;32;23;19;27;0;22;0;
08.01.2018;15;0;35;37;46;58;47;51;37;59;34;30;12;0;23;24;28;25;0;32;0;0;33;25;40;0;26;31;27;11;0;27;0;
08.01.2018;16;0;32;35;44;58;47;59;41;55;34;48;13;0;29;38;16;37;0;42;0;0;26;13;27;0;35;28;23;0;0;25;0;
08.01.2018;17;0;33;40;45;55;41;45;33;53;32;38;8;0;17;47;0;34;0;40;0;0;21;13;17;0;24;24;22;0;0;20;0;
08.01.2018;18;0;33;35;52;70;48;36;33;48;33;44;9;0;18;44;0;32;0;31;0;0;14;20;24;0;32;22;20;0;0;18;0;
08.01.2018;19;0;31;55;57;74;62;46;36;44;40;47;24;0;19;52;0;41;0;38;0;0;0;35;25;0;23;25;20;0;0;26;0;
08.01.2018;20;1;27;51;59;67;58;48;33;40;38;56;19;0;13;36;0;48;0;45;0;0;0;36;17;0;27;24;17;0;0;27;0;
08.01.2018;21;0;24;39;50;37;42;15;39;11;36;25;27;0;0;29;0;37;0;39;0;0;0;16;17;0;29;0;27;0;0;17;0;
08.01.2018;22;0;20;36;40;0;42;0;39;0;34;0;44;0;0;21;0;37;0;36;0;0;0;18;12;0;20;0;27;0;0;9;0;
08.01.2018;23;0;12;11;27;0;35;0;22;0;18;0;28;0;0;26;0;34;0;39;0;0;0;13;11;0;16;0;19;0;0;11;0;
08.01.2018;24;0;6;6;21;0;23;0;20;0;14;0;13;0;0;22;0;15;0;20;0;0;0;12;11;0;15;0;20;0;0;10;0;
09.01.2018;1;0;5;8;12;0;20;0;11;0;9;0;5;0;0;22;0;7;0;10;0;0;0;13;3;0;6;0;12;0;0;3;0;
09.01.2018;2;0;3;4;16;0;22;0;15;0;14;0;7;0;0;18;0;4;0;17;0;0;0;18;13;0;17;0;17;0;0;9;0;
09.01.2018;3;0;6;11;27;0;18;0;12;0;22;0;14;0;0;29;0;23;0;40;0;0;0;17;17;0;22;0;20;0;0;10;0;
09.01.2018;4;0;11;19;33;8;39;2;20;6;29;7;38;0;0;36;0;41;0;42;0;0;0;19;23;0;22;0;29;0;0;17;0;
09.01.2018;5;0;18;37;51;34;41;31;32;53;37;32;23;0;7;26;0;34;10;39;17;0;0;10;20;0;27;7;30;0;0;17;0;
09.01.2018;6;0;25;50;53;53;49;29;31;47;41;38;23;0;23;38;0;23;0;25;15;0;0;20;14;0;37;8;27;0;0;14;0;
09.01.2018;7;0;21;43;49;59;47;38;31;34;30;34;20;0;17;38;0;25;0;24;0;0;0;34;16;0;29;15;23;0;0;8;0;
09.01.2018;8;0;38;40;44;55;43;37;44;49;31;31;17;0;18;39;0;33;0;34;0;0;0;30;18;0;31;17;31;0;0;7;0;
09.01.2018;9;0;23;31;36;38;31;29;29;38;29;27;18;0;28;45;22;34;0;37;0;0;0;32;23;0;28;13;29;0;0;19;0;
09.01.2018;10;0;20;40;44;43;42;34;21;42;37;30;29;0;34;29;38;30;0;32;0;0;0;31;24;0;27;24;23;0;0;26;0;
09.01.2018;11;0;18;45;40;42;45;37;26;38;41;28;22;0;25;18;26;15;0;16;0;0;0;19;30;0;35;18;23;0;0;29;0;
09.01.2018;12;0;23;33;43;49;38;40;32;33;20;30;15;0;21;19;28;23;0;25;0;0;20;19;28;0;22;16;26;0;0;22;0;
09.01.2018;13;0;31;34;47;65;51;47;35;42;29;40;18;0;28;25;26;27;0;33;0;0;22;27;18;0;28;16;21;0;0;23;0;
09.01.2018;14;0;30;29;52;61;51;53;34;45;24;28;15;0;16;24;22;21;0;27;0;0;30;35;34;0;36;33;19;0;0;18;0;
09.01.2018;15;0;36;45;46;64;51;58;39;52;38;27;17;0;22;17;27;17;0;29;0;0;33;28;50;0;33;29;29;0;0;26;0;
09.01.2018;16;0;33;28;50;56;53;64;35;53;25;42;17;0;27;24;32;39;0;51;0;0;26;15;35;0;34;27;24;0;0;27;0;
09.01.2018;17;0;36;42;53;47;55;49;37;59;38;34;22;0;17;37;20;30;0;34;0;0;0;31;22;0;18;22;23;0;0;17;0;
09.01.2018;18;0;29;38;56;50;59;37;30;51;32;36;23;0;14;44;0;34;0;37;0;0;0;35;23;0;28;27;14;0;0;13;0;
09.01.2018;19;0;17;45;58;59;54;31;24;38;33;45;25;0;17;45;0;26;0;30;0;0;0;48;17;0;25;19;13;0;0;19;0;
09.01.2018;20;0;37;36;59;65;50;41;52;21;30;64;25;0;19;35;0;48;0;50;7;0;0;39;14;0;25;6;29;0;0;27;0;
09.01.2018;21;0;21;26;42;6;44;0;41;0;33;11;32;0;0;34;0;31;0;41;4;0;0;21;18;0;18;0;33;0;0;19;0;
09.01.2018;22;0;22;29;27;0;34;0;44;0;22;0;48;0;0;17;0;43;0;43;0;0;0;13;17;0;16;0;19;0;0;15;0;
09.01.2018;23;0;12;13;22;0;24;0;22;0;19;0;21;0;0;24;0;26;0;32;0;0;0;8;17;0;15;0;17;0;0;16;0;
09.01.2018;24;0;6;4;6;0;14;0;15;0;10;0;6;0;0;16;0;8;0;14;0;0;0;14;11;0;16;0;14;0;0;6;0;
10.01.2018;1;0;4;8;14;0;18;0;10;0;4;0;6;0;0;5;0;7;0;9;0;0;0;17;2;0;7;0;3;0;0;3;0;
10.01.2018;2;0;4;8;19;0;23;0;15;0;15;0;7;0;0;17;0;9;0;25;0;0;0;19;9;0;20;0;13;0;0;8;0;
10.01.2018;3;0;6;10;33;0;15;0;14;0;20;0;26;0;0;29;0;28;0;39;0;0;0;16;19;0;15;0;19;0;0;13;0;
10.01.2018;4;0;11;12;38;2;23;1;23;4;23;2;29;0;0;32;0;33;0;46;9;0;0;22;24;0;17;0;23;0;0;19;0;
10.01.2018;5;0;25;34;50;36;22;29;38;54;35;39;28;0;16;30;0;34;0;46;18;0;0;19;18;0;22;14;22;0;0;16;0;
10.01.2018;6;0;29;40;41;45;40;31;32;42;36;33;14;0;23;34;0;24;0;27;7;0;0;17;9;0;32;7;24;0;0;19;0;
10.01.2018;7;0;26;45;50;52;40;38;29;38;33;32;25;0;22;35;0;22;0;28;0;0;0;24;16;0;29;12;28;0;0;12;0;
10.01.2018;8;0;39;43;57;69;58;38;47;45;32;43;25;0;17;45;0;36;0;45;0;0;0;40;22;0;38;15;39;0;0;10;0;
10.01.2018;9;0;22;30;46;49;39;35;30;36;27;27;15;0;26;43;12;32;0;38;0;0;0;35;28;0;33;14;25;0;0;18;1;
10.01.2018;10;0;16;45;41;39;26;28;20;39;41;34;25;0;33;28;26;25;0;29;0;0;0;34;22;0;23;22;20;0;0;19;0;
10.01.2018;11;0;20;29;43;43;41;28;28;41;33;25;18;0;29;16;31;23;0;20;0;0;0;25;26;0;28;19;23;0;0;23;2;
10.01.2018;12;0;27;37;39;54;36;41;38;39;27;27;18;0;25;25;32;25;0;22;0;0;11;25;31;0;21;22;21;5;0;20;0;
10.01.2018;13;0;26;34;45;62;47;41;29;47;32;37;16;0;25;18;22;29;0;37;0;0;24;25;21;0;13;22;16;16;0;25;0;
10.01.2018;14;0;30;29;50;65;51;49;44;46;28;27;13;0;13;20;22;16;0;32;0;0;31;26;18;13;20;26;22;26;0;17;0;
10.01.2018;15;0;40;39;51;75;61;55;51;55;35;26;16;0;21;16;24;19;0;39;0;0;37;32;20;18;25;33;28;28;0;20;0;
10.01.2018;16;0;41;31;52;67;54;51;53;57;35;51;17;0;26;26;25;36;0;38;0;0;26;12;14;13;24;31;24;15;0;25;0;
10.01.2018;17;0;38;40;51;57;52;41;40;49;34;35;12;0;11;30;20;25;0;29;0;0;20;18;25;0;20;34;21;0;0;20;0;
10.01.2018;18;0;30;41;55;62;52;39;33;44;34;40;14;0;13;41;0;29;0;33;0;0;17;20;21;0;27;27;16;0;0;17;0;
10.01.2018;19;0;31;47;59;64;63;36;35;44;32;51;31;0;20;46;0;38;0;32;0;0;12;40;11;0;25;27;17;0;0;27;0;
10.01.2018;20;0;33;33;63;64;63;36;42;25;16;53;33;0;15;39;0;53;0;58;0;0;0;28;16;0;33;16;25;0;0;21;1;
10.01.2018;21;0;25;29;43;7;44;7;39;6;33;11;36;0;0;29;0;30;0;38;0;0;0;27;20;0;22;0;34;0;0;15;0;
10.01.2018;22;0;26;24;23;0;37;0;37;0;31;0;46;0;0;32;0;44;0;51;0;0;0;18;8;0;21;0;38;0;0;10;0;
10.01.2018;23;0;8;11;27;0;36;0;18;0;18;0;20;0;0;19;0;25;0;36;0;0;0;12;16;0;13;0;19;0;0;7;0;
10.01.2018;24;0;7;7;6;0;17;0;15;0;11;0;10;0;0;21;0;16;0;24;0;0;0;12;11;0;13;0;14;0;0;10;0;
11.01.2018;1;0;3;5;13;0;20;0;8;0;6;0;3;0;0;7;0;5;0;10;0;0;0;23;6;0;9;0;8;0;0;3;0;
11.01.2018;2;0;2;6;21;0;23;0;7;0;15;0;7;0;0;18;0;5;0;17;0;0;0;21;10;0;12;0;19;0;0;8;0;
11.01.2018;3;0;2;7;29;0;26;0;10;0;13;0;31;0;0;14;0;33;0;46;0;0;0;12;14;0;9;0;19;0;0;10;0;
11.01.2018;4;0;10;17;31;4;29;4;23;4;26;2;36;0;0;20;0;45;5;46;12;0;0;15;20;0;12;0;28;0;0;10;0;
11.01.2018;5;0;18;32;44;35;32;27;21;44;31;38;27;0;2;29;0;34;9;36;19;0;0;13;15;0;24;16;17;0;0;14;0;
11.01.2018;6;0;34;31;40;45;39;30;36;45;28;43;19;0;15;33;0;30;0;28;10;0;0;12;9;0;28;10;23;0;0;12;0;
11.01.2018;7;0;24;41;42;53;41;30;32;45;35;32;21;0;22;34;0;25;0;25;0;0;0;26;12;0;26;15;24;0;0;8;0;
11.01.2018;8;0;32;39;46;50;41;22;39;38;34;29;20;0;16;16;19;27;0;22;0;0;0;24;13;0;28;12;24;0;0;8;0;
11.01.2018;9;0;36;43;42;51;39;34;59;46;40;31;28;0;26;21;32;40;0;44;0;0;0;35;25;0;30;15;38;0;0;14;1;
11.01.2018;10;0;14;37;44;44;39;32;18;49;35;31;13;0;32;35;37;29;0;38;0;0;5;28;31;0;21;23;22;7;0;28;0;
11.01.2018;11;0;23;43;42;42;30;42;33;46;38;29;17;0;26;18;28;19;0;24;0;0;17;24;36;0;18;17;26;12;0;30;0;
11.01.2018;12;0;26;36;35;53;32;39;33;35;25;30;19;0;29;28;30;24;0;27;0;0;21;23;33;0;20;10;25;15;0;28;1;
11.01.2018;13;0;28;27;58;56;51;42;32;34;18;39;17;0;22;34;21;33;0;39;0;0;20;26;19;0;21;18;19;21;0;28;0;
11.01.2018;14;0;29;36;45;48;48;27;32;52;33;28;11;0;16;16;26;17;0;27;0;0;21;31;23;0;28;28;21;24;0;15;0;
11.01.2018;15;0;28;47;44;53;38;36;24;45;25;30;19;0;18;21;29;20;0;28;0;0;37;23;26;0;22;31;24;15;0;19;0;
11.01.2018;16;0;37;39;46;74;43;39;41;54;30;45;25;0;28;36;30;32;0;47;0;0;26;14;22;0;30;35;28;17;0;23;0;
11.01.2018;17;0;32;50;45;53;47;28;26;37;32;33;18;0;21;49;0;24;0;31;0;0;18;19;24;0;20;23;20;0;0;22;0;
11.01.2018;18;0;22;41;61;55;53;26;21;34;33;44;25;0;16;36;0;40;0;40;0;0;10;25;18;0;25;24;15;0;0;19;0;
11.01.2018;19;0;23;41;61;58;51;27;21;23;25;47;34;0;16;36;0;40;0;39;0;0;0;42;14;0;30;16;7;0;0;22;1;
11.01.2018;20;0;34;26;60;52;41;32;32;21;12;60;47;0;12;34;0;49;0;46;0;0;0;30;10;0;21;7;22;0;0;27;0;
11.01.2018;21;0;23;25;50;36;42;26;24;23;19;31;34;0;0;28;0;37;0;39;0;0;0;20;13;0;19;0;30;0;0;13;0;
11.01.2018;22;0;29;29;28;0;29;0;39;0;32;0;59;0;0;21;0;46;0;41;0;0;0;20;14;0;15;0;24;0;0;11;0;
11.01.2018;23;0;13;13;19;0;19;0;16;0;15;0;25;0;0;24;0;31;0;41;0;0;0;12;19;0;14;0;19;0;0;16;0;
11.01.2018;24;0;3;8;7;0;16;0;8;0;12;0;11;0;0;21;0;9;0;20;0;0;0;7;10;0;15;0;16;0;0;9;0;
12.01.2018;1;0;3;5;13;0;18;0;5;0;5;0;10;0;0;16;0;5;0;10;0;0;0;16;5;0;8;0;9;0;0;7;0;
12.01.2018;2;0;2;3;24;0;26;0;11;0;13;0;11;0;0;20;0;7;0;29;0;0;0;25;8;0;20;0;15;0;0;9;0;
12.01.2018;3;0;6;8;28;0;31;0;12;0;12;0;20;0;0;17;0;27;0;50;0;0;0;22;11;0;25;0;14;0;0;14;0;
12.01.2018;4;0;13;20;40;8;32;3;21;15;36;8;37;0;0;26;0;41;0;42;0;0;0;20;19;0;17;0;32;0;0;11;0;
12.01.2018;5;0;24;35;47;46;42;26;31;50;35;39;27;0;6;28;0;39;0;47;0;0;0;16;15;0;32;6;24;0;0;15;0;
12.01.2018;6;0;32;37;50;47;43;20;26;42;33;30;25;0;20;33;0;25;0;25;0;0;0;20;8;0;34;9;24;0;0;9;0;
12.01.2018;7;0;23;36;50;58;43;32;19;36;26;42;34;0;21;36;0;26;0;25;0;0;0;29;15;0;30;14;22;0;0;10;1;
12.01.2018;8;0;40;49;46;64;45;25;38;45;35;44;35;0;13;21;15;38;0;45;0;0;0;33;20;0;31;14;31;0;0;10;0;
12.01.2018;9;0;26;28;44;52;41;29;29;32;23;23;19;0;23;21;38;29;0;37;0;0;0;33;27;0;25;13;34;0;0;22;0;
12.01.2018;10;0;16;55;44;52;41;25;19;39;35;33;17;0;28;27;34;32;0;31;0;0;0;29;25;0;31;21;18;0;0;26;0;
12.01.2018;11;0;22;47;37;42;35;28;23;42;46;25;17;0;28;23;29;17;0;20;0;0;11;28;31;0;30;15;27;0;0;30;0;
12.01.2018;12;0;26;39;45;47;43;39;29;45;28;35;27;0;27;29;32;27;0;19;0;0;19;19;27;0;26;21;32;5;0;27;2;
12.01.2018;13;0;31;31;51;67;49;42;31;38;28;42;23;0;25;26;23;37;0;39;0;0;23;27;26;0;34;20;22;0;0;34;1;
12.01.2018;14;0;33;25;56;61;55;42;31;45;30;20;14;0;13;27;28;20;0;33;0;0;29;26;23;0;36;25;19;0;0;17;1;
12.01.2018;15;0;37;45;47;69;48;46;34;60;45;36;18;0;21;20;29;26;0;38;0;0;42;32;43;0;40;28;23;0;0;20;0;
12.01.2018;16;0;33;34;53;69;46;52;38;64;32;46;21;0;31;30;33;42;0;47;0;0;32;19;40;0;36;31;30;0;0;23;0;
12.01.2018;17;0;36;47;53;63;49;31;37;48;39;32;23;0;20;31;19;27;0;25;0;0;19;20;22;0;26;28;24;0;0;20;1;
12.01.2018;18;0;34;41;51;56;48;35;32;50;45;41;27;0;21;41;10;48;0;42;0;0;18;24;25;0;36;25;18;0;0;21;0;
12.01.2018;19;0;28;39;60;67;44;37;32;28;29;41;32;0;22;37;0;31;0;36;0;0;0;44;16;0;34;23;11;0;0;26;0;
12.01.2018;20;0;34;35;60;50;45;35;33;27;15;56;46;0;4;30;0;47;0;45;0;0;0;33;10;0;35;4;25;0;0;24;0;
12.01.2018;21;0;29;27;49;19;42;16;41;17;29;30;45;0;0;29;0;41;0;45;0;0;0;26;15;0;24;0;30;0;0;18;0;
12.01.2018;22;0;27;23;22;0;39;0;36;0;31;0;47;0;0;20;0;38;0;38;0;0;0;22;9;0;22;0;29;0;0;9;0;
12.01.2018;23;0;10;12;18;0;19;0;18;0;13;0;22;0;0;28;0;28;0;31;0;0;0;14;14;0;12;0;23;0;0;10;0;
12.01.2018;24;0;5;8;11;0;17;0;13;0;20;0;8;0;0;19;0;7;0;20;0;0;0;10;13;0;20;0;24;0;0;13;0;
13.01.2018;1;0;6;5;8;0;17;0;11;0;6;0;8;0;0;17;0;6;0;18;0;0;0;22;4;0;13;0;7;0;0;7;0;
13.01.2018;2;0;2;3;21;0;24;0;14;0;8;0;7;0;0;20;0;9;0;29;0;0;0;30;13;0;23;0;16;0;0;14;0;
13.01.2018;3;0;1;11;29;33;32;0;24;0;15;16;16;0;0;20;0;37;0;50;0;0;0;22;34;0;18;0;21;0;0;19;0;
13.01.2018;4;0;15;22;35;27;25;9;27;8;35;30;13;0;9;26;0;35;4;31;7;0;0;20;38;0;15;13;24;0;0;19;0;
13.01.2018;5;0;27;29;45;33;30;33;35;41;36;36;14;0;14;23;0;28;9;31;18;0;0;16;23;0;20;13;14;0;0;15;0;
13.01.2018;6;0;24;36;43;45;30;31;28;36;30;34;17;0;15;29;0;22;4;25;9;0;0;17;14;0;24;9;24;0;0;11;0;
13.01.2018;7;0;17;28;49;56;39;31;30;34;25;29;18;0;18;32;0;24;0;26;0;0;0;26;16;0;31;10;25;0;0;8;0;
13.01.2018;8;0;37;38;40;47;26;32;41;42;36;31;20;0;20;42;2;28;0;28;0;0;0;28;18;0;30;17;33;0;0;10;0;
13.01.2018;9;0;21;29;40;38;27;41;35;38;26;23;15;0;25;27;33;26;0;33;0;0;0;34;29;0;27;15;32;0;0;19;0;
13.01.2018;10;0;18;39;39;38;35;37;22;33;36;25;18;0;27;18;39;25;0;28;0;0;0;30;38;0;30;16;16;0;0;30;0;
13.01.2018;11;0;18;39;43;45;36;40;28;43;36;19;15;0;21;19;31;13;0;23;0;0;0;36;37;0;30;23;22;0;0;30;0;
13.01.2018;12;0;27;37;44;48;33;46;35;41;33;24;18;0;19;22;24;21;0;19;0;0;18;27;28;0;31;21;24;0;0;15;0;
13.01.2018;13;0;30;35;49;61;41;45;38;46;27;27;23;0;29;23;32;27;0;37;0;0;18;26;29;0;25;19;22;13;0;29;1;
13.01.2018;14;0;30;36;45;55;43;42;40;41;29;16;17;0;17;16;23;13;0;23;0;0;26;32;21;0;26;23;23;16;0;18;0;
13.01.2018;15;0;37;31;47;50;36;57;46;52;28;16;12;0;21;11;27;12;0;26;0;0;40;34;46;0;20;26;24;21;0;18;0;
13.01.2018;16;0;38;36;52;49;44;47;40;42;27;42;31;0;32;32;34;37;0;44;0;0;21;16;40;0;31;32;23;13;0;21;0;
13.01.2018;17;0;37;42;44;36;37;54;43;58;44;21;19;0;24;51;2;27;0;33;0;0;17;19;30;0;32;27;28;0;0;25;0;
13.01.2018;18;0;24;32;55;44;39;24;32;34;24;21;16;0;15;47;0;21;0;25;0;0;8;34;20;0;30;22;16;0;0;14;0;
13.01.2018;19;0;25;29;54;56;44;37;31;24;23;29;21;0;16;45;0;25;0;29;0;0;0;46;13;0;27;20;17;0;0;22;0;
13.01.2018;20;0;34;30;58;57;48;41;45;20;11;40;19;0;0;34;0;42;0;48;0;0;0;33;11;0;32;0;23;0;0;22;0;
13.01.2018;21;0;16;28;46;21;40;12;27;11;24;11;31;0;0;28;0;28;0;40;0;0;0;23;17;0;18;0;30;0;0;12;0;
13.01.2018;22;0;22;26;22;0;32;0;36;0;29;0;45;0;0;24;0;40;0;38;0;0;0;17;11;0;18;0;26;0;0;9;0;
13.01.2018;23;0;6;15;22;0;24;0;22;0;14;0;27;0;0;24;0;34;0;45;0;0;0;14;12;0;16;0;24;0;0;4;0;
13.01.2018;24;0;3;17;13;0;17;0;19;0;16;0;15;0;0;16;0;14;0;19;0;0;0;12;10;0;15;0;18;0;0;7;0;
14.01.2018;1;0;4;7;12;0;13;0;7;0;4;0;9;0;0;13;0;10;0;13;0;0;0;15;1;0;7;0;11;0;0;6;0;
14.01.2018;2;0;1;2;22;0;23;0;9;0;13;0;12;0;0;18;0;12;0;22;0;0;0;21;11;0;15;0;19;0;0;7;0;
14.01.2018;3;0;5;4;30;0;31;0;17;0;13;0;17;0;0;25;0;31;0;43;0;0;0;16;27;0;17;0;19;0;0;19;0;
14.01.2018;4;0;10;16;37;8;33;6;25;7;26;6;26;0;0;30;0;37;0;38;0;0;0;20;31;0;26;0;28;0;0;19;0;
14.01.2018;5;0;20;25;47;32;36;26;32;36;25;25;12;0;0;27;0;36;0;40;0;0;0;10;19;0;25;9;15;0;0;16;0;
14.01.2018;6;0;29;30;56;43;33;33;41;36;24;35;20;0;20;40;0;33;0;32;0;0;0;18;10;0;30;8;28;0;0;19;0;
14.01.2018;7;0;20;31;51;43;37;36;30;30;23;27;20;0;20;39;0;29;0;38;0;0;0;31;13;0;27;7;27;0;0;10;0;
14.01.2018;8;0;33;41;48;45;37;27;37;44;31;30;22;0;17;35;15;33;0;33;0;0;0;32;22;0;26;15;35;0;0;13;0;
14.01.2018;9;0;24;29;38;33;29;25;35;37;29;19;18;0;23;22;35;27;0;37;0;0;0;31;22;0;24;14;29;0;0;18;0;
14.01.2018;10;0;16;33;50;47;36;34;26;35;27;0;28;0;29;21;34;28;0;28;0;0;0;29;21;0;31;25;18;0;0;30;0;
14.01.2018;11;0;14;40;44;39;23;43;30;34;35;0;29;0;25;12;26;15;0;17;0;0;2;25;26;0;32;15;21;0;0;30;0;
14.01.2018;12;0;29;30;46;42;36;41;40;36;28;0;30;0;27;28;34;21;0;20;0;0;19;20;24;0;25;19;30;0;0;22;0;
14.01.2018;13;0;28;38;59;68;49;38;35;42;29;0;49;0;20;25;25;32;0;38;0;0;29;27;23;0;31;26;21;0;0;25;1;
14.01.2018;14;0;32;33;54;59;54;49;39;33;28;0;26;0;13;35;6;18;0;29;0;0;22;31;30;0;37;24;18;0;0;19;0;
14.01.2018;15;0;34;36;51;65;50;58;40;54;32;0;25;0;23;51;0;22;0;36;0;0;35;37;47;0;35;33;29;0;0;23;0;
14.01.2018;16;0;43;30;53;75;53;44;47;41;29;28;43;0;32;54;0;42;0;41;0;0;28;20;35;0;35;30;24;0;0;28;0;
14.01.2018;17;0;40;39;57;60;52;42;45;31;33;36;20;0;18;43;0;38;0;31;0;0;0;40;27;0;26;18;20;0;0;25;0;
14.01.2018;18;0;25;38;52;53;48;29;28;34;31;35;27;0;20;51;0;30;0;30;0;0;0;32;20;0;50;28;20;0;0;15;0;
14.01.2018;19;0;22;37;61;58;62;32;24;31;25;31;27;0;15;38;0;25;0;38;0;0;0;46;16;0;36;23;12;0;0;19;0;
14.01.2018;20;0;23;44;62;64;57;40;31;33;22;37;30;0;18;44;0;34;0;46;0;0;0;22;8;0;41;16;24;0;0;29;0;
14.01.2018;21;0;31;27;55;23;49;33;38;13;32;15;24;0;0;32;0;24;0;35;0;0;0;23;16;0;28;0;41;0;0;15;0;
14.01.2018;22;0;23;25;20;0;39;0;31;0;26;0;43;0;0;25;0;38;0;37;0;0;0;15;7;0;21;0;29;0;0;10;0;
14.01.2018;23;0;12;11;21;0;31;0;23;0;19;0;24;0;0;29;0;27;0;40;0;0;0;15;20;0;21;0;24;0;0;15;0;
14.01.2018;24;0;7;6;19;0;18;0;17;0;12;0;8;0;0;14;0;10;0;27;0;0;0;9;11;0;21;0;15;0;0;6;0;
15.01.2018;1;0;3;7;11;0;18;0;9;0;11;0;6;0;0;18;0;9;0;17;0;0;0;14;8;0;6;0;15;0;0;7;0;
15.01.2018;2;0;2;7;19;0;32;0;10;0;11;0;17;0;0;25;0;22;0;36;0;0;0;27;13;0;12;0;16;0;0;12;0;
15.01.2018;3;0;3;6;33;0;49;0;15;0;14;0;36;0;0;30;0;45;0;45;0;0;0;31;24;0;7;0;20;0;0;25;0;
15.01.2018;4;0;10;20;34;13;42;4;18;16;29;15;34;0;0;28;0;40;6;36;12;0;0;25;21;0;18;0;30;0;0;14;0;
15.01.2018;5;0;24;33;48;42;40;25;20;38;36;45;21;0;0;27;0;35;15;32;17;0;0;14;16;0;23;11;22;0;0;19;0;
15.01.2018;6;0;31;43;46;46;41;20;28;44;35;36;29;0;13;37;0;34;6;31;7;0;0;13;7;0;36;9;25;0;0;18;0;
15.01.2018;7;0;20;41;52;58;44;24;17;31;31;35;30;0;17;30;0;27;0;26;0;0;0;28;10;0;31;8;24;0;0;9;2;
15.01.2018;8;0;32;37;55;59;41;29;34;39;35;43;29;0;17;39;0;32;0;37;0;0;0;32;22;0;32;6;37;0;0;10;1;
15.01.2018;9;0;32;29;48;59;50;21;32;40;28;26;23;0;22;57;1;33;0;45;0;0;0;31;18;0;32;13;39;0;0;11;0;
15.01.2018;10;0;11;41;43;42;40;28;14;28;30;28;16;0;32;45;24;28;0;30;0;0;0;29;16;0;30;18;22;0;0;20;0;
15.01.2018;11;0;20;34;37;52;35;41;26;43;26;31;26;0;28;40;18;22;0;27;0;0;0;34;27;0;41;28;23;0;0;31;0;
15.01.2018;12;0;27;26;49;64;46;41;26;41;30;31;19;0;29;58;0;29;0;29;0;0;0;42;22;0;38;21;29;0;0;22;0;
15.01.2018;13;0;24;27;52;71;55;30;23;29;22;40;27;0;20;42;0;42;0;46;0;0;8;43;13;0;32;19;13;0;0;21;0;
15.01.2018;14;0;24;32;47;56;47;35;26;43;30;30;22;0;17;44;0;28;0;28;0;0;17;30;17;0;33;28;19;0;0;18;0;
15.01.2018;15;0;32;41;46;67;46;40;34;47;30;44;19;0;19;44;0;34;0;38;0;0;22;30;31;0;37;26;26;0;0;24;0;
15.01.2018;16;1;33;30;49;65;49;44;33;53;26;42;21;0;25;50;0;35;0;37;0;0;17;26;24;0;28;24;28;0;0;19;0;
15.01.2018;17;0;27;37;50;56;51;32;25;34;31;35;18;0;16;52;0;32;0;30;0;0;0;28;21;0;24;20;24;0;0;20;0;
15.01.2018;18;0;24;40;44;43;45;18;25;35;32;34;22;0;15;38;0;32;0;34;0;0;0;30;13;0;35;20;13;0;0;21;0;
15.01.2018;19;0;18;37;63;68;59;25;20;34;36;36;24;0;18;40;0;30;0;34;0;0;0;43;9;0;35;19;12;0;0;21;0;
15.01.2018;20;0;29;39;68;41;51;26;34;24;44;60;36;0;5;33;0;48;0;53;0;0;0;36;11;0;36;9;26;0;0;25;0;
15.01.2018;21;0;16;21;37;0;43;0;19;0;25;15;25;0;0;21;0;28;0;37;0;0;0;20;11;0;21;0;23;0;0;15;0;
15.01.2018;22;0;19;21;21;0;19;0;23;0;30;0;38;0;0;17;0;35;0;32;0;0;0;12;9;0;17;0;23;0;0;6;0;
15.01.2018;23;0;10;9;21;0;23;0;18;0;11;0;18;0;0;14;0;21;0;31;0;0;0;12;6;0;17;0;11;0;0;4;0;
15.01.2018;24;0;3;4;8;0;11;0;8;0;9;0;8;0;0;12;0;7;0;12;0;0;0;9;4;0;16;0;13;0;0;4;0;
16.01.2018;1;0;4;2;8;0;19;0;6;0;3;0;5;0;0;11;0;6;0;14;0;0;0;17;2;0;7;0;9;0;0;3;0;
16.01.2018;2;0;2;2;18;0;27;0;8;0;10;0;13;0;0;17;0;18;0;26;0;0;0;21;14;0;10;0;18;0;0;11;0;
16.01.2018;3;0;4;8;28;0;44;0;12;0;13;0;35;0;0;26;0;39;0;40;0;0;0;27;19;0;11;0;23;0;0;22;0;
16.01.2018;4;0;8;18;38;1;40;2;14;2;28;0;36;0;0;30;0;31;0;36;6;0;0;26;29;0;17;4;34;0;0;24;0;
16.01.2018;5;0;21;35;46;34;35;27;24;59;35;37;31;0;18;27;0;33;0;41;14;0;0;15;21;0;20;16;15;0;0;19;0;
16.01.2018;6;0;31;42;35;43;38;26;25;37;35;21;15;0;22;30;0;29;0;29;1;0;0;20;11;0;28;7;24;0;0;13;0;
16.01.2018;7;0;22;31;53;62;44;29;22;29;26;37;26;0;16;27;0;31;0;28;0;0;0;32;15;0;28;7;21;0;0;12;0;
16.01.2018;8;0;34;31;43;53;41;19;33;40;31;32;21;0;16;46;0;27;0;30;0;0;0;27;19;0;26;11;33;0;0;9;0;
16.01.2018;9;0;25;26;37;50;37;25;28;40;26;27;18;0;33;62;1;31;0;39;0;0;0;32;20;0;28;14;31;0;0;19;0;
16.01.2018;10;1;12;33;40;36;36;21;19;34;30;29;19;0;39;51;25;23;0;27;0;0;0;33;25;0;20;20;21;0;0;33;0;
16.01.2018;11;0;15;34;43;37;33;24;24;31;28;28;22;0;23;14;26;17;0;16;0;0;0;34;25;0;32;11;18;0;0;32;0;
16.01.2018;12;0;22;29;42;55;36;30;30;36;28;22;29;0;32;21;25;24;0;22;0;0;15;36;18;0;24;15;25;8;0;24;1;
16.01.2018;13;0;26;24;51;59;45;40;28;31;19;0;36;0;35;17;26;32;0;36;0;0;16;26;16;2;18;17;17;11;0;25;0;
16.01.2018;14;0;26;30;48;62;36;28;25;32;24;30;35;0;22;15;26;30;0;29;0;0;25;35;17;12;27;18;13;17;0;22;0;
16.01.2018;15;0;28;39;47;63;48;43;36;51;38;22;17;0;27;15;27;18;0;29;0;0;27;26;22;28;27;28;25;15;0;31;0;
16.01.2018;16;0;31;30;51;64;45;41;35;41;27;35;19;0;24;24;31;36;0;40;0;0;19;16;15;21;21;23;26;8;0;26;0;
16.01.2018;17;0;27;33;41;49;41;25;31;42;33;39;20;0;17;28;24;32;0;38;0;0;12;18;14;4;22;23;18;4;0;14;0;
16.01.2018;18;0;27;35;51;58;52;25;35;44;43;31;11;0;13;30;0;28;0;28;0;0;12;21;12;0;36;21;13;0;0;14;0;
16.01.2018;19;0;24;38;56;64;51;26;22;30;35;46;25;0;13;32;0;33;0;33;0;0;10;27;4;0;33;17;13;0;0;19;0;
16.01.2018;20;0;29;26;59;49;44;28;27;20;23;46;31;0;12;32;0;42;0;48;0;0;0;25;11;0;38;9;26;0;0;18;0;
16.01.2018;21;1;23;30;45;19;41;14;27;16;34;20;28;0;0;32;0;34;0;35;0;0;0;19;11;0;24;0;39;0;0;16;0;
16.01.2018;22;0;25;32;20;0;29;0;27;0;30;0;40;0;0;24;0;36;0;37;0;0;0;12;12;0;21;0;23;0;0;7;0;
16.01.2018;23;0;9;14;21;0;22;0;13;0;18;0;18;0;0;20;0;20;0;29;0;0;0;8;12;0;17;0;17;0;0;11;0;
16.01.2018;24;0;4;5;14;0;16;0;10;0;13;0;3;0;0;15;0;5;0;13;0;0;0;9;8;0;13;0;16;0;0;8;0;
17.01.2018;1;0;3;6;13;0;17;0;7;0;3;0;6;0;0;11;0;6;0;9;0;0;0;19;3;0;5;0;6;0;0;7;0;
17.01.2018;2;0;2;2;18;0;24;0;11;0;10;0;12;0;0;18;0;15;0;20;0;0;0;23;15;0;13;0;16;0;0;13;0;
17.01.2018;3;0;3;7;21;0;36;0;14;0;17;0;36;0;0;33;0;27;7;32;14;0;0;19;31;0;10;0;25;0;0;23;0;
17.01.2018;4;0;14;19;37;8;45;3;25;4;21;5;41;0;0;32;0;20;13;27;22;0;0;26;30;0;13;0;30;0;0;23;0;
17.01.2018;5;0;22;30;44;45;39;20;18;31;25;38;25;0;3;21;0;23;8;36;23;0;0;14;17;0;25;9;19;0;0;22;0;
17.01.2018;6;0;32;33;45;45;33;20;28;38;33;32;38;0;16;28;0;25;0;26;10;0;0;15;4;0;22;13;26;0;0;15;0;
17.01.2018;7;0;21;30;47;67;51;28;25;31;29;0;39;0;19;30;0;29;0;38;0;0;0;29;14;0;25;10;26;0;0;11;0;
17.01.2018;8;0;30;42;43;63;41;28;38;47;44;0;40;0;18;19;23;28;0;27;0;0;0;23;14;0;30;15;31;0;0;9;0;
17.01.2018;9;0;33;26;44;61;44;30;37;39;29;0;36;0;24;24;39;37;0;39;0;0;1;35;26;0;25;15;33;2;0;18;0;
17.01.2018;10;0;22;32;43;55;45;29;26;34;27;23;20;0;39;32;42;25;0;30;0;0;12;26;26;0;14;19;17;14;0;34;2;
17.01.2018;11;1;16;34;45;49;38;32;22;31;29;20;15;0;33;11;30;14;0;21;0;0;11;27;33;0;19;12;24;16;0;33;1;
17.01.2018;12;3;22;19;39;48;33;34;26;31;12;27;14;0;29;28;23;29;0;27;0;0;21;22;26;0;15;20;19;9;0;22;0;
17.01.2018;13;0;35;42;57;70;56;42;33;35;37;42;22;0;33;19;27;41;0;37;0;0;25;29;22;0;19;19;18;11;0;29;0;
17.01.2018;14;0;30;28;46;68;48;38;28;36;25;39;16;0;22;21;24;39;0;43;0;0;21;27;26;0;23;21;13;16;0;18;0;
17.01.2018;15;0;28;38;46;47;39;38;30;42;34;43;16;0;26;20;23;27;0;45;0;0;23;35;33;0;24;26;26;14;0;21;0;
17.01.2018;16;1;33;42;50;56;45;37;34;44;24;40;22;0;29;40;21;40;0;45;0;0;20;23;20;0;24;23;24;17;0;23;0;
17.01.2018;17;0;28;41;41;52;43;37;28;36;31;32;14;0;18;50;0;29;0;30;0;0;18;22;15;0;26;23;16;12;0;26;0;
17.01.2018;18;0;38;40;58;65;57;30;37;31;33;48;20;0;15;40;0;41;0;44;0;0;13;33;20;0;39;23;16;0;0;20;0;
17.01.2018;19;0;27;49;54;49;45;29;30;29;32;38;18;0;23;46;0;36;0;34;0;0;0;39;14;0;32;25;14;0;0;19;0;
17.01.2018;20;0;28;39;58;58;46;29;29;26;32;54;27;0;7;27;0;48;0;50;0;0;0;22;11;0;36;16;22;0;0;19;0;
17.01.2018;21;0;17;20;54;54;49;14;22;16;20;19;17;0;0;26;0;26;0;37;0;0;0;24;15;0;29;0;30;0;0;14;0;
17.01.2018;22;0;18;21;29;0;23;0;26;0;28;0;40;0;0;25;0;32;0;33;0;0;0;14;5;0;23;0;26;0;0;9;0;
17.01.2018;23;0;13;9;19;0;26;0;18;0;13;0;24;0;0;16;0;27;0;37;0;0;0;12;14;0;21;0;18;0;0;8;0;
17.01.2018;24;0;3;4;13;0;20;0;8;0;8;0;7;0;0;18;0;10;0;19;0;0;0;8;8;0;21;0;11;0;0;8;0;
18.01.2018;1;0;0;4;12;0;12;0;7;0;5;0;4;0;0;13;0;7;0;13;0;0;0;17;5;0;5;0;8;0;0;5;0;
18.01.2018;2;0;1;1;22;0;23;0;10;0;4;0;13;0;0;18;0;18;0;33;0;0;0;22;12;0;6;0;16;0;0;18;0;
18.01.2018;3;0;2;4;27;0;39;0;16;0;14;0;33;0;0;25;0;44;0;50;0;0;0;23;25;0;9;0;17;0;0;24;0;
18.01.2018;4;0;9;19;34;5;36;7;27;11;31;9;33;0;0;34;0;48;0;42;0;0;0;26;32;0;13;0;31;0;0;24;0;
18.01.2018;5;1;20;36;46;27;34;17;18;45;33;37;25;0;7;24;0;47;0;39;6;0;0;20;12;0;15;4;24;0;0;17;0;
18.01.2018;6;0;33;41;44;47;39;27;34;39;37;38;29;0;15;30;0;35;0;26;10;0;0;13;4;0;28;9;20;0;0;11;0;
18.01.2018;7;0;20;41;50;66;50;34;20;43;35;29;18;0;24;44;0;28;0;26;0;0;0;31;15;0;28;19;38;0;0;8;0;
18.01.2018;8;2;31;52;44;53;36;26;32;37;24;31;25;0;20;51;2;32;0;27;0;0;0;29;20;0;28;13;27;0;0;12;0;
18.01.2018;9;0;36;21;39;57;42;35;39;39;15;21;12;0;29;40;29;38;0;40;0;0;0;32;27;0;36;14;33;0;0;21;0;
18.01.2018;10;0;20;39;43;56;43;35;22;49;37;33;15;0;36;39;35;31;0;31;0;0;0;31;28;0;37;28;24;0;0;34;0;
18.01.2018;11;0;25;53;33;44;30;34;28;33;35;25;13;0;22;22;17;22;0;24;0;0;0;31;30;0;36;15;20;0;0;29;0;
18.01.2018;12;0;21;31;35;49;36;38;26;30;24;24;9;0;23;18;30;26;0;17;0;0;11;26;26;0;33;12;30;0;0;20;1;
18.01.2018;13;0;26;29;42;55;41;35;27;28;27;42;15;0;26;34;24;36;0;36;0;0;15;22;17;0;29;14;18;0;0;27;0;
18.01.2018;14;0;35;27;53;55;48;38;33;35;26;23;15;0;16;39;2;26;0;31;0;0;18;25;25;0;19;23;15;0;0;23;0;
18.01.2018;15;0;27;33;45;61;50;37;24;49;35;27;15;0;27;33;28;25;0;32;0;0;29;26;37;0;28;36;25;0;0;26;0;
18.01.2018;16;0;32;29;49;72;44;40;34;44;32;47;18;0;29;24;30;38;0;44;0;0;29;24;31;0;36;28;27;0;0;25;0;
18.01.2018;17;0;35;34;44;59;47;35;35;45;39;34;12;0;20;43;5;27;0;30;0;0;17;21;21;0;23;24;22;0;0;23;0;
18.01.2018;18;0;29;40;53;59;48;31;29;38;41;38;14;0;16;41;0;34;0;40;0;0;12;20;16;0;37;15;13;0;0;19;0;
18.01.2018;19;0;26;37;52;70;48;35;28;22;27;46;19;0;17;33;0;40;0;38;0;0;20;30;12;0;37;16;5;0;0;24;0;
18.01.2018;20;0;31;34;59;58;47;34;29;28;31;50;28;0;15;31;0;44;0;47;0;0;7;27;8;0;31;15;13;0;0;24;0;
18.01.2018;21;0;24;23;45;40;40;23;22;19;25;25;24;0;0;20;0;26;0;44;0;0;0;16;9;0;39;0;22;0;0;13;0;
18.01.2018;22;0;23;24;36;0;29;0;26;0;39;0;43;0;0;20;0;30;0;36;0;0;0;19;9;0;26;0;25;0;0;13;0;
18.01.2018;23;0;16;10;23;0;24;0;22;0;17;0;27;0;0;20;0;30;0;40;0;0;0;14;8;0;16;0;22;0;0;11;0;
18.01.2018;24;0;6;6;15;0;20;0;12;0;14;0;7;0;0;17;0;9;0;27;0;0;0;14;7;0;23;0;17;0;0;6;0;
19.01.2018;1;0;1;4;12;0;16;0;4;0;4;0;5;0;0;11;0;7;0;12;0;0;0;17;8;0;10;0;6;0;0;4;0;
19.01.2018;2;0;1;1;21;0;27;0;10;0;10;0;12;0;0;21;0;17;0;24;0;0;0;23;12;0;11;0;21;0;0;13;0;
19.01.2018;3;0;7;7;29;32;28;0;18;0;18;0;31;0;0;29;0;42;0;44;0;0;0;26;31;0;14;0;25;0;0;26;0;
19.01.2018;4;0;12;17;40;41;36;9;21;18;21;13;35;0;7;28;0;36;5;42;17;0;0;31;26;0;12;12;21;0;0;19;0;
19.01.2018;5;0;24;30;47;46;40;26;30;46;34;55;19;0;16;26;0;17;10;32;34;0;0;16;13;0;20;12;13;0;0;16;0;
19.01.2018;6;0;29;43;49;45;35;24;26;46;44;42;19;0;20;30;0;20;5;20;11;0;0;16;9;0;29;9;25;0;0;10;0;
19.01.2018;7;0;16;33;48;62;40;25;14;26;28;38;20;0;18;25;0;27;0;26;0;0;0;32;9;0;30;9;20;0;0;9;0;
19.01.2018;8;0;39;39;47;60;42;41;39;47;38;38;31;0;22;40;0;42;0;43;0;0;0;33;20;0;35;16;33;0;0;9;0;
19.01.2018;9;0;22;29;38;49;37;27;22;36;23;30;21;0;29;40;28;34;0;35;0;0;0;36;26;0;28;16;32;0;0;20;0;
19.01.2018;10;0;15;31;38;49;43;25;19;43;31;29;12;0;33;34;39;26;0;26;0;0;0;46;24;0;31;21;22;0;0;32;0;
19.01.2018;11;0;24;40;45;46;41;41;31;42;38;24;13;0;29;42;2;18;0;19;0;0;0;27;23;0;35;12;23;0;0;22;0;
19.01.2018;12;0;24;26;43;52;37;34;22;34;24;33;21;0;22;35;22;25;0;23;0;0;23;20;25;0;26;12;23;11;0;27;0;
19.01.2018;13;0;25;34;54;66;49;39;29;37;24;42;31;0;27;34;16;36;0;40;0;0;23;22;15;0;17;16;17;17;0;32;0;
19.01.2018;14;0;26;32;54;59;49;39;31;43;26;34;26;0;18;39;0;34;0;41;0;0;21;36;33;0;35;24;18;33;0;28;0;
19.01.2018;15;0;30;42;57;69;48;43;28;54;37;33;29;0;27;47;0;26;0;36;0;0;21;33;36;0;36;30;29;29;0;22;0;
19.01.2018;16;0;33;25;39;53;44;36;34;28;19;34;25;0;29;57;0;41;0;49;0;0;20;22;24;0;34;22;24;4;0;30;1;
19.01.2018;17;0;37;42;44;42;41;29;30;48;39;32;24;0;15;48;0;31;0;31;0;0;13;23;21;0;33;29;24;0;0;17;0;
19.01.2018;18;0;22;36;56;47;42;22;23;35;27;49;28;0;19;36;0;50;0;52;0;0;8;27;25;0;30;26;14;0;0;22;0;
19.01.2018;19;0;21;47;59;55;46;27;23;30;32;41;30;0;20;36;0;33;0;42;0;0;0;37;16;0;30;21;13;0;0;28;0;
19.01.2018;20;0;29;39;55;52;45;34;33;25;31;52;27;0;6;32;0;41;0;44;0;0;0;28;14;0;37;8;25;0;0;28;0;
19.01.2018;21;0;23;35;38;7;37;7;32;10;28;18;29;0;0;24;0;30;0;36;0;0;0;24;10;0;29;0;31;0;0;12;0;
19.01.2018;22;0;24;25;25;0;25;0;29;0;25;0;39;0;0;19;0;32;0;36;0;0;0;15;9;0;25;0;24;0;0;8;0;
19.01.2018;23;0;7;12;23;0;24;0;21;0;18;0;26;0;0;21;0;30;0;33;0;0;0;12;19;0;16;0;15;0;0;9;0;
19.01.2018;24;0;8;5;10;0;17;0;10;0;13;0;7;0;0;15;0;8;0;20;0;0;0;14;18;0;16;0;14;0;0;7;0;
20.01.2018;1;0;5;8;14;0;16;0;11;0;9;0;6;0;0;17;0;6;0;7;0;0;0;15;10;0;9;0;15;0;0;10;0;
20.01.2018;2;0;2;3;24;0;23;0;15;0;8;0;12;0;0;25;0;19;0;24;0;0;0;17;15;0;12;0;16;0;0;17;0;
20.01.2018;3;0;5;9;29;0;27;0;20;0;14;0;29;0;0;32;0;32;0;35;0;0;0;18;28;0;11;0;15;0;0;25;0;
20.01.2018;4;1;11;32;34;4;34;10;28;5;21;8;29;0;0;33;0;30;0;35;0;0;0;25;36;0;19;0;21;0;0;23;0;
20.01.2018;5;1;16;49;39;31;28;22;22;19;19;41;27;0;4;22;0;45;0;42;0;0;0;16;15;0;21;5;17;0;0;16;0;
20.01.2018;6;0;28;39;44;37;36;24;23;30;31;31;27;0;17;29;0;25;0;25;0;0;0;17;9;0;27;12;20;0;0;10;0;
20.01.2018;7;0;19;34;43;54;43;21;11;31;29;30;24;0;17;36;0;26;0;31;0;0;0;33;13;0;30;11;24;0;0;10;0;
20.01.2018;8;0;28;34;45;53;39;23;20;34;31;31;22;0;20;27;0;28;0;20;0;0;0;25;18;0;25;8;28;0;0;10;0;
20.01.2018;9;0;27;27;44;48;38;31;30;39;20;30;20;0;26;60;0;33;0;39;0;0;0;35;30;0;30;21;32;0;0;19;0;
20.01.2018;10;0;12;37;53;58;46;39;22;42;25;32;17;0;28;65;0;29;0;25;0;0;10;27;22;0;33;35;22;0;0;22;2;
20.01.2018;11;0;19;36;35;39;25;36;25;37;27;21;18;0;18;44;0;20;0;23;0;0;13;18;25;0;34;18;17;0;0;20;0;
20.01.2018;12;0;17;37;45;41;39;37;25;39;36;30;23;0;24;51;0;21;0;18;0;0;23;20;27;0;22;22;21;0;0;24;0;
20.01.2018;13;0;27;30;48;52;37;42;32;36;40;28;15;0;27;43;0;25;0;29;0;0;18;27;20;0;31;18;16;0;0;24;0;
20.01.2018;14;0;24;34;42;54;39;33;24;38;33;27;14;0;15;35;0;20;0;27;0;0;29;31;32;8;28;14;18;16;0;12;0;
20.01.2018;15;0;23;32;43;60;38;43;24;44;25;27;13;0;29;42;0;18;0;29;0;0;39;25;20;29;20;33;25;15;0;28;0;
20.01.2018;16;0;31;36;53;62;45;49;31;43;32;45;26;0;34;57;0;38;0;43;0;0;22;26;43;7;26;26;24;0;0;30;0;
20.01.2018;17;0;27;36;44;49;45;36;23;39;30;26;19;0;17;45;0;19;0;25;0;0;0;28;26;0;25;21;20;0;0;20;1;
20.01.2018;18;0;22;36;46;35;36;20;20;35;33;28;20;0;20;37;0;27;0;29;0;0;0;24;19;0;18;21;14;0;0;20;0;
20.01.2018;19;0;14;26;47;40;33;23;16;24;19;30;17;0;12;38;0;28;0;30;0;0;0;37;12;0;21;24;15;0;0;20;0;
20.01.2018;20;0;22;30;58;54;44;34;22;20;27;53;29;0;3;26;0;45;0;44;0;0;0;38;13;0;23;0;19;0;0;26;0;
20.01.2018;21;0;26;14;51;35;39;33;28;19;21;26;22;0;0;28;0;30;0;36;0;0;0;24;16;0;21;0;27;0;0;17;0;
20.01.2018;22;0;19;19;21;0;29;0;29;0;31;0;32;0;0;25;0;27;0;27;0;0;0;18;15;0;17;0;27;0;0;12;0;
20.01.2018;23;0;16;15;27;0;40;0;29;0;24;0;34;0;0;23;0;40;0;46;0;0;0;14;15;0;15;0;21;0;0;9;0;
20.01.2018;24;0;5;9;14;0;23;0;14;0;13;0;12;0;0;19;0;11;0;27;0;0;0;12;9;0;16;0;13;0;0;5;0;
21.01.2018;1;0;2;6;13;0;15;0;3;0;7;0;10;0;0;16;0;8;0;10;0;0;0;14;5;0;9;0;4;0;0;6;0;
21.01.2018;2;0;2;6;16;0;18;0;8;0;12;0;5;0;0;28;0;4;0;15;0;0;0;17;11;0;11;0;15;0;0;15;0;
21.01.2018;3;0;5;3;28;0;32;0;14;0;14;0;22;0;0;23;0;32;0;44;0;0;0;20;25;0;13;0;14;0;0;19;0;
21.01.2018;4;0;7;11;39;4;38;0;18;9;15;5;30;0;0;27;0;34;1;32;5;0;0;19;26;0;13;0;22;0;0;16;0;
21.01.2018;5;0;20;27;43;34;39;22;25;34;21;39;30;0;0;25;0;23;4;38;22;0;0;10;9;0;19;4;22;0;0;11;0;
21.01.2018;6;0;25;31;42;32;32;24;24;30;20;37;26;0;8;32;0;24;0;30;9;0;0;10;4;0;22;9;21;0;0;11;0;
21.01.2018;7;0;16;26;52;58;50;20;14;22;20;27;22;0;24;30;0;27;0;28;0;0;0;28;10;0;29;9;25;0;0;9;0;
21.01.2018;8;0;28;41;46;62;44;31;26;36;33;30;23;0;24;34;0;31;0;30;0;0;0;32;17;0;30;12;26;0;0;14;0;
21.01.2018;9;0;28;24;39;46;37;38;33;34;22;26;10;0;28;55;4;29;0;35;0;0;0;28;23;0;27;17;32;0;0;21;0;
21.01.2018;10;0;15;36;43;40;37;28;16;37;31;30;21;0;28;46;36;23;0;23;0;0;0;24;24;0;22;28;24;0;0;29;0;
21.01.2018;11;0;20;33;47;51;36;42;23;39;33;26;16;0;23;42;0;15;0;18;0;0;0;31;35;0;31;19;21;0;0;30;0;
21.01.2018;12;1;23;31;45;46;32;36;22;38;27;21;19;0;31;61;9;25;0;23;0;0;6;34;21;0;24;17;33;0;0;22;0;
21.01.2018;13;1;21;32;52;62;54;49;23;32;20;30;28;0;26;24;37;33;0;41;0;0;21;26;24;0;32;18;21;0;0;28;0;
21.01.2018;14;2;27;30;46;49;40;37;24;31;21;20;15;0;18;18;25;13;0;22;0;0;23;25;34;0;36;22;13;0;0;21;0;
21.01.2018;15;0;32;36;48;71;46;59;35;52;34;33;13;0;27;25;24;26;0;38;0;0;41;31;44;0;43;34;32;0;0;31;0;
21.01.2018;16;1;33;25;50;58;40;47;33;39;25;39;22;0;26;39;30;40;0;42;0;0;27;19;27;0;38;23;23;0;0;23;0;
21.01.2018;17;0;31;44;48;58;45;49;33;39;41;37;16;0;20;40;0;37;0;41;0;0;3;34;30;0;24;19;25;0;0;25;0;
21.01.2018;18;0;31;32;55;55;42;24;32;34;31;41;23;0;18;37;0;35;0;40;0;0;0;36;17;0;36;21;15;0;0;19;0;
21.01.2018;19;0;24;43;50;56;41;32;30;26;30;34;21;0;20;38;0;29;0;39;0;0;15;42;15;0;30;23;9;0;0;25;0;
21.01.2018;20;0;27;39;58;62;51;37;33;20;23;48;35;0;4;35;0;48;0;52;0;0;8;30;10;0;36;7;30;0;0;24;0;
21.01.2018;21;0;25;23;61;32;51;8;43;0;36;38;19;0;0;24;0;42;0;45;0;0;0;19;17;0;25;0;33;0;0;17;0;
21.01.2018;22;0;19;31;22;0;28;0;21;0;22;0;44;0;0;26;0;37;0;37;0;0;0;13;10;0;21;0;23;0;0;7;0;
21.01.2018;23;0;18;13;29;0;32;0;26;0;21;0;31;0;0;25;0;36;0;44;0;0;0;10;15;0;20;0;27;0;0;14;0;
21.01.2018;24;0;5;7;15;0;18;0;13;0;16;0;8;0;0;26;0;9;0;25;0;0;0;11;14;0;18;0;24;0;0;13;0;
22.01.2018;1;0;2;6;12;0;16;0;7;0;3;0;5;0;0;20;0;6;0;9;0;0;0;15;5;0;6;0;8;0;0;8;0;0
22.01.2018;2;0;5;2;20;0;16;0;14;0;13;0;4;0;0;26;0;4;0;10;0;0;0;16;18;0;10;0;23;0;0;15;0;0
22.01.2018;3;0;4;7;24;0;17;0;9;0;15;0;19;0;0;23;0;24;0;44;0;0;0;12;20;0;12;0;22;0;0;18;0;0
22.01.2018;4;0;11;16;42;4;27;1;21;2;29;1;42;0;0;27;0;43;0;50;9;0;0;24;22;0;17;0;26;0;0;17;0;0
22.01.2018;5;0;28;31;43;35;32;20;32;42;30;33;24;0;13;23;0;31;0;44;13;0;0;17;11;0;27;17;21;0;0;18;0;0
22.01.2018;6;0;27;47;46;48;38;30;30;45;36;39;24;0;14;29;0;38;0;33;11;0;0;13;7;0;36;9;22;0;0;15;0;0
22.01.2018;7;0;22;40;49;65;38;30;29;38;39;41;28;0;19;30;0;33;0;29;0;0;0;27;9;0;37;10;26;0;0;10;0;0
22.01.2018;8;0;39;37;47;63;44;38;50;42;31;38;19;0;17;35;0;29;0;37;0;0;0;30;20;0;26;9;33;0;0;11;0;0
22.01.2018;9;0;25;31;45;53;41;33;35;46;31;39;17;0;24;59;0;37;0;42;0;0;0;39;20;0;26;16;37;0;0;19;0;0
22.01.2018;10;0;11;30;38;35;29;28;13;38;29;25;20;0;37;50;26;21;0;27;0;0;0;27;18;0;23;24;27;0;0;31;0;0
22.01.2018;11;0;20;27;43;50;44;36;23;30;25;34;18;0;26;17;23;18;0;13;0;0;0;30;21;0;34;14;20;0;0;27;0;0
22.01.2018;12;0;19;24;47;46;46;31;24;25;18;26;15;0;26;19;31;22;0;22;0;0;10;25;22;0;25;12;18;10;0;23;0;0
22.01.2018;13;0;26;23;46;60;49;40;34;37;25;34;15;0;27;25;21;31;0;33;0;0;22;22;12;5;25;16;15;26;0;27;0;0
22.01.2018;14;0;31;33;54;62;55;47;34;39;28;23;15;0;12;20;15;23;0;25;0;0;27;30;18;9;21;26;15;24;0;12;10;0
22.01.2018;15;0;37;41;45;55;48;51;43;58;36;30;17;0;19;16;23;23;0;27;0;0;29;25;21;16;20;30;27;15;0;22;32;1
22.01.2018;16;0;29;26;48;52;54;40;37;43;29;42;10;0;31;30;34;34;0;31;0;0;18;13;12;12;21;21;22;19;0;31;17;0
22.01.2018;17;0;32;36;53;58;50;29;32;39;36;42;15;0;14;31;9;40;0;37;0;0;14;17;15;0;25;20;19;5;0;21;1;0
22.01.2018;18;0;21;32;47;45;43;29;27;37;37;41;18;0;16;34;0;42;0;45;0;0;14;16;16;0;28;23;18;0;0;18;0;0
22.01.2018;19;0;23;43;57;67;60;33;26;29;40;45;17;0;16;35;0;37;0;37;0;0;7;38;16;0;30;18;11;0;0;25;0;0
22.01.2018;20;0;26;38;62;61;59;33;31;24;36;50;15;0;13;32;0;45;0;50;0;0;0;33;7;0;27;16;19;0;0;28;0;0
22.01.2018;21;1;28;23;48;25;48;17;34;13;25;18;29;0;0;19;0;30;0;38;0;0;0;22;12;0;29;0;24;0;0;14;0;0
22.01.2018;22;0;18;19;24;0;38;0;28;0;24;0;40;0;0;17;0;38;0;37;0;0;0;16;5;0;21;0;25;0;0;8;0;0
22.01.2018;23;0;8;7;17;0;28;0;15;0;10;0;23;0;0;12;0;27;0;29;0;0;0;11;6;0;17;0;15;0;0;3;0;0
22.01.2018;24;0;5;4;9;0;27;0;13;0;7;0;11;0;0;11;0;14;0;20;0;0;0;11;5;0;18;0;11;0;0;4;0;0
23.01.2018;1;0;3;5;12;0;17;0;6;0;4;0;5;0;0;14;0;7;0;8;0;0;0;13;2;0;4;0;5;0;0;1;0;0
23.01.2018;2;0;2;1;18;0;15;0;7;0;8;0;7;0;0;19;0;6;0;14;0;0;0;14;9;0;11;0;12;0;0;11;0;0
23.01.2018;3;0;2;9;28;0;14;0;7;0;11;0;19;0;0;27;0;24;0;40;0;0;0;13;21;0;13;0;16;0;0;20;0;0
23.01.2018;4;0;7;13;33;3;22;4;13;7;19;13;29;0;0;30;0;28;11;31;20;0;0;23;26;0;17;0;26;0;0;17;0;0
23.01.2018;5;0;20;31;42;29;32;22;29;34;35;44;36;0;0;22;0;27;13;28;25;0;0;13;11;0;19;9;19;0;0;12;0;0
23.01.2018;6;0;26;37;49;42;44;23;28;23;27;32;21;0;13;24;0;22;0;25;12;0;0;16;7;0;29;6;19;0;0;8;0;0
23.01.2018;7;0;22;36;49;49;46;37;35;31;30;20;34;0;20;29;0;22;0;27;0;0;0;30;11;0;28;11;24;0;0;11;0;0
23.01.2018;8;0;32;37;46;54;54;26;42;41;40;25;18;0;18;20;24;24;0;19;0;0;0;31;15;0;30;13;30;0;0;10;0;3
23.01.2018;9;0;29;22;33;45;38;37;44;40;27;8;32;0;24;18;36;35;0;39;0;0;0;38;21;0;28;12;29;0;0;18;0;0
23.01.2018;10;0;9;32;45;51;39;25;15;38;27;6;35;0;32;20;47;30;0;30;0;0;0;34;16;0;31;20;22;9;0;31;0;2
23.01.2018;11;0;22;34;39;47;37;39;32;31;27;25;15;0;24;19;20;12;0;12;0;0;15;34;25;0;11;11;17;14;0;30;0;0
23.01.2018;12;0;18;29;40;50;38;43;25;28;20;26;21;0;22;25;24;21;0;24;0;0;20;21;23;0;18;10;20;8;0;25;0;0
23.01.2018;13;0;23;36;52;52;50;37;30;29;27;29;18;0;25;30;22;27;0;29;0;0;11;19;14;0;20;21;12;15;0;23;0;0
23.01.2018;14;0;26;30;45;51;38;41;35;30;20;22;15;0;13;16;15;20;0;27;0;0;18;32;29;0;28;23;14;0;0;17;0;0
23.01.2018;15;0;27;51;44;44;43;42;34;40;27;24;22;0;22;20;25;20;0;32;0;0;21;26;37;0;35;22;26;0;0;23;0;0
23.01.2018;16;0;29;28;48;55;51;46;29;38;30;41;16;0;18;34;23;34;0;43;0;0;19;14;29;0;36;26;23;0;0;16;0;1
23.01.2018;17;0;29;41;43;45;39;33;31;27;31;35;21;0;14;37;0;28;0;32;0;0;6;24;20;0;30;18;19;0;0;16;0;0
23.01.2018;18;0;23;32;48;49;44;22;27;30;27;34;13;0;15;35;0;36;0;33;0;0;0;32;17;0;31;21;16;0;0;16;0;0
23.01.2018;19;0;19;36;54;58;46;24;26;24;22;36;17;0;13;36;0;32;0;35;0;0;0;41;7;0;30;19;14;0;0;19;0;0
23.01.2018;20;0;27;30;58;61;54;31;26;26;16;46;27;0;0;30;0;44;0;52;0;0;0;38;7;0;31;14;21;0;0;19;0;0
23.01.2018;21;0;24;24;51;24;56;16;35;15;24;24;22;0;0;35;0;34;0;48;0;0;0;16;13;0;27;0;31;0;0;18;0;0
23.01.2018;22;0;32;19;22;0;34;0;42;0;21;0;36;0;0;22;0;32;0;34;0;0;0;15;7;0;25;0;26;0;0;9;0;0
23.01.2018;23;0;7;10;22;0;26;0;12;0;8;0;19;0;0;20;0;25;0;38;0;0;0;5;10;0;17;0;17;0;0;10;0;0
23.01.2018;24;0;8;4;7;0;17;0;14;0;8;0;7;0;0;9;0;8;0;21;0;0;0;11;8;0;13;0;11;0;0;5;0;0
24.01.2018;1;0;3;5;12;0;15;0;4;0;2;0;6;0;0;13;0;4;0;9;0;0;0;15;6;0;6;0;4;0;0;7;0;0
24.01.2018;2;0;5;5;22;0;23;0;12;0;13;0;8;0;0;21;0;9;0;20;0;0;0;23;11;0;11;0;20;0;0;11;0;0
24.01.2018;3;0;3;9;28;0;19;0;17;0;20;0;20;0;0;29;0;28;0;39;0;0;0;20;27;0;16;0;22;0;0;21;0;0
24.01.2018;4;0;11;13;32;10;17;1;19;10;26;9;31;0;0;31;0;45;0;45;0;0;0;30;30;0;8;0;25;0;0;22;0;0
24.01.2018;5;0;26;34;45;31;35;28;29;43;33;36;20;0;2;18;0;45;0;40;0;0;0;16;14;0;17;4;27;0;0;11;0;0
24.01.2018;6;0;27;36;47;33;24;28;33;38;26;32;20;0;16;32;0;35;0;37;0;0;0;15;4;0;21;9;23;0;0;10;0;0
24.01.2018;7;0;28;35;48;57;38;35;37;38;22;33;20;0;22;35;1;28;0;32;0;0;0;28;16;0;27;15;24;0;0;14;0;0
24.01.2018;8;0;33;45;50;63;41;23;42;44;30;37;21;0;14;22;18;30;0;33;0;0;0;32;15;0;38;15;31;0;0;4;0;0
24.01.2018;9;0;28;28;40;42;33;35;39;37;21;38;19;0;33;16;42;44;0;46;0;0;0;42;21;0;26;11;29;0;0;17;0;0
24.01.2018;10;0;15;39;39;29;32;21;20;30;26;32;22;0;35;24;32;34;0;32;0;0;2;31;26;0;19;20;14;0;0;35;0;0
24.01.2018;11;0;20;36;39;42;29;33;26;33;32;21;16;0;19;16;22;19;0;24;0;0;15;21;24;0;32;13;24;0;0;24;0;0
24.01.2018;12;0;22;31;44;43;34;41;30;33;20;24;17;0;26;37;24;24;0;21;0;0;16;19;23;0;25;13;29;0;0;23;0;0
24.01.2018;13;0;30;26;53;60;56;49;40;35;20;30;18;0;30;21;26;35;0;34;0;0;17;30;24;0;26;15;19;0;0;32;0;0
24.01.2018;14;0;23;26;49;61;47;31;28;31;21;22;8;0;14;21;12;18;0;31;0;0;23;33;30;0;28;18;16;29;0;20;3;0
24.01.2018;15;0;30;36;46;42;42;44;38;52;29;29;19;0;23;46;0;23;0;32;0;0;26;33;29;0;32;29;32;22;0;15;41;0
24.01.2018;16;0;35;31;48;51;48;55;45;54;31;42;18;0;27;57;0;39;0;41;0;0;20;22;22;0;31;35;21;12;0;19;31;0
24.01.2018;17;0;34;29;49;46;42;34;35;27;19;34;22;0;11;34;0;32;0;35;0;0;1;27;14;0;25;21;15;0;0;18;0;0
24.01.2018;18;0;24;36;44;48;41;28;26;36;29;40;22;0;15;33;0;39;0;35;0;0;0;27;14;0;25;20;10;0;0;18;0;0
24.01.2018;19;0;26;35;59;66;52;34;28;25;32;43;18;0;17;40;0;39;0;31;0;0;0;39;15;0;29;25;11;0;0;27;0;0
24.01.2018;20;0;32;33;56;60;57;39;41;29;34;57;18;0;12;34;0;54;0;49;0;0;0;35;13;0;27;17;19;0;0;24;0;0
24.01.2018;21;0;23;24;46;32;44;22;32;27;22;12;29;0;0;31;0;36;0;44;0;0;0;27;11;0;23;0;33;0;0;10;0;0
24.01.2018;22;0;24;25;18;0;31;0;37;0;36;0;46;0;0;23;0;41;0;42;0;0;0;12;10;0;21;0;26;0;0;10;0;0
24.01.2018;23;0;8;7;23;0;36;0;21;0;14;0;27;0;0;16;0;29;0;30;0;0;0;9;7;0;15;0;17;0;0;5;0;0
24.01.2018;24;0;4;4;11;0;22;0;12;0;7;0;7;0;0;11;0;7;0;22;0;0;0;13;9;0;15;0;12;0;0;5;0;0
25.01.2018;1;0;9;4;11;0;19;0;14;0;6;0;8;0;0;15;0;6;0;15;0;0;0;16;5;0;10;0;12;0;0;4;0;0
25.01.2018;2;0;1;3;20;0;22;0;9;0;8;0;6;0;0;15;0;7;0;27;0;0;0;24;13;0;20;0;14;0;0;9;0;0
25.01.2018;3;0;2;4;27;3;29;0;12;0;9;3;23;0;0;21;0;32;0;41;0;0;0;14;16;0;11;0;14;0;0;14;0;0
25.01.2018;4;0;12;17;27;11;23;6;21;13;14;37;25;0;5;27;0;33;5;41;16;0;0;19;27;0;11;16;21;0;0;18;0;0
25.01.2018;5;0;19;36;47;40;43;32;31;38;25;48;23;0;12;21;0;21;14;31;26;0;0;16;15;0;27;19;14;0;0;14;0;0
25.01.2018;6;0;31;43;47;49;36;33;33;42;39;38;20;0;17;29;0;24;7;28;13;0;0;9;11;0;28;16;27;0;0;8;0;0
25.01.2018;7;0;24;40;48;51;43;33;34;34;30;32;14;0;21;27;0;33;0;25;0;0;0;31;20;0;23;14;29;0;0;12;0;0
25.01.2018;8;0;34;31;48;62;49;36;45;47;30;32;17;0;16;42;0;35;0;34;0;0;0;34;18;0;36;14;33;0;0;8;0;0
25.01.2018;9;0;25;31;37;39;33;36;34;46;28;32;23;0;30;63;0;33;0;46;0;0;0;35;20;0;30;16;35;0;0;21;0;0
25.01.2018;10;0;11;30;37;43;37;27;14;36;22;31;20;0;31;64;0;30;0;34;0;0;0;32;23;0;34;25;21;0;0;34;0;0
25.01.2018;11;0;17;34;38;47;31;37;28;34;30;23;14;0;24;38;0;18;0;21;0;0;0;33;20;0;40;18;18;0;0;23;0;0
25.01.2018;12;0;26;29;39;53;33;39;38;33;23;23;10;0;20;52;0;23;0;25;0;0;15;41;20;0;27;11;25;9;0;16;0;0
25.01.2018;13;0;27;33;39;44;32;36;35;40;29;25;14;0;31;50;0;30;0;44;0;0;12;30;17;0;30;21;19;25;0;30;0;0
25.01.2018;14;0;33;27;46;58;46;36;38;36;24;20;18;0;17;33;0;21;0;37;0;0;21;39;25;0;31;30;22;23;0;19;0;0
25.01.2018;15;0;37;41;45;54;43;46;43;55;40;34;18;0;20;42;0;30;0;33;0;0;19;36;38;0;29;30;28;17;0;21;0;0
25.01.2018;16;0;35;20;46;49;48;38;40;38;17;32;20;0;27;62;0;40;0;40;0;0;12;31;27;0;33;28;23;0;0;28;0;0
25.01.2018;17;0;34;38;50;53;48;33;34;39;28;26;23;0;14;36;0;33;0;30;0;0;0;34;23;0;27;22;20;0;0;24;0;0
25.01.2018;18;0;30;40;56;57;42;28;32;35;35;38;18;0;19;39;0;45;0;47;0;0;0;34;17;0;27;20;12;0;0;23;0;0
25.01.2018;19;0;33;32;62;74;59;35;42;34;26;56;26;0;12;34;0;43;0;55;0;0;0;44;16;0;42;19;17;0;0;20;0;1
25.01.2018;20;0;33;30;56;65;61;36;43;27;23;59;37;0;0;33;0;46;0;52;0;0;0;29;11;0;34;0;29;0;0;20;0;0
25.01.2018;21;1;28;31;40;18;46;8;33;8;31;12;25;0;0;23;0;27;0;38;0;0;0;14;9;0;24;0;25;0;0;10;0;0
25.01.2018;22;1;30;26;25;0;29;0;36;0;37;0;43;0;0;18;0;33;0;39;0;0;0;10;9;0;18;0;25;0;0;7;0;0
25.01.2018;23;0;7;16;20;0;29;0;22;0;18;0;20;0;0;31;0;21;0;33;0;0;0;12;15;0;17;0;23;0;0;11;0;1
25.01.2018;24;0;4;5;6;0;12;0;8;0;8;0;6;0;0;19;0;8;0;16;0;0;0;14;6;0;12;0;14;0;0;2;0;0
26.01.2018;1;0;2;5;12;0;16;0;4;0;3;0;10;0;0;11;0;12;0;16;0;0;0;18;1;0;7;0;9;0;0;3;0;0
26.01.2018;2;0;2;1;19;0;23;0;8;0;11;0;12;0;0;8;0;12;0;19;0;0;0;25;8;0;11;0;19;0;0;6;0;0
26.01.2018;3;0;2;5;30;0;29;0;14;0;13;0;25;0;0;20;0;35;0;36;0;0;0;13;20;0;5;0;20;0;0;19;0;0
26.01.2018;4;0;11;21;34;6;42;5;23;9;21;6;29;0;0;26;0;38;0;30;0;0;0;21;22;0;6;0;24;0;0;19;0;0
26.01.2018;5;0;28;55;45;28;42;37;48;44;30;35;20;0;7;26;0;42;0;49;13;0;0;15;14;0;16;15;21;0;0;19;0;0
26.01.2018;6;0;36;38;51;47;36;37;46;34;31;33;30;0;19;27;0;23;0;24;9;0;0;21;11;0;28;13;22;0;0;14;0;0
26.01.2018;7;0;28;30;48;54;37;40;32;26;23;23;12;0;17;28;0;28;0;29;0;0;0;28;18;0;33;12;22;0;0;12;0;0
26.01.2018;8;0;41;47;52;69;44;46;55;48;45;31;22;0;16;39;0;33;0;40;0;0;0;36;24;0;43;15;37;0;0;8;0;0
26.01.2018;9;0;21;26;38;37;21;32;32;33;18;30;25;0;19;57;0;36;0;39;0;0;0;36;23;0;24;14;33;0;0;17;0;0
26.01.2018;10;0;14;36;34;32;20;24;21;37;30;29;27;0;35;61;0;27;0;27;0;0;7;30;23;0;24;19;25;0;0;31;0;0
26.01.2018;11;0;19;34;42;37;25;39;34;34;31;13;15;0;25;45;0;15;0;20;0;0;21;35;31;0;34;18;21;0;0;30;0;0
26.01.2018;12;0;21;32;44;51;42;36;28;38;26;16;14;0;29;53;4;20;0;25;0;0;22;24;26;0;31;23;26;0;0;25;0;0
26.01.2018;13;0;25;36;47;53;50;31;33;32;27;38;27;0;28;20;23;47;0;51;0;0;19;31;19;0;21;25;17;0;0;33;0;0
26.01.2018;14;0;31;32;50;67;51;51;36;47;27;31;15;0;16;27;21;26;0;29;0;0;24;35;31;0;26;31;19;0;0;23;0;0
26.01.2018;15;0;27;42;53;81;53;44;35;53;45;34;13;0;27;50;2;29;0;36;0;0;26;29;42;0;40;37;41;0;0;26;0;0
26.01.2018;16;0;26;25;50;62;52;33;30;34;19;29;9;0;25;56;0;29;0;35;0;0;11;14;30;0;32;28;29;0;0;29;0;0
26.01.2018;17;0;30;39;55;62;55;37;33;36;31;36;12;0;13;43;0;36;0;35;0;0;0;30;19;0;30;22;25;0;0;20;0;1
26.01.2018;18;1;23;40;57;66;57;33;28;43;41;36;17;0;15;39;0;37;0;48;0;0;0;38;15;0;36;22;17;0;0;15;0;0
26.01.2018;19;0;24;41;57;69;59;30;30;28;34;35;25;0;17;41;0;31;0;33;0;0;0;44;15;0;40;22;9;0;0;25;0;0
26.01.2018;20;0;29;31;56;66;53;47;37;34;32;49;16;0;0;34;0;35;0;45;0;0;0;26;14;0;49;4;29;0;0;25;0;0
26.01.2018;21;0;23;32;41;11;39;9;32;9;37;8;28;0;0;29;0;27;0;39;0;0;0;19;14;0;32;0;29;0;0;15;0;0
26.01.2018;22;0;32;24;21;0;34;0;42;0;32;0;36;0;0;19;0;32;0;42;0;0;0;13;10;0;26;0;25;0;0;10;0;0
26.01.2018;23;0;8;13;20;0;27;0;15;0;15;0;16;0;0;25;0;16;0;29;0;0;0;6;18;0;15;0;19;0;0;15;0;0
26.01.2018;24;0;6;4;8;0;18;0;17;0;12;0;5;0;0;22;0;7;0;16;0;0;0;11;11;0;16;0;14;0;0;10;0;0
27.01.2018;1;0;5;8;15;0;18;0;9;0;11;0;5;0;0;10;0;12;0;15;0;0;0;19;7;0;9;0;15;0;0;7;0;0
27.01.2018;2;0;6;3;20;0;24;0;15;0;17;0;12;0;0;17;0;12;0;22;0;0;0;20;16;0;14;0;28;0;0;13;0;0
27.01.2018;3;0;2;10;32;0;34;0;12;0;18;0;28;0;0;26;0;32;0;36;0;0;0;19;29;0;10;0;21;0;0;20;0;0
27.01.2018;4;0;10;17;36;3;21;6;23;3;29;6;31;0;0;28;0;31;8;36;7;0;0;32;36;0;10;0;29;0;0;18;0;0
27.01.2018;5;0;20;31;47;32;32;28;34;43;30;39;27;0;0;28;0;34;15;28;15;0;0;18;19;0;19;8;27;0;0;16;0;0
27.01.2018;6;0;29;37;44;39;36;33;28;35;30;28;16;0;0;37;0;28;8;19;6;0;0;22;10;0;20;10;26;0;0;15;0;0
27.01.2018;7;0;19;32;46;48;39;39;21;34;31;29;18;0;0;37;0;28;0;31;0;0;0;27;13;0;24;13;21;0;0;8;0;0
27.01.2018;8;0;33;39;41;47;33;35;35;41;32;31;21;0;0;36;0;27;0;34;0;0;0;23;25;0;31;18;31;0;0;10;0;0
27.01.2018;9;0;20;30;37;37;30;31;27;32;24;21;18;0;23;58;0;29;0;37;0;0;0;33;25;0;29;13;22;0;0;16;0;0
27.01.2018;10;0;15;34;44;40;35;26;15;37;28;30;27;0;25;55;0;23;0;30;0;0;0;41;27;0;25;25;18;0;0;23;0;0
27.01.2018;11;0;17;35;39;47;33;43;29;36;30;21;14;0;21;47;0;20;0;17;0;0;0;33;29;0;30;21;22;0;0;23;0;0
27.01.2018;12;0;21;30;42;44;38;46;31;32;30;24;6;0;25;53;0;23;0;19;0;0;5;36;34;0;18;19;22;0;0;22;0;0
27.01.2018;13;0;23;32;41;60;50;44;24;43;30;30;19;0;24;46;0;30;0;31;0;0;16;33;30;0;27;23;21;0;0;24;0;0
27.01.2018;14;0;22;28;43;57;48;35;24;35;23;25;6;0;14;29;0;24;0;29;0;0;18;30;31;0;30;16;16;0;0;12;0;0
27.01.2018;15;0;24;30;46;56;43;42;33;50;30;34;16;0;24;40;0;25;0;37;0;0;30;32;29;0;24;29;25;0;0;19;0;0
27.01.2018;16;0;35;30;48;60;46;52;38;40;22;36;13;0;29;55;0;33;0;37;0;0;20;17;30;0;35;22;22;0;0;28;30;0
27.01.2018;17;0;27;35;44;44;44;45;34;38;30;22;9;0;15;43;0;22;0;23;0;0;3;32;24;0;29;26;19;0;0;24;47;0
27.01.2018;18;0;24;35;49;60;47;32;25;34;36;27;6;0;17;37;0;28;0;31;0;0;0;28;23;0;36;20;12;0;0;17;29;0
27.01.2018;19;0;19;32;65;69;61;35;22;25;28;32;6;0;21;37;0;27;0;33;0;0;0;43;13;0;29;24;10;0;0;21;55;0
27.01.2018;20;0;28;26;74;69;66;34;31;18;23;44;7;0;5;31;0;40;0;46;0;0;0;35;9;0;31;5;24;0;0;22;12;0
27.01.2018;21;0;18;18;42;21;34;2;36;3;28;7;26;0;0;30;0;25;0;37;0;0;0;24;12;0;22;0;31;0;0;22;0;0
27.01.2018;22;0;29;17;31;0;36;0;39;0;26;0;38;0;0;24;0;32;0;36;0;0;0;17;8;0;23;0;26;0;0;10;0;0
27.01.2018;23;0;8;10;24;0;29;0;22;0;9;0;20;0;0;27;0;28;0;40;0;0;0;16;14;0;19;0;20;0;0;9;0;0
27.01.2018;24;0;6;11;11;0;17;0;14;0;10;0;8;0;0;17;0;6;0;18;0;0;0;11;10;0;20;0;16;0;0;6;0;0
28.01.2018;1;0;1;9;12;0;16;0;3;0;6;0;7;0;0;15;0;8;0;13;0;0;0;16;3;0;8;0;9;0;0;6;0;0
28.01.2018;2;0;2;1;21;0;25;0;12;0;9;0;12;0;0;17;0;13;0;19;0;0;0;21;11;0;10;0;21;0;0;11;0;0
28.01.2018;3;0;6;3;31;0;21;0;14;0;12;0;25;0;0;24;0;30;0;38;0;0;0;21;21;0;15;0;18;0;0;20;0;0
28.01.2018;4;0;7;10;38;0;20;0;21;0;25;0;33;0;0;24;0;36;0;39;11;0;0;19;24;0;16;0;27;0;0;20;0;0
28.01.2018;5;0;20;27;43;17;23;27;34;33;28;28;30;0;16;27;0;37;0;40;12;0;0;11;11;0;13;15;21;0;0;14;0;0
28.01.2018;6;0;28;33;44;34;37;31;28;36;29;23;14;0;15;26;0;36;0;36;0;0;0;18;7;0;23;11;25;0;0;11;0;0
28.01.2018;7;0;16;27;45;44;42;33;22;30;24;25;13;0;20;34;0;25;0;27;0;0;0;28;16;0;25;17;25;0;0;8;0;0
28.01.2018;8;1;32;41;48;56;40;35;37;41;32;31;22;0;21;41;0;28;0;30;0;0;0;27;18;0;30;12;34;0;0;10;0;0
28.01.2018;9;0;23;23;47;37;39;33;36;33;21;21;17;0;29;67;0;27;0;34;0;0;0;36;20;0;22;13;32;0;0;21;0;0
28.01.2018;10;0;11;34;41;28;37;26;11;36;31;22;20;0;32;50;28;20;0;23;0;0;0;32;29;0;20;28;21;0;0;33;0;0
28.01.2018;11;0;14;33;43;38;34;38;21;33;29;18;13;0;26;37;0;19;0;17;0;0;0;33;36;0;25;13;23;0;0;26;0;0
28.01.2018;12;0;21;31;41;50;37;44;35;30;26;33;15;0;31;31;33;26;0;21;0;0;17;31;31;0;15;17;25;7;0;27;0;0
28.01.2018;13;1;30;32;51;66;49;58;36;40;23;31;18;0;28;16;36;28;0;33;0;0;22;28;26;7;23;26;24;15;0;35;0;0
28.01.2018;14;0;30;30;52;64;50;44;36;29;24;24;12;0;13;17;21;23;0;31;0;0;25;40;13;14;26;19;18;17;0;17;8;0
28.01.2018;15;0;36;39;49;62;45;65;54;47;39;36;13;0;27;21;30;36;0;46;0;0;40;40;25;11;31;27;30;20;0;18;27;0
28.01.2018;16;0;36;20;49;66;49;48;39;38;19;42;9;0;30;29;30;42;0;49;0;0;21;17;28;0;27;23;24;19;0;27;17;0
28.01.2018;17;0;34;35;52;70;55;38;35;41;38;38;10;0;20;36;16;29;0;33;0;0;15;23;25;0;29;20;19;7;0;26;5;0
28.01.2018;18;0;20;42;58;68;55;33;29;51;48;51;16;0;12;31;0;46;0;54;0;0;12;21;16;0;46;20;16;0;0;10;0;0
28.01.2018;19;0;18;43;58;59;53;26;26;34;41;35;15;0;24;43;0;30;0;34;0;0;14;34;13;0;35;15;12;0;0;19;0;0
28.01.2018;20;0;29;37;58;63;63;43;38;25;33;52;13;0;11;31;0;46;0;56;0;0;0;31;10;0;42;15;21;0;0;26;0;0
28.01.2018;21;1;22;25;46;23;44;21;27;14;18;20;12;0;0;29;0;27;0;40;0;0;0;22;12;0;21;0;22;0;0;14;0;0
28.01.2018;22;0;24;30;22;0;40;0;26;0;38;0;39;0;0;22;0;33;0;39;0;0;0;19;9;0;21;0;20;0;0;11;0;0
28.01.2018;23;0;18;12;21;0;34;0;23;0;18;0;25;0;0;20;0;29;0;41;0;0;0;15;11;0;19;0;25;0;0;9;0;0
28.01.2018;24;0;6;6;15;0;26;0;14;0;13;0;11;0;0;20;0;13;0;26;0;0;0;15;14;0;16;0;21;0;0;9;0;0
29.01.2018;1;0;7;6;13;0;19;0;12;0;5;0;8;0;0;15;0;8;0;12;0;0;0;17;6;0;10;0;12;0;0;9;0;0
29.01.2018;2;0;6;1;16;0;24;0;18;0;12;0;10;0;0;13;0;12;0;19;0;0;0;19;14;0;9;0;17;0;0;12;0;0
29.01.2018;3;0;7;4;34;0;40;0;17;0;10;0;24;0;0;22;0;36;0;42;0;0;0;17;18;0;8;0;17;0;0;15;0;0
29.01.2018;4;0;8;17;36;14;42;0;24;0;24;14;33;0;0;25;0;27;8;34;25;0;0;25;21;0;17;0;23;0;0;15;0;0
29.01.2018;5;0;22;33;47;47;40;24;25;33;28;46;29;0;3;19;0;24;12;31;29;0;0;14;9;0;27;12;16;0;0;15;0;0
29.01.2018;6;1;30;36;46;55;42;30;28;32;27;37;29;0;14;24;0;23;0;29;13;0;0;15;4;0;30;6;21;0;0;9;0;0
29.01.2018;7;0;22;40;46;65;44;32;29;40;45;41;21;0;20;34;6;33;0;31;0;0;0;22;9;0;33;8;26;0;0;8;0;1
29.01.2018;8;0;27;39;51;72;51;26;29;45;44;41;29;0;16;14;21;34;0;36;0;0;0;34;15;0;33;12;33;0;0;6;0;0
29.01.2018;9;0;27;32;46;54;49;32;33;36;26;36;19;0;28;20;37;35;0;38;0;0;0;34;23;0;24;16;38;0;0;17;0;1
29.01.2018;10;0;11;33;43;70;49;33;14;48;31;23;10;0;30;30;39;25;0;26;0;0;8;25;22;0;27;26;27;15;0;21;0;0
29.01.2018;11;0;19;34;44;63;43;30;21;46;30;32;17;0;28;22;25;19;0;25;0;0;9;19;18;0;35;20;32;15;0;23;0;0
29.01.2018;12;0;28;26;51;58;45;29;30;25;19;36;18;0;24;25;27;26;0;24;0;0;14;17;14;0;23;11;27;14;0;21;0;0
29.01.2018;13;0;23;29;53;55;40;34;28;30;24;36;26;0;23;16;28;33;0;35;0;0;20;21;18;0;21;21;17;5;0;29;0;0
29.01.2018;14;1;23;39;53;49;46;25;22;40;21;30;26;0;12;13;22;32;0;41;0;0;20;33;19;0;37;28;15;0;0;16;0;0
29.01.2018;15;1;26;59;49;76;50;36;29;48;35;36;16;0;24;19;28;27;0;36;0;0;30;39;28;0;34;27;30;0;0;19;0;0
29.01.2018;16;0;37;38;50;65;42;41;40;44;30;41;19;0;23;39;23;30;0;35;0;0;22;14;27;0;35;25;27;0;0;21;0;0
29.01.2018;17;0;29;61;51;48;43;26;24;29;35;36;16;0;15;41;0;28;0;32;0;0;10;14;13;0;28;22;19;0;0;15;0;0
29.01.2018;18;0;24;40;44;46;38;19;24;34;32;36;14;0;14;34;0;33;0;39;0;0;9;24;13;0;31;21;13;0;0;12;0;0
29.01.2018;19;0;22;39;57;48;48;24;25;28;31;32;20;0;20;43;0;25;0;30;0;0;0;37;9;0;27;21;15;0;0;24;0;0
29.01.2018;20;0;25;33;64;58;47;39;30;20;28;50;25;0;6;27;0;39;0;45;0;0;0;35;8;0;30;12;19;0;0;24;0;0
29.01.2018;21;1;31;19;46;24;37;18;34;12;25;26;17;0;0;21;0;28;0;40;0;0;0;17;13;0;28;0;22;0;0;15;0;0
29.01.2018;22;0;20;23;29;0;23;0;31;0;28;0;43;0;0;20;0;36;0;39;0;0;0;13;8;0;22;0;25;0;0;6;0;0
29.01.2018;23;0;12;6;22;0;21;0;19;0;12;0;22;0;0;19;0;26;0;40;0;0;0;9;11;0;21;0;19;0;0;7;0;0
29.01.2018;24;0;5;3;13;0;17;0;9;0;8;0;8;0;0;16;0;8;0;25;0;0;0;10;5;0;20;0;14;0;0;8;0;0
30.01.2018;1;0;5;2;15;0;17;0;6;0;0;0;3;0;0;8;0;3;0;6;0;0;0;17;0;0;6;0;5;0;0;1;0;0
30.01.2018;2;0;4;2;12;0;18;0;11;0;10;0;10;0;0;9;0;8;0;14;0;0;0;15;8;0;9;0;15;0;0;6;0;0
30.01.2018;3;0;2;8;26;0;30;0;10;0;19;0;20;0;0;21;0;30;0;44;0;0;0;15;15;0;13;0;23;0;0;11;0;0
30.01.2018;4;0;9;16;36;3;38;1;21;8;27;5;32;0;0;32;0;46;0;42;0;0;0;18;19;0;13;0;28;0;0;12;0;0
30.01.2018;5;1;18;32;43;29;42;12;24;41;34;35;22;0;5;23;0;46;0;45;0;0;0;10;12;0;20;6;16;0;0;15;0;0
30.01.2018;6;1;25;58;44;49;42;32;23;36;30;28;17;0;15;24;0;31;0;29;0;0;0;15;9;0;27;10;18;0;0;15;0;0
30.01.2018;7;0;21;35;46;57;48;28;23;32;18;26;19;0;22;32;0;22;0;24;0;0;0;24;13;0;27;13;24;0;0;14;0;0
30.01.2018;8;0;29;29;46;55;41;19;28;29;16;24;18;0;12;27;13;22;0;22;0;0;0;22;14;0;28;11;23;0;0;10;0;0
30.01.2018;9;0;29;30;40;45;38;27;33;44;21;21;12;0;26;20;33;30;0;35;0;0;0;29;19;0;26;17;30;0;0;15;0;0
30.01.2018;10;0;14;35;41;52;41;32;15;43;29;22;12;0;33;18;43;23;0;29;0;0;0;31;28;0;29;21;21;0;0;34;0;0
30.01.2018;11;2;17;45;43;48;42;28;18;33;23;15;15;0;26;15;24;11;0;11;0;0;0;25;16;0;32;14;22;0;0;26;0;0
30.01.2018;12;0;20;22;36;47;36;33;24;25;17;20;14;0;22;20;17;17;0;15;0;0;15;20;19;0;25;10;20;0;0;22;0;0
30.01.2018;13;0;24;26;40;48;38;28;23;23;26;25;13;0;22;23;19;25;0;22;0;0;16;23;16;0;19;17;16;0;0;23;0;0
30.01.2018;14;0;24;27;41;50;35;42;25;35;19;27;18;0;12;14;13;22;0;29;0;0;19;30;24;0;35;25;11;0;0;15;0;0
30.01.2018;15;0;24;33;45;69;46;34;25;42;26;24;15;0;26;17;24;18;0;29;0;0;31;32;28;0;33;30;29;0;0;22;4;0
30.01.2018;16;0;29;22;48;65;44;36;28;43;22;40;15;0;25;22;29;34;0;43;0;0;20;17;21;0;35;28;26;0;0;21;39;0
30.01.2018;17;0;34;31;44;52;46;31;31;33;28;33;16;0;15;34;7;31;0;30;0;0;2;26;9;0;28;22;17;0;0;16;32;0
30.01.2018;18;0;28;38;54;55;47;32;30;40;40;26;13;0;14;35;0;29;0;27;0;0;0;31;14;0;30;21;11;0;0;11;5;0
30.01.2018;19;1;19;28;51;57;50;31;23;24;20;29;24;0;18;36;0;29;0;38;0;0;0;36;12;0;28;13;12;0;0;14;0;0
30.01.2018;20;0;31;25;51;60;40;43;32;25;23;48;21;0;11;34;0;46;0;51;0;0;0;33;12;0;42;12;20;0;0;18;0;0
30.01.2018;21;0;26;18;47;22;49;15;32;17;25;16;22;0;0;28;0;30;0;52;0;0;0;27;14;0;32;0;30;0;0;17;0;0
30.01.2018;22;0;25;24;31;0;38;0;26;0;28;0;37;0;0;24;0;23;0;31;0;0;0;20;5;0;24;0;24;0;0;9;0;0
30.01.2018;23;0;11;9;31;0;28;0;16;0;20;0;31;0;0;21;0;29;0;36;0;0;0;11;7;0;16;0;21;0;0;8;0;0
30.01.2018;24;0;6;9;19;0;23;0;11;0;11;0;9;0;0;12;0;9;0;22;0;0;0;11;7;0;24;0;16;0;0;4;0;0
31.01.2018;1;0;2;7;11;0;15;0;6;0;9;0;8;0;0;13;0;4;0;7;0;0;0;14;4;0;5;0;10;0;0;4;0;0
31.01.2018;2;0;4;2;19;0;24;0;12;0;9;0;9;0;0;16;0;12;0;26;0;0;0;15;13;0;15;0;17;0;0;6;0;0
31.01.2018;3;0;4;6;25;21;27;0;13;0;16;0;28;0;0;29;0;31;0;35;0;0;0;22;27;0;11;0;21;0;0;22;0;0
31.01.2018;4;0;10;16;34;37;32;9;28;16;24;10;24;0;1;31;0;36;5;41;11;0;0;19;30;0;9;13;17;0;0;17;0;0
31.01.2018;5;0;22;23;38;34;29;29;25;48;28;39;14;0;11;18;0;29;12;28;21;0;0;14;14;0;13;17;10;0;0;14;0;0
31.01.2018;6;0;28;27;40;35;31;21;24;44;30;38;17;0;11;22;0;26;7;24;13;0;0;11;4;0;24;6;18;0;0;12;0;0
31.01.2018;7;0;22;32;45;52;42;28;24;39;35;33;18;0;21;35;0;23;0;24;0;0;0;16;10;0;31;12;23;0;0;12;0;0
31.01.2018;8;0;29;38;46;57;39;20;25;39;30;36;18;0;10;21;9;31;0;33;0;0;0;29;12;0;32;10;23;0;0;3;0;0
31.01.2018;9;0;30;27;42;57;47;28;29;40;33;41;27;0;21;19;39;33;0;37;0;0;0;36;17;0;32;13;32;0;0;11;0;0
31.01.2018;10;0;17;34;48;52;43;41;19;45;28;27;18;0;31;26;40;28;0;32;0;0;0;25;23;0;25;28;28;0;0;24;0;0
31.01.2018;11;0;21;31;37;60;34;29;25;39;28;27;13;0;24;17;34;25;0;30;0;0;0;32;19;0;40;15;24;0;0;18;0;0
31.01.2018;12;0;25;27;35;64;35;35;27;38;17;31;19;0;27;22;27;27;0;21;0;0;9;32;22;0;28;23;22;0;0;22;0;0
31.01.2018;13;1;21;34;59;54;43;40;30;46;31;34;28;0;25;28;28;30;0;35;0;0;17;26;21;0;23;30;23;3;0;27;0;0
31.01.2018;14;1;30;15;61;60;56;48;40;38;13;31;18;0;21;44;0;27;0;36;0;0;17;38;29;0;29;21;17;22;0;27;0;0
31.01.2018;15;0;32;29;44;57;44;49;40;63;29;33;13;0;23;43;0;25;0;33;0;0;22;33;36;0;31;32;21;15;0;22;0;0
31.01.2018;16;0;32;41;56;64;55;54;41;50;36;34;18;0;25;48;0;26;0;30;0;0;22;19;26;0;34;23;21;0;0;27;0;0
31.01.2018;17;0;33;40;46;51;32;30;39;44;35;32;23;0;22;51;0;27;0;33;0;0;13;26;19;0;33;28;20;0;0;25;0;0
31.01.2018;18;0;25;39;56;50;41;27;34;40;29;29;21;0;21;44;0;33;0;35;0;0;0;30;21;0;33;23;20;0;0;22;0;0
31.01.2018;19;0;24;48;51;57;44;31;30;29;25;26;17;0;19;43;0;30;0;31;0;0;0;41;13;0;31;19;24;0;0;26;0;0
31.01.2018;20;0;22;44;64;60;60;37;31;26;19;57;31;0;0;38;0;50;0;41;0;0;0;34;8;0;35;1;28;0;0;21;0;0
31.01.2018;21;0;31;48;41;25;36;26;41;32;25;31;31;0;0;31;0;36;0;42;0;0;0;24;15;0;27;0;37;0;0;15;0;0
31.01.2018;22;0;28;21;23;0;35;0;33;0;20;0;41;0;0;22;0;33;0;37;0;0;0;9;9;0;22;0;24;0;0;10;0;0
31.01.2018;23;0;13;12;20;0;24;0;22;0;17;0;22;0;0;19;0;27;0;33;0;0;0;10;14;0;18;0;19;0;0;10;0;0
31.01.2018;24;0;5;5;11;0;18;0;11;0;11;0;10;0;0;17;0;10;0;21;0;0;0;12;5;0;12;0;14;0;0;5;0;0
;;;;;;;;;;;;;;;;;;;;;;;;;;;;;;;;;;
