01.07.2016;1;0;0;19;0;22;15;9;20;0;15;5;16;5;0;33;0;17;0;20;0;17;31;0;0;0;0;0;0;0;0;18;0
01.07.2016;2;0;0;26;0;26;15;16;13;0;29;4;9;13;0;26;0;18;0;11;0;12;21;0;0;0;0;0;0;0;1;13;0
01.07.2016;3;0;0;25;0;35;24;19;12;0;25;3;13;17;0;26;0;14;0;11;0;16;29;0;0;0;0;0;0;0;1;20;0
01.07.2016;4;0;0;35;9;44;28;20;31;5;39;11;32;14;0;37;0;30;0;44;0;37;21;0;0;0;0;0;0;5;0;40;0
01.07.2016;5;0;25;43;19;29;15;20;22;13;42;25;36;24;36;43;20;31;33;40;31;27;18;0;0;0;0;0;0;16;0;29;0
01.07.2016;6;0;18;27;0;30;10;36;26;11;46;25;45;19;54;32;26;24;38;36;37;30;27;0;0;0;0;0;0;5;1;24;0
01.07.2016;7;0;32;41;0;30;16;20;38;14;44;26;40;16;59;38;26;26;42;33;27;26;30;0;0;0;16;0;1;0;0;22;1
01.07.2016;8;0;22;40;0;26;21;17;25;15;41;36;45;17;57;39;33;36;39;32;34;33;32;0;0;0;15;0;12;0;0;25;0
01.07.2016;9;0;29;38;0;34;19;32;33;21;31;32;41;20;60;36;5;43;44;37;10;25;41;12;0;10;1;0;21;0;1;25;0
01.07.2016;10;2;39;42;0;26;22;31;28;12;37;23;45;28;46;34;0;45;36;36;0;24;24;17;0;21;0;0;24;0;3;22;0
01.07.2016;11;0;46;52;0;20;26;25;30;20;31;28;41;36;47;30;17;45;45;43;0;32;26;23;0;17;9;0;19;0;1;20;0
01.07.2016;12;0;28;37;0;17;20;25;29;18;42;29;39;22;61;41;44;33;44;35;0;19;27;20;18;16;13;0;13;0;0;10;0
01.07.2016;13;0;30;43;0;35;14;22;30;19;47;31;43;3;66;46;42;38;42;36;0;28;31;17;16;11;25;0;13;0;1;23;0
01.07.2016;14;0;20;44;0;35;21;20;25;21;52;37;37;4;69;51;46;38;44;42;0;29;37;25;14;19;23;0;10;0;0;26;0
01.07.2016;15;0;34;47;0;27;21;24;38;32;44;30;49;6;70;45;48;31;65;41;0;32;21;23;19;21;24;0;15;0;2;20;2
01.07.2016;16;0;29;42;0;28;18;26;30;23;45;30;34;16;59;42;44;36;46;34;0;35;23;19;4;9;14;0;18;0;0;25;1
01.07.2016;17;1;19;43;0;31;18;28;25;21;37;28;47;16;65;34;39;28;55;40;31;31;26;18;0;5;0;0;7;0;0;30;1
01.07.2016;18;1;26;57;0;37;19;34;20;26;45;37;48;19;67;50;40;40;46;37;48;32;21;19;0;0;0;0;0;0;0;37;0
01.07.2016;19;0;20;46;0;37;15;31;18;25;41;29;48;20;54;34;38;32;48;39;47;27;29;9;0;0;0;0;0;0;1;36;1
01.07.2016;20;0;9;41;0;36;16;22;24;5;40;16;37;21;33;38;22;22;15;20;36;42;34;0;0;0;0;0;0;0;1;39;1
01.07.2016;21;0;0;39;0;32;21;21;42;0;37;23;47;16;0;45;0;35;0;44;0;34;24;0;0;0;0;0;0;0;0;28;1
01.07.2016;22;0;0;31;0;33;18;24;32;0;28;17;36;14;0;34;0;30;0;28;0;43;13;0;0;0;0;0;0;0;0;30;0
01.07.2016;23;0;0;30;0;28;17;13;30;0;24;14;26;13;0;31;0;22;0;25;0;39;12;0;0;0;0;0;0;0;0;32;1
01.07.2016;24;0;0;23;0;27;22;23;26;0;14;9;23;19;0;30;0;26;0;26;0;14;12;0;0;0;0;0;0;0;0;18;1
02.07.2016;1;0;0;22;0;12;19;13;22;0;16;14;8;11;0;30;0;27;0;13;0;11;28;0;0;0;0;0;0;0;0;7;0
02.07.2016;2;0;0;28;0;24;23;22;28;0;24;7;9;17;0;30;0;24;0;10;0;12;19;0;0;0;0;0;0;0;0;15;0
02.07.2016;3;0;0;23;0;38;37;15;20;0;29;8;17;16;0;37;0;32;0;23;0;26;23;0;0;0;0;0;0;0;1;29;0
02.07.2016;4;0;0;35;7;43;31;14;29;0;38;10;29;14;4;44;2;31;5;38;5;37;24;0;0;0;0;0;0;8;0;42;0
02.07.2016;5;0;21;30;13;35;16;24;26;13;38;25;43;16;36;35;29;27;43;41;39;29;15;0;0;0;0;0;0;17;0;28;0
02.07.2016;6;0;24;32;10;25;19;23;22;9;48;24;38;19;51;39;32;27;43;37;41;25;23;0;2;0;4;0;3;11;1;24;2
02.07.2016;7;0;21;28;0;38;14;11;26;10;29;16;41;1;48;27;21;25;30;35;9;26;27;6;6;3;15;0;7;0;1;29;0
02.07.2016;8;0;17;38;0;26;13;11;29;6;48;34;42;1;63;51;26;36;42;37;0;44;32;8;12;3;11;0;5;0;0;27;0
02.07.2016;9;1;26;41;0;27;19;17;30;19;27;26;43;1;37;31;31;37;49;52;0;23;24;9;18;9;13;0;18;0;1;19;1
02.07.2016;10;0;40;43;0;17;23;12;34;21;36;29;41;1;49;38;40;38;45;39;0;23;27;21;24;18;10;0;32;0;1;17;0
02.07.2016;11;0;31;40;0;27;30;18;22;25;30;19;40;1;56;24;48;23;57;38;20;32;26;19;26;27;16;0;21;0;0;20;0
02.07.2016;12;0;32;37;0;25;26;26;32;16;30;22;32;8;54;30;26;23;39;31;28;15;30;19;13;21;14;0;14;0;1;15;0
02.07.2016;13;0;31;46;0;32;20;24;31;20;54;26;38;5;62;48;37;31;49;36;26;11;35;17;21;8;27;0;11;0;0;15;0
02.07.2016;14;0;32;44;0;27;25;28;30;24;41;33;32;6;60;37;48;34;49;31;28;9;32;27;24;12;19;0;21;0;0;18;0
02.07.2016;15;0;31;40;0;32;21;19;32;28;47;25;38;5;59;41;52;36;57;33;24;10;19;21;21;10;19;0;13;0;0;22;0
02.07.2016;16;0;25;55;0;29;19;24;32;22;43;25;40;16;62;39;38;29;41;31;31;18;22;15;9;12;8;0;12;0;1;25;1
02.07.2016;17;0;20;51;0;29;18;16;26;25;37;20;41;20;45;35;26;26;40;33;35;24;22;15;0;0;0;0;0;0;0;28;0
02.07.2016;18;0;15;41;0;29;20;18;12;21;49;26;34;13;52;48;25;31;37;28;29;15;29;15;0;0;0;0;0;0;1;31;0
02.07.2016;19;0;23;48;0;37;17;25;21;26;38;28;32;24;52;39;31;31;36;21;39;23;26;4;0;0;0;0;0;0;1;32;0
02.07.2016;20;0;0;45;0;38;17;20;31;0;41;28;39;23;37;37;30;28;29;26;36;20;20;0;0;0;0;0;0;0;1;38;0
02.07.2016;21;0;0;35;0;33;21;24;35;0;36;18;31;18;22;43;20;36;17;29;11;16;18;0;0;0;0;0;0;0;0;23;0
02.07.2016;22;0;0;21;0;30;14;18;31;0;26;16;31;8;0;33;0;26;0;33;0;34;17;0;0;0;0;0;0;0;0;28;1
02.07.2016;23;0;0;24;0;30;15;10;23;0;23;12;16;7;0;31;0;24;0;18;0;29;20;0;0;0;0;0;0;0;0;33;0
02.07.2016;24;0;0;22;0;25;17;19;22;0;15;8;17;9;0;27;0;24;0;18;0;9;15;0;0;0;0;0;0;0;0;12;0
03.07.2016;1;0;0;25;0;12;17;10;24;0;16;5;13;13;0;26;0;16;0;20;0;10;27;0;0;0;0;0;0;0;0;7;0
03.07.2016;2;0;0;17;0;21;18;19;26;0;25;3;11;13;0;33;0;22;0;26;0;16;20;0;0;0;0;0;0;0;1;12;0
03.07.2016;3;0;0;24;0;29;29;11;32;0;24;7;18;13;0;12;0;28;0;35;0;18;20;0;0;0;0;0;0;0;1;24;0
03.07.2016;4;0;0;38;0;40;29;13;25;0;32;7;29;14;3;22;4;22;12;35;11;32;20;0;0;0;0;0;0;2;0;37;0
03.07.2016;5;0;7;35;11;38;10;22;32;4;42;27;32;20;30;37;18;33;44;32;38;27;18;0;0;0;0;0;0;15;0;31;0
03.07.2016;6;0;24;31;0;31;11;24;28;10;38;27;31;21;38;30;23;25;39;27;36;26;21;0;0;0;0;0;0;4;1;29;0
03.07.2016;7;0;28;30;0;36;14;19;35;8;40;17;48;4;51;31;25;23;42;40;34;30;22;0;7;5;13;0;8;0;0;30;0
03.07.2016;8;0;26;42;0;28;18;12;32;11;46;32;40;2;55;45;41;34;37;27;40;25;33;2;14;8;9;0;14;0;0;29;0
03.07.2016;9;0;32;40;0;33;15;13;30;18;33;30;39;1;44;29;30;33;38;31;19;12;28;13;18;12;12;0;21;0;0;23;1
03.07.2016;10;0;38;51;0;19;18;11;27;21;36;22;32;3;43;32;33;26;38;25;26;19;19;13;30;24;14;0;25;0;1;19;0
03.07.2016;11;0;37;36;0;23;28;13;34;23;40;24;49;5;56;36;51;31;53;48;29;7;26;24;27;16;14;0;16;0;1;21;0
03.07.2016;12;0;21;32;0;24;28;18;28;15;44;17;37;6;51;38;37;18;37;35;19;13;29;23;19;23;9;0;10;0;0;14;1
03.07.2016;13;0;40;41;0;39;10;22;36;17;43;22;36;30;55;36;37;27;44;36;35;20;33;18;6;14;21;0;18;0;0;29;2
03.07.2016;14;0;31;41;0;27;26;27;28;28;28;28;39;26;48;32;44;33;48;37;31;21;36;26;0;16;20;0;16;0;0;22;2
03.07.2016;15;0;32;46;0;24;24;20;34;36;48;28;35;31;55;46;47;32;64;38;25;12;27;25;0;18;23;0;17;0;1;27;1
03.07.2016;16;0;22;43;0;37;30;24;28;22;49;29;36;20;55;47;27;32;41;39;31;20;24;29;0;11;14;0;14;0;0;26;0
03.07.2016;17;0;18;30;0;42;29;28;25;21;51;23;44;18;49;38;34;32;45;35;31;24;29;24;0;0;0;0;6;0;0;33;0
03.07.2016;18;0;26;47;0;29;23;26;25;19;43;27;44;17;68;42;41;35;40;39;29;20;36;27;0;0;0;0;16;0;0;27;0
03.07.2016;19;0;35;56;0;32;15;32;23;24;42;28;43;29;60;37;43;37;45;32;33;19;10;24;0;0;0;0;0;0;1;31;0
03.07.2016;20;0;17;52;0;36;17;24;22;14;33;35;44;23;50;37;43;37;35;27;47;23;26;8;0;0;0;0;0;0;1;38;2
03.07.2016;21;0;0;32;0;34;16;24;30;0;31;23;39;18;20;45;11;34;14;32;11;31;21;0;0;0;0;0;0;0;0;29;0
03.07.2016;22;0;0;30;0;40;17;20;28;0;23;17;33;12;0;46;0;25;0;26;0;37;18;0;0;0;0;0;0;0;0;41;0
03.07.2016;23;0;0;31;0;41;20;22;28;0;22;18;23;13;0;40;0;32;0;24;0;36;20;0;0;0;0;0;0;0;0;38;0
03.07.2016;24;0;0;24;0;27;14;17;19;0;12;8;13;12;0;20;0;15;0;18;0;13;12;0;0;0;0;0;0;0;0;19;1
04.07.2016;1;0;0;21;0;15;16;11;21;0;21;7;15;5;0;35;0;25;0;23;0;16;28;0;0;0;0;0;0;0;0;13;1
04.07.2016;2;0;0;21;0;19;23;11;24;0;24;5;10;10;0;26;0;23;0;20;0;18;15;0;0;0;0;0;0;0;0;18;0
04.07.2016;3;0;0;22;0;35;25;9;21;0;26;6;12;12;0;22;0;26;0;21;0;21;16;0;0;0;0;0;0;0;1;29;0
04.07.2016;4;0;5;30;9;46;25;22;20;8;34;7;31;13;8;37;4;24;15;37;10;32;24;0;0;0;0;0;0;10;0;34;0
04.07.2016;5;0;29;37;18;29;14;19;28;16;40;29;39;23;44;38;30;32;46;40;45;19;21;0;0;0;0;0;0;22;0;30;0
04.07.2016;6;0;18;28;2;26;11;26;24;7;43;28;39;22;50;34;26;27;35;34;42;31;18;0;0;0;0;0;2;6;1;26;1
04.07.2016;7;0;25;33;0;28;19;25;38;10;43;23;47;8;52;38;28;28;44;39;27;32;28;0;0;0;0;0;9;0;0;24;3
04.07.2016;8;0;23;45;0;22;18;24;27;14;42;30;49;14;52;42;16;41;39;44;31;29;30;0;0;0;0;0;10;0;0;26;4
04.07.2016;9;1;33;44;0;33;15;29;29;18;31;30;32;29;53;43;0;48;37;34;26;16;41;1;0;13;0;0;20;0;2;30;2
04.07.2016;10;1;33;42;0;19;24;24;22;16;33;18;39;37;38;32;0;37;34;31;19;14;33;16;0;31;0;0;24;0;1;16;1
04.07.2016;11;0;37;47;0;23;15;29;29;21;37;19;38;36;42;39;0;48;37;35;19;16;26;17;0;16;13;0;13;0;3;18;1
04.07.2016;12;0;28;29;0;19;19;40;30;17;38;22;33;22;55;30;15;41;36;30;25;18;29;25;9;19;18;0;10;0;1;16;3
04.07.2016;13;0;41;44;0;32;9;36;49;22;49;33;38;4;70;50;40;38;51;39;34;17;31;20;18;10;22;0;16;0;0;20;3
04.07.2016;14;0;26;39;0;28;19;25;40;29;45;32;33;7;60;48;52;32;48;29;18;14;37;32;18;15;14;0;19;0;0;18;3
04.07.2016;15;0;22;40;0;29;14;25;35;37;51;25;41;7;70;45;45;31;69;37;32;12;25;28;13;16;26;0;19;0;2;23;2
04.07.2016;16;0;33;52;0;33;16;20;41;23;45;37;38;3;61;43;44;42;51;31;38;19;26;17;13;12;12;0;12;0;0;32;1
04.07.2016;17;0;28;38;0;32;15;27;31;13;41;32;40;10;53;37;38;38;30;34;30;14;31;14;5;9;0;0;6;0;0;34;2
04.07.2016;18;0;21;44;0;37;19;21;18;25;49;32;39;14;55;38;25;37;35;35;45;25;20;22;0;0;0;0;0;0;0;42;1
04.07.2016;19;0;22;49;0;39;15;26;20;30;44;25;42;15;53;38;27;28;42;30;44;19;30;15;0;0;0;0;0;0;1;34;3
04.07.2016;20;0;16;39;0;44;15;24;25;11;40;22;44;15;55;42;31;26;31;24;44;26;27;0;0;0;0;0;0;0;1;43;0
04.07.2016;21;0;0;33;0;41;16;26;41;0;33;22;42;15;14;48;10;41;12;42;14;37;25;0;0;0;0;0;0;0;0;31;0
04.07.2016;22;0;0;27;0;39;15;23;32;0;27;24;31;12;0;49;0;36;0;33;0;39;25;0;0;0;0;0;0;0;1;35;0
04.07.2016;23;0;0;31;0;36;14;13;26;0;20;17;18;14;0;37;0;26;0;16;0;30;16;0;0;0;0;0;0;0;0;33;0
04.07.2016;24;0;0;19;0;21;9;16;17;0;9;9;16;3;0;20;0;17;0;16;0;9;9;0;0;0;0;0;0;0;0;15;0
05.07.2016;1;0;0;20;0;8;10;4;18;0;13;2;5;5;0;24;0;8;0;13;0;8;24;0;0;0;0;0;0;0;0;8;0
05.07.2016;2;0;0;16;0;20;17;10;21;0;23;4;7;11;0;23;0;18;0;17;0;13;14;0;0;0;0;0;0;0;1;14;0
05.07.2016;3;0;0;20;0;33;27;13;27;0;22;6;17;9;0;18;0;26;0;31;0;20;21;0;0;0;0;0;0;0;1;23;0
05.07.2016;4;0;0;36;10;38;22;20;32;0;38;8;31;13;5;43;6;26;7;45;9;32;21;0;0;0;0;0;0;13;0;25;1
05.07.2016;5;0;13;42;23;32;15;21;34;6;37;24;38;20;33;35;27;26;47;36;36;16;18;0;0;0;0;0;0;17;0;32;0
05.07.2016;6;0;21;30;0;25;10;31;24;8;49;35;42;21;57;34;34;44;41;32;44;21;26;0;0;0;0;0;0;6;1;29;0
05.07.2016;7;0;26;40;0;36;23;31;34;15;35;22;47;9;46;29;30;26;45;47;36;24;23;0;0;0;0;0;1;0;0;29;0
05.07.2016;8;1;24;42;0;26;13;33;30;12;38;31;49;13;51;33;28;39;38;37;36;25;29;0;0;5;0;0;11;0;0;27;2
05.07.2016;9;0;29;38;0;35;13;20;28;16;29;34;41;13;45;29;25;34;45;37;25;15;32;11;0;5;9;0;21;0;0;25;3
05.07.2016;10;0;35;38;0;23;24;11;21;15;39;32;36;31;44;29;28;33;38;25;32;24;26;16;0;27;13;0;24;0;2;22;0
05.07.2016;11;0;32;44;0;26;27;18;34;20;39;20;39;13;51;33;30;25;48;43;28;22;27;27;14;19;12;0;15;0;1;17;2
05.07.2016;12;1;21;40;0;22;24;19;25;22;43;22;39;5;56;41;36;24;40;34;32;23;22;17;13;13;12;0;14;0;2;17;2
05.07.2016;13;0;37;53;0;23;14;12;30;26;45;26;36;8;61;47;34;31;45;31;25;20;24;17;18;10;14;0;14;0;1;22;0
05.07.2016;14;0;21;36;0;28;17;17;19;30;38;31;46;4;53;34;48;37;44;37;28;21;24;25;22;19;10;1;6;0;2;18;0
05.07.2016;15;1;26;42;0;32;12;24;33;28;42;24;33;10;65;37;41;28;48;29;31;23;20;26;15;14;22;0;14;0;1;25;1
05.07.2016;16;0;27;58;0;41;14;22;36;25;42;31;32;14;56;36;39;33;48;29;28;19;17;20;7;4;4;0;13;0;0;28;3
05.07.2016;17;0;29;50;0;39;18;24;33;19;44;27;45;24;51;42;39;30;49;37;43;29;33;7;0;0;0;1;1;0;0;41;0
05.07.2016;18;0;18;46;0;46;23;24;22;26;43;26;49;18;51;39;38;30;37;37;38;28;40;0;0;0;0;0;0;0;1;36;0
05.07.2016;19;0;26;44;0;40;10;30;21;27;44;28;43;18;57;42;34;40;37;29;47;22;33;0;0;0;0;0;0;0;1;35;0
05.07.2016;20;0;16;40;0;42;18;21;30;11;42;25;36;17;51;40;25;29;31;20;49;29;31;0;0;0;0;0;0;0;2;43;2
05.07.2016;21;0;0;38;0;34;20;23;37;0;31;21;38;25;34;34;24;26;32;33;21;24;24;0;0;0;0;0;0;0;0;31;1
05.07.2016;22;0;0;31;0;42;15;23;30;0;33;16;44;17;0;45;0;32;0;33;0;48;18;0;0;0;0;0;0;0;0;36;1
05.07.2016;23;0;0;30;0;40;16;18;30;0;20;15;18;17;0;36;0;25;0;27;0;37;19;0;0;0;0;0;0;0;0;33;1
05.07.2016;24;0;0;19;0;28;14;17;16;0;14;9;11;12;0;29;0;19;0;14;0;18;16;0;0;0;0;0;0;0;0;19;0
06.07.2016;1;0;0;16;0;16;14;8;19;0;15;8;10;6;0;29;0;17;0;18;0;11;22;0;0;0;0;0;0;0;0;10;0
06.07.2016;2;0;0;21;0;20;15;15;25;0;23;7;6;9;0;23;0;19;0;23;0;11;13;0;0;0;0;0;0;0;1;9;0
06.07.2016;3;0;0;20;0;27;24;15;25;0;23;7;20;7;0;18;0;26;0;31;0;18;19;0;0;0;0;0;0;0;2;20;0
06.07.2016;4;0;0;39;6;45;29;22;36;0;34;10;27;15;0;41;0;35;0;48;0;33;24;0;0;0;0;0;0;10;0;30;0
06.07.2016;5;0;24;35;14;31;18;24;27;17;41;33;39;23;28;27;18;39;37;41;26;31;20;0;0;0;0;0;0;17;1;32;0
06.07.2016;6;0;20;27;1;20;14;33;23;14;50;38;41;18;50;42;34;37;44;35;34;23;24;0;0;0;0;0;0;6;1;22;0
06.07.2016;7;0;35;25;0;35;16;37;42;15;37;21;44;10;57;36;27;34;49;39;38;28;23;0;0;0;0;0;0;0;0;27;1
06.07.2016;8;1;25;36;0;27;15;17;32;15;46;30;47;19;60;47;32;38;45;35;22;39;28;2;0;5;16;0;8;0;0;29;0
06.07.2016;9;0;26;42;0;35;18;16;27;15;32;25;32;8;53;34;33;34;40;31;0;30;37;10;11;9;16;0;19;0;0;28;0
06.07.2016;10;0;44;42;0;25;24;23;22;17;37;15;38;1;43;31;32;21;31;32;0;33;29;3;28;19;8;0;28;0;1;21;0
06.07.2016;11;0;32;38;0;22;25;24;22;30;36;20;47;2;45;31;42;28;50;46;0;30;46;6;28;22;3;0;15;0;1;22;2
06.07.2016;12;0;20;31;0;13;14;24;27;18;43;29;38;4;61;42;34;33;36;30;0;21;33;25;13;9;16;0;9;0;0;14;4
06.07.2016;13;0;36;43;0;28;15;13;32;24;46;31;44;3;65;49;41;35;48;37;0;27;28;20;21;9;19;0;15;0;1;21;0
06.07.2016;14;1;32;37;0;29;20;17;31;22;45;29;36;2;63;46;50;37;52;37;0;30;31;23;20;10;18;0;15;0;1;20;3
06.07.2016;15;0;29;31;0;38;14;24;37;24;45;25;34;9;66;43;41;31;52;26;0;28;22;32;13;21;20;0;16;0;2;28;2
06.07.2016;16;0;30;45;0;36;16;31;30;16;43;28;33;16;66;40;42;30;43;26;11;36;27;18;0;10;15;0;11;0;0;27;1
06.07.2016;17;0;17;43;0;34;14;25;13;22;45;21;34;15;54;42;21;24;27;27;38;22;38;0;0;0;0;0;0;0;0;34;2
06.07.2016;18;0;24;48;0;42;18;24;13;26;43;32;44;23;54;46;34;34;39;36;41;26;41;0;0;0;0;0;0;0;1;44;3
06.07.2016;19;0;22;50;0;35;16;27;21;31;46;28;48;24;47;41;41;34;50;35;49;32;30;0;0;0;0;0;0;0;0;38;0
06.07.2016;20;0;8;46;0;46;16;31;32;13;41;23;45;18;56;35;34;33;39;28;45;23;34;0;0;0;0;0;0;0;1;41;0
06.07.2016;21;0;0;32;0;34;15;28;34;0;34;24;36;17;15;45;12;34;21;37;15;28;29;0;0;0;0;0;0;0;0;30;1
06.07.2016;22;0;0;27;0;37;17;27;34;0;27;15;39;11;0;35;0;30;0;49;0;39;13;0;0;0;0;0;0;0;0;31;0
06.07.2016;23;0;0;28;0;42;18;17;27;0;15;16;23;11;0;35;0;28;0;33;0;35;19;0;0;0;0;0;0;0;0;31;0
06.07.2016;24;0;0;15;0;29;12;18;17;0;13;6;12;8;0;24;0;12;0;19;0;14;8;0;0;0;0;0;0;0;0;19;0
07.07.2016;1;0;0;28;0;12;17;8;22;0;16;7;11;11;0;23;0;17;0;17;0;7;19;0;0;0;0;0;0;0;0;4;0
07.07.2016;2;0;0;28;0;24;25;15;26;0;26;3;7;17;0;26;0;21;0;19;0;18;14;0;0;0;0;0;0;0;1;15;0
07.07.2016;3;0;0;25;0;32;31;12;21;0;22;5;15;13;0;20;0;26;0;25;0;16;20;0;0;0;0;0;0;0;1;24;0
07.07.2016;4;0;0;38;6;33;30;17;25;0;29;7;24;15;4;28;4;28;3;34;4;23;24;0;0;0;0;0;0;7;0;28;0
07.07.2016;5;0;29;36;20;26;12;21;37;17;42;28;42;23;32;23;34;39;55;39;30;27;20;0;0;0;0;0;0;16;0;32;0
07.07.2016;6;0;22;33;6;23;9;33;30;13;46;33;37;19;49;49;34;35;41;25;29;23;21;0;0;0;0;0;0;11;1;26;0
07.07.2016;7;0;29;35;0;36;15;36;37;10;40;24;50;13;57;42;27;32;40;39;28;20;26;0;0;0;0;0;0;0;0;28;2
07.07.2016;8;0;25;46;0;24;16;20;34;11;47;35;46;14;55;48;30;42;52;42;38;23;30;0;0;3;9;0;10;0;0;25;0
07.07.2016;9;1;27;44;0;33;10;34;33;12;28;34;37;19;56;35;36;35;44;39;22;12;36;9;0;11;7;0;20;0;1;23;2
07.07.2016;10;0;37;39;0;18;24;25;29;19;34;17;39;7;40;37;34;17;31;30;28;14;20;13;25;19;0;0;28;0;1;18;3
07.07.2016;11;0;30;33;0;28;15;28;27;30;39;25;37;5;62;45;46;28;49;33;24;11;24;14;30;14;5;0;14;0;1;20;0
07.07.2016;12;0;20;28;0;21;17;23;19;13;39;20;34;3;56;36;35;28;31;30;16;12;28;18;8;13;10;0;8;0;1;15;2
07.07.2016;13;0;36;43;0;29;16;15;29;16;48;32;39;3;61;50;51;46;43;45;32;20;27;23;26;11;12;0;15;0;1;23;2
07.07.2016;14;0;19;42;0;34;19;22;27;28;48;33;37;3;54;51;39;38;55;40;29;18;30;22;21;15;14;0;13;0;0;19;2
07.07.2016;15;0;24;42;0;35;18;22;37;40;44;22;29;6;52;47;32;29;60;30;44;20;24;26;17;17;24;0;15;0;1;29;2
07.07.2016;16;0;23;44;0;32;14;20;30;20;40;30;44;23;48;46;45;38;54;46;40;20;24;14;9;9;14;0;12;0;0;28;1
07.07.2016;17;1;28;44;0;31;9;20;30;23;46;33;41;18;56;48;35;34;41;34;33;17;27;14;0;5;1;0;16;0;0;32;2
07.07.2016;18;0;21;38;0;40;18;24;14;27;44;28;42;19;62;47;35;34;34;39;37;16;24;21;0;0;0;0;0;0;0;41;1
07.07.2016;19;0;24;37;0;41;17;28;26;23;47;32;43;17;54;47;40;34;41;43;46;22;24;11;0;0;0;0;0;0;1;36;1
07.07.2016;20;0;27;49;0;49;14;27;25;17;41;26;40;18;45;44;33;34;28;34;43;24;28;0;0;0;0;0;0;0;1;37;1
07.07.2016;21;0;0;37;0;33;16;29;38;0;32;25;39;16;0;50;0;39;0;46;0;28;24;0;0;0;0;0;0;0;0;20;1
07.07.2016;22;0;0;28;0;37;14;29;34;0;28;14;32;11;0;48;0;31;0;45;0;43;18;0;0;0;0;0;0;0;1;35;1
07.07.2016;23;0;0;27;0;38;14;15;25;0;20;6;26;8;0;35;0;19;0;22;0;31;20;0;0;0;0;0;0;0;0;33;0
07.07.2016;24;0;0;14;0;25;14;16;21;0;16;8;16;7;0;24;0;19;0;19;0;10;16;0;0;0;0;0;0;0;0;13;0
08.07.2016;1;0;0;20;0;17;19;10;21;0;15;7;14;8;0;28;0;22;0;18;0;13;26;0;0;0;0;0;0;0;0;12;0
08.07.2016;2;0;0;26;0;19;24;13;30;0;24;5;8;17;0;25;0;18;0;20;0;11;21;0;0;0;0;0;0;0;1;11;0
08.07.2016;3;0;0;22;0;28;25;12;25;0;24;5;12;11;0;18;0;18;0;24;0;20;15;0;0;0;0;0;0;0;1;21;0
08.07.2016;4;0;0;32;10;38;25;12;28;0;34;8;27;12;2;30;1;28;3;37;5;40;20;0;0;0;0;0;0;18;0;28;0
08.07.2016;5;0;22;37;19;30;20;18;24;15;47;25;40;20;36;40;24;31;44;39;33;32;24;0;0;0;0;0;0;22;0;24;0
08.07.2016;6;0;27;33;4;23;7;25;27;11;47;34;37;14;47;51;33;37;37;22;33;27;28;0;1;2;4;0;2;10;1;21;0
08.07.2016;7;1;26;36;0;37;14;19;31;11;38;22;49;2;57;45;33;35;34;39;37;29;23;5;11;11;19;0;6;0;0;29;1
08.07.2016;8;1;30;40;0;31;11;19;32;10;46;41;39;7;60;53;38;45;39;37;40;31;24;4;17;9;21;0;12;0;0;25;2
08.07.2016;9;0;30;40;0;29;21;21;39;20;38;29;45;3;59;38;30;35;47;48;31;18;36;16;18;12;16;0;21;0;1;28;4
08.07.2016;10;0;35;41;0;24;23;12;30;21;32;18;40;3;44;33;28;25;45;37;31;19;29;15;25;14;11;0;29;0;2;23;1
08.07.2016;11;0;36;45;0;17;22;15;26;23;29;14;43;4;39;28;39;24;47;41;25;14;24;24;25;7;15;0;18;0;1;16;0
08.07.2016;12;0;22;32;0;14;24;25;21;19;40;26;36;6;57;42;44;33;34;33;23;12;24;17;19;12;15;0;12;0;0;14;1
08.07.2016;13;0;38;47;0;29;19;19;32;26;50;29;37;4;59;52;47;37;50;31;24;13;30;19;22;13;20;0;12;0;0;21;1
08.07.2016;14;1;23;40;0;32;21;30;22;34;46;41;38;3;63;49;52;37;58;38;26;13;37;21;21;19;16;0;22;0;0;23;0
08.07.2016;15;0;25;42;0;30;20;26;41;38;51;23;44;5;68;54;48;39;66;38;29;17;26;27;14;16;24;0;18;0;2;22;0
08.07.2016;16;0;27;49;0;31;20;22;34;21;44;33;36;6;63;43;37;37;47;27;34;17;22;18;9;10;18;0;10;0;0;25;0
08.07.2016;17;0;20;44;0;40;21;23;19;19;43;30;44;13;52;39;30;32;38;33;40;27;20;14;0;1;0;0;0;0;0;36;0
08.07.2016;18;0;18;43;0;43;18;23;20;29;41;33;44;13;53;44;26;39;56;35;50;32;31;8;0;0;0;0;0;0;0;39;0
08.07.2016;19;0;14;37;0;42;14;29;23;20;50;24;39;14;53;44;22;33;40;32;50;22;34;0;0;0;0;0;0;0;1;36;1
08.07.2016;20;0;13;42;0;43;10;30;35;10;40;24;43;12;52;43;22;22;31;24;57;35;26;0;0;0;0;0;0;0;1;44;1
08.07.2016;21;0;0;43;0;34;19;27;40;0;27;20;45;19;11;31;11;36;22;43;12;24;21;0;0;0;0;0;0;0;0;25;1
08.07.2016;22;0;0;38;0;35;15;22;34;0;31;21;30;16;0;40;0;36;0;31;0;37;16;0;0;0;0;0;0;0;0;32;1
08.07.2016;23;0;0;28;0;36;15;18;23;0;21;13;21;12;0;33;0;25;0;23;0;33;14;0;0;0;0;0;0;0;0;35;1
08.07.2016;24;0;0;18;0;28;18;16;20;0;18;11;18;14;0;28;0;19;0;17;0;11;16;0;0;0;0;0;0;0;0;17;0
09.07.2016;1;0;0;27;0;9;23;5;25;0;18;7;13;13;0;27;0;25;0;21;0;10;23;0;0;0;0;0;0;0;0;8;0
09.07.2016;2;0;0;34;0;14;35;14;34;0;26;6;13;22;0;31;0;29;0;26;0;10;15;0;0;0;0;0;0;0;0;9;0
09.07.2016;3;0;0;26;0;29;40;15;20;0;31;4;19;19;0;30;0;34;0;25;0;21;25;0;0;0;0;0;0;0;1;18;0
09.07.2016;4;0;0;35;5;46;32;9;27;0;33;8;30;17;3;25;9;27;22;30;9;28;31;0;0;0;0;0;0;5;0;38;0
09.07.2016;5;0;9;36;12;40;23;21;31;3;38;26;43;24;31;25;31;33;44;39;35;21;19;0;0;0;0;0;0;18;0;26;2
09.07.2016;6;0;19;25;0;29;10;30;24;9;42;34;37;16;57;34;23;34;44;31;34;19;26;0;0;0;0;0;0;8;1;29;1
09.07.2016;7;0;26;30;0;34;13;13;32;12;37;21;45;3;46;25;22;30;37;36;31;23;22;0;10;4;12;0;5;0;0;31;3
09.07.2016;8;1;28;37;0;27;15;20;36;12;50;39;45;4;61;45;45;51;41;28;39;27;30;0;19;5;14;0;14;0;0;31;1
09.07.2016;9;0;28;36;0;37;20;20;28;20;32;30;41;4;52;33;27;31;40;34;32;24;40;0;16;11;16;0;21;0;1;30;3
09.07.2016;10;0;41;46;0;22;31;11;30;20;42;26;39;4;48;39;40;32;43;38;25;16;31;16;30;26;14;0;23;0;3;19;1
09.07.2016;11;0;28;41;0;26;15;18;20;26;38;12;36;3;42;31;33;21;45;33;20;16;22;16;16;15;8;0;12;0;1;17;1
09.07.2016;12;0;31;34;0;23;19;24;22;14;42;26;34;10;56;35;37;34;44;32;21;16;20;17;15;20;11;0;11;0;1;18;0
09.07.2016;13;0;40;48;0;30;14;16;34;15;53;23;37;8;62;45;41;30;43;29;4;31;27;20;21;15;17;0;18;0;0;28;5
09.07.2016;14;0;30;35;0;28;21;15;21;23;42;34;38;4;51;41;42;37;41;36;0;25;27;23;16;14;14;0;17;0;0;23;4
09.07.2016;15;0;24;37;0;25;23;17;43;31;44;28;32;3;51;38;34;32;57;33;0;29;19;21;19;17;18;0;13;0;1;22;0
09.07.2016;16;1;36;52;0;30;19;20;37;25;42;24;38;10;52;34;26;27;43;27;0;33;20;16;14;16;9;0;22;0;0;22;0
09.07.2016;17;0;16;39;0;28;14;23;23;33;45;21;34;12;45;33;26;31;44;30;0;32;19;8;7;4;0;0;12;0;0;21;1
09.07.2016;18;0;19;29;0;32;17;27;11;15;38;28;32;15;57;37;21;32;25;25;0;27;27;13;0;0;0;0;8;0;0;26;0
09.07.2016;19;0;22;40;0;35;16;30;17;26;46;20;40;19;48;37;28;27;33;32;24;27;20;1;0;0;0;0;0;0;1;22;0
09.07.2016;20;0;11;47;0;41;12;16;26;9;41;24;32;20;33;35;33;31;33;21;40;23;24;0;0;0;0;0;0;0;1;38;0
09.07.2016;21;0;0;33;0;33;16;24;34;0;29;19;36;17;7;37;8;34;10;29;6;24;23;0;0;0;0;0;0;0;0;25;0
09.07.2016;22;0;0;28;0;32;12;14;31;0;26;15;25;7;0;40;0;23;0;31;0;31;18;0;0;0;0;0;0;0;0;28;1
09.07.2016;23;0;0;22;0;36;20;12;21;0;24;15;23;9;0;47;0;34;0;25;0;40;21;0;0;0;0;0;0;0;0;36;0
09.07.2016;24;0;0;20;0;28;11;18;17;0;12;5;15;6;0;28;0;16;0;21;0;8;21;0;0;0;0;0;0;0;0;13;0
10.07.2016;1;0;0;17;0;15;16;10;19;0;18;7;20;10;0;37;0;22;0;20;0;16;30;0;0;0;0;0;0;0;0;13;0
10.07.2016;2;0;0;18;0;22;24;21;28;0;24;5;9;9;0;35;0;22;0;24;0;10;19;0;0;0;0;0;0;0;1;8;0
10.07.2016;3;0;0;25;0;23;30;14;35;0;26;5;17;9;0;19;0;27;0;34;0;15;14;0;0;0;0;0;0;0;1;19;0
10.07.2016;4;0;7;35;9;37;35;18;24;19;40;7;30;13;4;32;5;31;11;42;10;28;17;0;0;0;0;0;0;11;0;29;0
10.07.2016;5;0;23;35;19;29;17;20;17;22;35;26;34;18;35;30;29;34;45;32;48;21;18;0;0;0;0;0;0;22;0;29;0
10.07.2016;6;0;19;32;5;22;6;29;25;9;46;24;39;19;53;36;23;30;35;31;19;28;23;0;0;0;0;0;0;5;1;24;0
10.07.2016;7;0;21;34;0;32;14;29;30;6;34;17;42;7;53;29;3;33;34;28;0;26;21;0;0;0;4;0;3;0;1;19;0
10.07.2016;8;0;27;46;0;31;22;11;32;14;44;33;42;16;52;35;0;55;39;25;0;39;31;0;0;0;13;0;12;0;0;28;1
10.07.2016;9;0;28;41;0;30;25;10;30;23;38;27;44;9;45;36;25;35;49;43;0;22;37;12;11;10;8;0;16;0;0;23;1
10.07.2016;10;0;33;46;0;19;22;14;26;32;30;19;35;2;45;22;36;26;44;31;0;24;16;11;23;20;14;0;25;0;1;21;1
10.07.2016;11;0;38;38;0;17;20;18;31;27;40;17;50;5;50;33;54;34;53;51;12;24;20;17;31;24;10;0;20;0;1;16;2
10.07.2016;12;0;29;32;0;15;23;21;22;19;50;17;42;6;50;38;39;28;39;38;12;9;21;18;19;18;11;0;12;0;0;9;1
10.07.2016;13;0;39;48;0;35;18;18;26;27;51;27;42;4;64;51;36;40;48;37;29;19;36;22;26;14;22;0;12;0;0;23;1
10.07.2016;14;0;27;46;0;33;22;21;31;31;41;40;37;5;56;37;49;40;64;42;22;10;34;32;24;16;16;0;11;0;0;23;1
10.07.2016;15;1;27;50;0;28;26;24;35;41;43;30;36;5;62;38;43;38;66;31;33;13;19;30;19;17;23;0;13;0;0;25;0
10.07.2016;16;1;29;46;0;43;16;21;26;21;39;32;34;11;63;33;34;34;52;33;31;14;20;25;9;15;17;0;14;0;0;30;1
10.07.2016;17;0;25;42;0;39;9;19;28;20;52;29;44;26;61;43;34;43;43;34;43;24;22;28;0;19;0;0;11;0;0;38;0
10.07.2016;18;0;23;43;0;34;13;28;11;18;44;33;43;20;62;42;28;35;38;31;31;16;23;23;0;9;0;0;0;0;0;32;1
10.07.2016;19;0;20;40;0;34;16;25;21;24;40;29;47;19;50;32;29;36;49;35;49;26;25;10;0;0;0;0;0;0;1;36;0
10.07.2016;20;0;27;53;0;44;12;16;32;10;37;28;33;25;50;37;34;34;30;20;54;29;28;0;0;0;0;0;0;0;1;43;0
10.07.2016;21;0;0;29;0;33;17;19;36;0;32;21;41;17;29;43;19;25;26;30;22;27;28;0;0;0;0;0;0;0;0;31;0
10.07.2016;22;0;0;31;0;35;18;22;33;0;31;18;36;19;0;49;0;31;0;32;0;48;20;0;0;0;0;0;0;0;0;36;0
10.07.2016;23;0;0;25;0;42;21;13;25;0;19;12;22;12;0;37;0;25;0;26;0;36;19;0;0;0;0;0;0;0;0;40;0
10.07.2016;24;0;0;21;0;27;19;15;28;0;13;7;18;8;0;28;0;23;0;28;0;19;13;0;0;0;0;0;0;0;0;21;1
11.07.2016;1;0;0;20;0;16;20;15;14;0;15;8;11;8;0;31;0;22;0;18;0;12;29;0;0;0;0;0;0;0;0;11;1
11.07.2016;2;0;0;23;0;20;24;22;19;0;25;8;7;16;0;34;0;22;0;16;0;9;22;0;0;0;0;0;0;0;1;11;0
11.07.2016;3;0;0;26;0;29;32;18;19;0;28;9;9;9;0;27;0;22;0;25;0;13;18;0;0;0;0;0;0;0;1;19;0
11.07.2016;4;0;0;36;12;41;23;24;24;0;34;15;30;14;5;42;3;34;12;32;0;25;18;0;0;0;0;0;0;10;0;29;0
11.07.2016;5;0;14;40;16;36;22;31;37;6;35;29;39;27;42;36;30;38;50;39;37;22;21;0;0;0;0;0;0;15;0;39;2
11.07.2016;6;0;20;28;0;22;9;31;16;14;50;30;44;17;48;40;30;35;38;36;40;22;22;0;0;0;0;0;0;6;1;26;0
11.07.2016;7;0;29;40;0;36;20;32;41;10;36;32;51;8;54;30;34;40;59;46;37;20;31;0;0;0;0;0;0;0;0;29;1
11.07.2016;8;0;29;47;0;28;18;27;36;10;50;25;40;16;54;39;36;36;40;27;29;24;30;0;0;0;0;0;15;0;0;26;0
11.07.2016;9;1;33;40;0;28;24;28;28;20;31;34;36;25;49;28;32;39;51;39;23;14;40;0;0;7;0;0;16;0;0;27;0
11.07.2016;10;0;32;51;0;23;21;14;34;18;28;29;41;30;38;22;30;29;52;36;25;16;25;13;0;25;7;0;24;0;2;18;1
11.07.2016;11;0;32;47;0;21;19;18;29;24;34;18;40;36;47;29;49;35;53;38;24;10;20;23;0;21;14;0;17;0;1;18;1
11.07.2016;12;1;24;34;0;21;17;29;27;21;47;28;35;20;70;45;42;32;36;31;21;9;23;22;0;18;19;0;14;0;0;14;0
11.07.2016;13;0;41;54;0;37;13;23;33;26;51;34;41;21;67;49;43;33;50;42;32;21;34;15;0;9;27;0;8;0;0;24;4
11.07.2016;14;0;35;38;0;27;22;24;24;30;46;30;36;29;60;41;48;36;44;38;20;13;30;28;0;11;19;0;18;0;0;16;0
11.07.2016;15;0;24;39;0;24;16;30;33;25;43;32;44;22;70;40;35;33;54;37;36;20;25;27;0;14;18;0;9;0;1;22;1
11.07.2016;16;1;36;59;0;37;14;26;34;18;45;29;41;19;57;42;32;32;53;37;34;20;17;15;0;11;8;0;11;0;0;23;0
11.07.2016;17;0;26;50;0;31;20;17;26;18;40;35;40;18;44;30;32;36;41;31;37;25;35;2;0;0;0;0;1;0;0;32;0
11.07.2016;18;0;19;46;0;37;18;22;18;29;43;31;41;16;59;40;27;33;34;34;41;28;43;0;0;0;0;0;0;0;0;35;0
11.07.2016;19;0;26;39;0;43;15;25;21;23;45;31;40;24;55;43;29;32;31;30;45;24;37;0;0;0;0;0;0;0;1;40;0
11.07.2016;20;0;4;41;0;58;19;25;30;5;43;28;44;23;50;36;35;38;28;27;51;38;33;0;0;0;0;0;0;0;1;51;2
11.07.2016;21;0;0;30;0;45;13;22;35;0;31;26;42;16;23;38;19;38;22;33;16;33;29;0;0;0;0;0;0;0;0;35;1
11.07.2016;22;0;0;30;0;34;17;23;34;0;25;22;45;11;0;37;0;31;0;36;0;40;15;0;0;0;0;0;0;0;0;29;0
11.07.2016;23;0;0;30;0;29;21;10;22;0;19;10;24;15;0;27;0;21;0;21;0;27;15;0;0;0;0;0;0;0;0;24;0
11.07.2016;24;0;0;18;0;22;10;16;12;0;14;8;19;11;0;30;0;19;0;19;0;12;21;0;0;0;0;0;0;0;0;14;0
12.07.2016;1;0;0;16;0;21;7;10;18;0;18;5;9;5;0;29;0;15;0;13;0;13;22;0;0;0;0;0;0;0;0;15;0
12.07.2016;2;0;0;18;0;18;20;15;21;0;23;5;8;10;0;21;0;18;0;10;0;14;18;0;0;0;0;0;0;0;0;12;0
12.07.2016;3;0;0;14;0;31;22;14;22;0;22;4;12;10;0;15;0;17;0;24;0;18;22;0;0;0;0;0;0;0;2;23;0
12.07.2016;4;0;0;35;6;39;21;18;29;8;33;11;26;12;0;29;2;32;0;42;0;31;15;0;0;0;0;0;0;11;0;29;1
12.07.2016;5;0;25;42;19;35;15;26;29;20;39;24;40;20;30;29;20;33;40;33;26;32;13;0;0;0;0;0;0;21;0;24;0
12.07.2016;6;0;26;37;5;24;10;34;30;12;43;35;46;19;50;39;31;39;43;30;31;38;20;0;0;0;0;0;0;12;1;22;1
12.07.2016;7;0;27;44;0;29;18;33;38;13;41;23;45;14;55;52;34;26;43;32;0;33;25;0;0;0;0;0;0;0;0;21;0
12.07.2016;8;0;21;34;0;29;15;19;27;8;41;32;41;12;48;42;31;33;35;31;0;30;27;5;5;5;8;0;8;0;0;27;5
12.07.2016;9;2;29;44;0;33;17;11;31;13;25;27;40;1;45;26;21;34;42;47;0;37;27;10;13;6;15;0;15;0;0;29;1
12.07.2016;10;1;40;45;0;21;18;26;18;11;39;19;32;1;42;40;30;27;26;27;0;21;36;3;28;20;9;0;17;0;2;16;0
12.07.2016;11;1;42;47;0;21;17;25;32;27;32;14;39;23;46;32;43;17;42;36;0;22;34;5;16;10;4;0;13;0;3;14;3
12.07.2016;12;1;43;33;0;22;20;23;27;18;39;22;39;24;64;42;41;30;39;32;0;25;23;18;0;14;23;0;11;0;0;18;1
12.07.2016;13;1;45;55;0;32;17;18;27;22;47;27;39;31;58;55;39;29;38;38;0;29;30;19;0;14;19;0;14;0;0;28;1
12.07.2016;14;0;21;46;0;26;26;29;20;34;42;29;35;22;56;40;30;30;47;35;0;30;29;27;0;15;7;1;11;0;1;20;3
12.07.2016;15;1;28;48;0;36;19;31;33;33;42;28;41;16;60;47;36;33;66;34;14;26;18;22;0;13;0;0;13;0;1;28;1
12.07.2016;16;0;30;60;0;33;19;26;32;22;41;32;36;24;52;41;33;35;42;29;37;23;24;18;0;11;0;0;10;0;0;30;1
12.07.2016;17;0;26;50;0;34;18;24;31;23;44;25;42;24;54;46;28;25;41;39;40;19;36;0;0;0;0;0;2;0;0;35;1
12.07.2016;18;0;18;51;0;35;19;25;16;29;49;34;48;16;57;49;33;33;43;39;37;25;32;0;0;0;0;0;0;0;2;38;0
12.07.2016;19;0;27;49;0;43;14;29;21;28;45;18;40;19;50;40;23;25;43;31;39;28;27;0;0;0;0;0;0;0;1;35;1
12.07.2016;20;0;14;40;0;43;16;18;28;14;39;23;36;22;33;29;21;34;29;29;36;31;19;0;0;0;0;0;0;0;1;39;0
12.07.2016;21;0;0;39;0;32;22;25;33;0;33;23;38;21;0;44;0;37;0;45;0;35;18;0;0;0;0;0;0;0;0;25;0
12.07.2016;22;0;0;36;0;36;20;23;33;0;23;14;31;19;0;35;0;25;0;33;0;36;12;0;0;0;0;0;0;0;0;30;0
12.07.2016;23;0;0;26;0;31;17;12;27;0;20;14;25;19;0;27;0;29;0;31;0;29;11;0;0;0;0;0;0;0;0;24;0
12.07.2016;24;0;0;20;0;20;16;17;17;0;13;13;9;11;0;23;0;21;0;16;0;10;15;0;0;0;0;0;0;0;0;12;0
13.07.2016;1;0;0;27;0;14;13;8;18;0;17;7;9;10;0;25;0;13;0;13;0;8;20;0;0;0;0;0;0;0;0;9;0
13.07.2016;2;0;0;17;0;19;18;17;22;0;22;6;6;13;0;19;0;22;0;15;0;11;10;0;0;0;0;0;0;0;1;10;0
13.07.2016;3;0;0;14;0;27;21;20;18;0;24;4;13;9;0;19;0;15;0;22;0;13;13;0;0;0;0;0;0;0;1;15;0
13.07.2016;4;0;0;37;3;48;23;16;33;0;33;9;27;7;2;21;0;31;5;37;3;27;15;0;0;0;0;0;0;9;0;37;0
13.07.2016;5;0;23;41;15;34;14;23;26;16;41;27;41;19;35;27;24;33;54;39;35;24;14;0;0;0;0;0;0;20;0;36;0
13.07.2016;6;0;22;25;0;21;15;35;22;16;50;30;39;19;59;44;31;33;50;35;30;18;29;0;0;0;0;0;0;10;1;25;0
13.07.2016;7;0;23;36;0;32;20;29;39;12;34;21;50;11;50;33;31;22;44;46;28;23;25;0;0;0;3;0;0;0;0;22;0
13.07.2016;8;0;22;45;0;30;13;13;32;7;49;28;40;15;49;50;27;28;34;24;37;32;22;0;0;7;19;0;9;0;0;26;1
13.07.2016;9;0;25;37;0;37;14;17;31;17;29;36;39;12;52;40;33;35;41;34;25;20;37;0;0;8;20;0;14;0;0;28;0
13.07.2016;10;0;34;44;0;19;17;21;27;15;39;14;37;23;43;41;31;18;36;31;3;28;35;0;0;14;13;0;21;0;1;22;1
13.07.2016;11;0;29;44;0;19;21;28;27;29;35;18;43;23;42;36;47;29;51;38;0;22;36;0;0;12;0;0;15;0;1;20;4
13.07.2016;12;0;25;41;0;20;18;24;31;22;42;25;44;6;55;48;36;31;44;39;0;28;36;17;12;11;10;0;13;0;0;22;2
13.07.2016;13;0;39;46;0;36;16;22;29;24;43;32;36;4;62;45;42;38;50;31;0;28;35;20;25;11;23;0;21;0;0;21;3
13.07.2016;14;0;29;38;0;31;23;26;23;24;41;33;37;2;54;43;51;40;51;37;0;25;37;33;22;8;19;0;15;0;0;15;2
13.07.2016;15;0;21;33;0;30;25;29;25;25;48;30;33;2;52;48;54;41;55;30;0;28;26;29;14;13;23;0;10;0;3;26;2
13.07.2016;16;0;30;52;0;19;29;26;36;22;41;34;38;17;58;41;43;37;57;35;0;33;29;37;3;16;6;0;8;0;0;24;2
13.07.2016;17;0;25;55;0;29;24;27;18;25;41;29;43;17;49;45;35;39;44;41;8;31;24;12;0;6;0;0;0;0;0;30;1
13.07.2016;18;0;24;45;0;38;32;39;17;28;43;34;42;20;60;42;42;36;48;37;30;20;24;24;0;0;0;0;0;0;1;33;3
13.07.2016;19;1;26;40;0;30;37;34;22;19;46;28;41;24;47;43;51;33;41;36;46;22;20;10;0;0;0;0;0;0;0;29;1
13.07.2016;20;0;20;45;0;49;27;29;32;14;30;27;38;16;31;31;38;35;30;38;44;32;26;0;0;0;0;0;0;0;1;43;0
13.07.2016;21;0;7;25;0;32;24;18;32;0;24;20;35;11;27;22;30;22;36;31;29;16;23;0;0;0;0;0;0;0;0;32;0
13.07.2016;22;0;0;34;0;21;24;22;28;0;32;22;51;20;27;43;17;31;28;38;15;26;24;0;0;0;0;0;0;0;0;26;0
13.07.2016;23;0;0;34;0;52;17;17;24;0;30;15;19;13;0;46;0;27;0;27;0;40;18;0;0;0;0;0;0;0;2;48;0
13.07.2016;24;0;0;19;0;33;13;15;20;0;17;12;18;10;0;22;0;9;0;23;0;11;15;0;0;0;0;0;0;0;2;19;0
14.07.2016;1;0;0;28;0;15;21;12;27;0;14;11;10;10;0;33;0;25;0;19;0;13;28;0;0;0;0;0;0;0;0;15;0
14.07.2016;2;0;0;23;0;18;23;15;23;0;20;7;11;15;0;21;0;24;0;16;0;13;11;0;0;0;0;0;0;0;1;13;0
14.07.2016;3;0;0;25;0;26;29;15;19;0;21;1;13;19;0;18;0;14;0;12;0;13;15;0;0;0;0;0;0;0;1;19;0
14.07.2016;4;0;0;30;8;44;29;20;32;0;32;6;24;16;0;26;2;22;7;34;7;30;19;0;0;0;0;0;0;11;0;34;0
14.07.2016;5;0;22;42;22;34;14;28;36;14;44;20;41;23;34;42;24;26;50;39;42;24;19;0;0;0;0;0;0;18;0;32;0
14.07.2016;6;0;20;30;10;17;14;32;22;12;44;33;37;15;55;41;37;41;41;31;38;16;16;0;0;0;0;0;0;7;1;22;2
14.07.2016;7;0;28;27;10;35;21;22;38;16;44;35;43;5;56;40;34;42;55;43;34;16;23;5;7;5;17;0;6;3;0;27;1
14.07.2016;8;0;30;44;0;30;14;11;43;10;47;33;45;4;53;48;34;39;53;41;8;37;26;5;13;7;18;0;17;0;0;28;4
14.07.2016;9;1;37;45;0;33;11;19;32;13;34;32;40;3;59;40;24;37;38;43;0;35;33;12;15;10;18;0;30;0;0;27;2
14.07.2016;10;0;32;38;0;25;21;12;26;22;36;19;40;3;42;35;29;26;44;36;0;33;26;10;25;22;21;0;24;0;1;25;3
14.07.2016;11;0;31;41;0;21;18;20;29;27;38;19;44;5;51;41;44;30;52;42;0;28;19;17;22;16;20;0;19;0;0;14;3
14.07.2016;12;1;19;34;0;29;25;31;30;22;42;23;46;5;60;42;49;32;47;42;0;30;27;18;15;15;18;0;15;0;1;14;4
14.07.2016;13;0;40;45;0;30;23;23;37;25;42;27;41;2;60;48;33;28;55;34;0;36;34;24;21;7;18;0;22;0;1;22;1
14.07.2016;14;2;27;34;0;34;18;23;19;23;36;35;32;2;49;31;31;37;40;33;0;27;27;24;20;12;16;0;16;0;1;23;3
14.07.2016;15;0;30;42;0;31;16;19;30;32;43;29;29;7;56;38;35;33;61;26;0;35;25;19;20;12;20;0;15;0;1;24;4
14.07.2016;16;1;27;49;0;34;20;22;36;29;41;34;43;16;56;40;43;38;55;49;34;25;20;19;14;13;15;0;14;0;0;30;2
14.07.2016;17;0;25;50;0;31;21;24;25;25;48;24;40;18;53;41;27;24;33;35;37;28;27;13;0;0;0;0;0;0;0;36;0
14.07.2016;18;0;22;39;0;24;18;16;19;25;25;29;36;21;45;29;36;35;43;41;33;18;30;0;0;0;0;0;0;0;1;42;2
14.07.2016;19;0;23;44;0;39;11;29;27;21;41;23;37;21;40;31;17;24;31;35;37;28;32;0;0;0;0;0;0;0;0;40;1
14.07.2016;20;0;4;42;0;45;15;25;33;7;41;28;33;21;43;35;27;31;27;28;47;30;28;0;0;0;0;0;0;0;2;41;2
14.07.2016;21;0;0;31;0;34;19;25;33;0;33;20;46;17;27;41;19;27;31;48;26;23;21;0;0;0;0;0;0;0;0;28;1
14.07.2016;22;0;0;28;0;35;15;18;33;0;24;20;34;15;0;35;0;34;0;42;0;47;19;0;0;0;0;0;0;0;1;34;2
14.07.2016;23;0;0;27;0;37;15;7;23;0;16;9;26;11;0;15;0;17;0;16;0;37;16;0;0;0;0;0;0;0;0;36;2
14.07.2016;24;0;0;17;0;26;15;15;13;0;15;8;17;10;0;20;0;12;0;13;0;15;14;0;0;0;0;0;0;0;0;19;0
15.07.2016;1;0;0;24;0;22;20;9;19;0;17;6;13;13;0;27;0;13;0;15;0;13;24;0;0;0;0;0;0;0;0;11;0
15.07.2016;2;0;0;30;0;28;24;15;24;0;24;7;14;19;0;28;0;27;0;18;0;17;22;0;0;0;0;0;0;0;0;19;0
15.07.2016;3;0;0;31;0;30;27;9;18;0;21;0;16;17;0;26;0;14;0;17;0;12;27;0;0;0;0;0;0;0;1;17;0
15.07.2016;4;0;0;33;6;36;19;17;26;0;30;12;31;9;4;37;4;21;12;33;12;29;17;0;0;0;0;0;0;8;0;25;0
15.07.2016;5;0;10;40;14;34;18;21;36;6;42;28;38;23;34;39;21;31;44;37;43;30;20;0;0;0;0;0;0;20;1;23;0
15.07.2016;6;0;24;31;0;22;12;33;30;10;51;32;40;19;59;44;28;28;38;30;43;29;27;0;0;0;0;0;0;13;1;23;0
15.07.2016;7;0;28;38;0;36;15;21;45;11;44;25;49;4;57;45;35;23;40;33;22;24;21;4;10;10;17;0;8;0;0;26;2
15.07.2016;8;0;24;45;0;27;11;16;32;17;44;42;48;7;62;47;25;33;41;39;38;27;29;7;13;9;17;0;18;0;0;27;0
15.07.2016;9;1;30;40;0;38;14;14;31;19;30;34;42;17;63;33;27;34;41;41;26;17;39;14;6;9;25;0;16;0;0;28;1
15.07.2016;10;0;55;44;0;32;21;15;29;16;37;25;36;37;41;34;25;24;31;30;30;24;26;16;0;9;18;0;32;0;1;28;1
15.07.2016;11;0;45;49;0;17;31;18;32;25;30;17;49;27;42;33;44;23;44;43;13;15;25;27;22;8;14;0;21;0;0;11;0
15.07.2016;12;0;28;32;0;14;23;25;25;17;35;22;42;5;52;37;45;25;35;35;8;16;23;20;25;13;13;0;13;0;1;10;2
15.07.2016;13;0;47;43;0;31;16;19;41;19;53;35;44;6;71;58;53;41;50;37;0;33;32;23;25;15;22;0;19;0;0;21;3
15.07.2016;14;0;27;42;0;29;19;19;29;29;44;33;39;2;54;43;34;30;47;38;0;29;31;26;18;18;23;0;15;0;0;17;5
15.07.2016;15;0;35;38;0;26;19;34;37;26;40;31;43;5;74;48;54;35;51;42;0;27;31;22;22;22;31;0;16;0;1;19;3
15.07.2016;16;0;29;48;0;38;21;20;37;17;46;33;34;8;66;48;28;44;45;38;4;33;23;21;12;10;15;0;17;0;1;28;6
15.07.2016;17;1;29;40;0;37;23;25;23;19;42;27;45;19;50;32;36;32;34;45;40;30;24;14;0;0;6;0;15;0;0;37;1
15.07.2016;18;0;21;34;0;41;28;25;17;27;37;32;52;17;52;38;29;24;37;53;39;28;28;22;0;0;0;0;9;0;0;37;0
15.07.2016;19;0;20;42;0;41;16;27;21;20;42;25;48;21;47;36;21;27;39;47;41;24;30;5;0;0;0;0;0;0;2;33;2
15.07.2016;20;0;26;42;0;41;14;32;21;16;47;25;39;19;49;37;37;34;35;35;49;29;28;0;0;0;0;0;0;0;2;38;1
15.07.2016;21;0;4;41;0;42;18;29;36;5;34;28;45;17;13;45;12;42;22;57;15;33;20;0;0;0;0;0;0;0;0;35;0
15.07.2016;22;0;0;35;0;36;21;21;31;0;25;18;38;16;0;26;0;27;0;41;0;46;13;0;0;0;0;0;0;0;0;30;3
15.07.2016;23;0;0;35;0;36;23;18;27;0;15;9;26;19;0;20;0;13;0;25;0;35;15;0;0;0;0;0;0;0;1;32;2
15.07.2016;24;0;0;21;0;19;17;17;21;0;16;6;22;14;0;25;0;17;0;23;0;15;15;0;0;0;0;0;0;0;0;12;0
16.07.2016;1;0;0;23;0;14;19;7;17;0;19;8;12;13;0;31;0;21;0;21;0;13;31;0;0;0;0;0;0;0;2;11;0
16.07.2016;2;0;0;19;0;23;15;17;11;0;28;5;13;13;0;38;0;29;0;17;0;12;14;0;0;0;0;0;0;0;2;15;0
16.07.2016;3;0;0;19;0;30;30;19;16;0;25;5;18;14;0;28;0;29;0;20;0;26;20;0;0;0;0;0;0;0;1;24;0
16.07.2016;4;0;5;42;8;36;31;17;36;14;36;13;28;13;11;37;5;31;12;39;17;31;31;0;0;0;0;0;0;10;0;29;0
16.07.2016;5;0;23;39;18;34;24;32;20;19;36;28;41;21;49;38;32;36;45;40;51;17;19;0;0;0;0;0;0;21;0;21;0
16.07.2016;6;0;17;25;4;19;16;29;24;9;41;29;43;19;46;35;31;32;42;35;31;21;24;0;0;0;0;0;0;6;1;20;1
16.07.2016;7;0;23;31;0;35;15;31;31;11;36;19;39;10;55;30;7;33;35;37;9;29;23;0;0;0;5;0;7;0;0;29;0
16.07.2016;8;0;18;34;0;21;25;16;32;13;43;29;48;11;59;39;0;51;47;32;0;35;35;5;0;0;12;0;12;0;0;22;1
16.07.2016;9;0;31;41;0;30;24;14;31;20;33;27;38;8;45;30;0;50;48;39;0;27;29;12;15;8;14;0;24;0;0;21;0
16.07.2016;10;0;35;36;0;16;34;13;31;26;37;19;42;2;44;27;0;42;45;37;0;27;30;20;22;23;11;0;26;0;1;15;2
16.07.2016;11;0;35;54;0;24;28;19;30;21;32;16;38;12;50;25;0;52;40;28;0;25;28;25;25;31;14;0;20;0;1;17;0
16.07.2016;12;0;33;42;0;30;23;29;29;20;37;20;38;14;57;34;0;47;44;29;0;25;19;22;14;25;16;0;17;0;1;18;2
16.07.2016;13;0;43;48;0;37;17;18;34;27;45;28;36;11;64;41;31;41;56;34;0;36;31;26;23;15;20;0;21;0;0;25;0
16.07.2016;14;0;28;35;0;29;31;22;16;24;37;33;31;6;53;35;51;35;44;32;0;27;34;30;15;13;14;0;25;0;0;19;0
16.07.2016;15;0;32;41;0;32;24;20;37;43;48;32;37;12;61;35;45;40;55;32;0;27;19;22;15;26;19;0;24;0;1;25;0
16.07.2016;16;0;36;45;0;27;14;25;33;31;35;37;39;24;64;30;40;33;47;34;0;30;22;14;9;27;14;0;26;0;2;20;2
16.07.2016;17;0;34;41;0;29;13;17;24;24;37;23;39;25;47;31;30;29;44;35;31;19;24;12;0;14;0;0;17;0;0;30;1
16.07.2016;18;0;20;41;0;36;18;23;14;15;40;28;33;21;57;36;29;30;39;29;37;24;28;23;0;0;0;0;0;0;0;34;0
16.07.2016;19;0;28;41;0;47;20;25;19;20;48;27;33;24;59;50;37;32;36;24;41;22;30;10;0;0;0;0;0;0;1;40;1
16.07.2016;20;0;18;51;0;42;16;17;22;11;36;25;40;19;46;37;25;26;24;29;42;28;24;0;0;0;0;0;0;0;1;42;2
16.07.2016;21;0;0;31;0;32;20;19;29;0;32;28;32;17;0;50;0;48;0;36;0;31;22;0;0;0;0;0;0;0;0;26;0
16.07.2016;22;0;0;39;0;34;22;16;35;0;28;16;33;15;0;38;0;27;0;35;0;33;17;0;0;0;0;0;0;0;0;31;0
16.07.2016;23;0;0;30;0;32;27;10;24;0;20;8;18;15;0;36;0;23;0;16;0;26;18;0;0;0;0;0;0;0;0;26;0
16.07.2016;24;;0;24;0;23;30;19;24;0;16;7;17;15;0;27;0;26;0;22;0;15;16;0;0;0;0;0;0;0;0;13;0
17.07.2016;1;0;0;33;0;19;23;15;23;0;17;8;18;17;0;31;0;25;0;26;0;12;32;0;0;0;0;0;0;0;0;11;0
17.07.2016;2;0;0;19;0;21;18;24;17;0;25;3;13;9;0;35;0;19;0;18;0;13;25;0;0;0;0;0;0;0;1;11;0
17.07.2016;3;0;0;22;0;26;31;18;18;0;24;6;19;9;0;19;0;28;0;23;0;14;20;0;0;0;0;0;0;0;1;18;0
17.07.2016;4;0;0;40;11;38;32;16;33;0;35;9;25;11;0;28;0;24;0;45;0;33;12;0;0;0;0;0;0;8;0;28;0
17.07.2016;5;0;14;43;13;32;19;21;35;12;41;25;29;21;34;36;15;24;35;39;34;26;16;0;0;0;0;0;0;20;0;29;0
17.07.2016;6;0;21;30;0;29;7;28;18;10;36;30;35;19;41;29;26;28;38;31;38;34;21;0;0;0;0;0;0;11;1;30;0
17.07.2016;7;0;26;31;0;38;17;25;29;7;37;17;43;15;5;49;17;23;37;36;34;27;23;0;0;0;0;0;0;0;0;29;0
17.07.2016;8;0;20;37;0;27;15;23;33;12;48;33;44;14;0;56;24;33;33;37;43;36;33;0;0;7;0;0;17;0;0;24;0
17.07.2016;9;0;25;35;0;29;17;16;28;17;32;27;43;18;0;55;11;36;46;43;17;19;35;8;0;13;9;0;23;0;0;29;0
17.07.2016;10;0;31;35;0;13;24;9;25;22;32;19;34;23;0;50;0;40;40;26;0;24;28;13;0;16;12;0;30;0;0;12;0
17.07.2016;11;0;35;36;0;19;23;17;35;24;33;16;47;31;0;59;0;50;50;50;0;26;21;19;0;26;16;0;24;0;1;10;0
17.07.2016;12;0;38;44;0;22;22;16;25;19;49;18;47;28;0;64;0;41;47;37;0;35;27;17;0;27;10;0;18;0;0;15;0
17.07.2016;13;0;40;35;0;38;17;21;29;18;40;33;35;34;48;45;0;59;38;32;0;35;35;16;0;17;23;0;22;0;0;27;1
17.07.2016;14;0;36;36;0;25;24;24;30;32;40;34;34;29;51;37;0;57;52;28;0;23;30;25;0;18;18;0;24;0;0;19;0
17.07.2016;15;0;32;36;0;27;20;18;29;34;41;27;32;26;63;41;0;58;51;34;0;33;27;32;0;24;18;0;14;0;1;17;0
17.07.2016;16;0;25;32;0;29;13;18;25;20;41;33;36;16;57;42;0;53;45;37;0;30;19;18;0;19;11;0;15;0;0;22;1
17.07.2016;17;0;28;40;0;39;21;21;24;24;39;25;44;26;46;35;0;46;38;34;0;44;32;1;0;5;0;0;8;0;0;38;0
17.07.2016;18;0;27;50;0;33;21;24;21;17;40;25;44;24;62;38;0;45;36;39;0;35;42;0;0;0;0;0;0;0;1;32;0
17.07.2016;19;0;31;45;0;30;15;20;20;22;43;31;43;26;53;36;0;51;32;33;47;39;32;0;0;0;0;0;0;0;0;38;0
17.07.2016;20;0;10;50;0;39;10;18;25;5;43;26;36;29;42;29;0;38;15;28;20;46;28;0;0;0;0;0;0;0;1;41;0
17.07.2016;21;0;0;30;0;41;16;22;28;0;28;30;41;19;7;39;0;42;0;32;0;38;29;0;0;0;0;0;0;0;0;39;0
17.07.2016;22;0;0;33;0;41;20;18;33;0;30;20;29;13;0;36;0;32;0;35;0;48;25;0;0;0;0;0;0;0;0;37;0
17.07.2016;23;0;0;29;0;40;36;12;27;0;22;12;24;17;0;31;0;20;0;23;0;42;22;0;0;0;0;0;0;0;0;36;0
17.07.2016;24;0;0;22;0;23;24;15;25;0;15;11;12;21;0;24;0;14;0;13;0;12;8;0;0;0;0;0;0;0;0;13;0
18.07.2016;1;0;0;24;0;22;26;28;19;0;13;4;15;23;0;23;0;10;0;19;0;8;27;0;0;0;0;0;0;0;0;8;0
18.07.2016;2;0;0;26;0;23;19;33;22;0;27;8;6;29;0;36;0;27;0;18;0;14;27;0;0;0;0;0;0;0;1;12;0
18.07.2016;3;0;0;32;0;32;24;20;29;0;28;1;12;24;0;28;0;12;0;24;0;17;21;0;0;0;0;0;0;0;1;17;0
18.07.2016;4;0;0;32;4;45;22;21;26;0;27;2;25;19;1;35;1;7;6;36;0;31;17;0;0;0;0;0;0;0;0;45;0
18.07.2016;5;0;26;37;23;35;17;33;19;10;35;15;24;26;37;39;33;21;30;32;28;18;13;0;0;0;0;0;0;3;0;54;0
18.07.2016;6;0;18;25;6;23;6;40;16;13;40;30;35;18;51;37;32;29;31;23;28;28;19;0;0;0;0;0;0;13;0;21;0
18.07.2016;7;0;24;36;0;33;17;32;34;8;45;24;43;9;52;42;28;26;44;33;31;33;22;0;0;2;0;0;0;4;4;26;0
18.07.2016;8;0;23;54;0;36;17;21;29;12;49;28;49;18;49;46;35;32;45;44;21;17;25;1;0;8;6;0;0;0;3;33;0
18.07.2016;9;0;31;44;0;23;19;17;39;16;47;31;41;26;62;46;42;39;52;42;19;9;37;6;0;11;14;0;9;0;1;24;0
18.07.2016;10;1;28;44;0;28;21;35;24;21;21;23;43;22;51;28;37;24;40;37;22;25;31;13;0;14;3;0;29;0;2;24;0
18.07.2016;11;0;42;48;0;25;21;32;42;19;28;19;54;32;47;32;41;25;54;58;0;31;24;15;0;16;0;0;20;0;1;20;2
18.07.2016;12;0;25;32;0;25;22;43;27;17;44;23;40;18;56;45;41;24;34;35;0;32;29;24;0;13;0;0;20;0;1;18;2
18.07.2016;13;2;31;35;0;34;13;36;44;23;48;32;30;6;66;44;36;33;46;26;25;25;29;19;0;12;0;0;17;0;0;19;4
18.07.2016;14;0;31;44;0;34;25;36;36;38;46;35;29;16;60;40;44;32;53;30;34;23;39;26;0;13;0;0;21;0;0;25;4
18.07.2016;15;0;20;33;0;28;26;42;22;41;45;25;38;20;67;41;48;31;62;37;42;19;23;33;0;14;0;0;18;0;2;25;2
18.07.2016;16;0;23;50;0;31;13;32;19;49;45;30;35;20;56;43;33;33;47;27;35;24;25;11;0;11;0;0;26;0;1;29;4
18.07.2016;17;1;17;49;0;33;14;22;17;28;48;24;40;20;58;44;29;26;34;35;40;24;39;0;0;11;0;0;5;0;0;38;1
18.07.2016;18;1;17;51;0;33;18;20;12;28;41;23;42;15;54;41;36;25;39;40;38;25;40;0;0;0;0;0;0;0;0;39;1
18.07.2016;19;0;23;39;0;35;20;28;23;25;48;24;42;24;53;42;33;23;45;39;40;23;33;0;0;0;0;0;0;0;1;34;1
18.07.2016;20;0;19;43;0;51;9;30;25;17;47;27;37;24;50;41;31;33;23;30;42;34;34;0;0;0;0;0;0;0;1;47;0
18.07.2016;21;0;0;33;0;36;20;25;32;3;31;27;44;23;28;35;20;37;14;36;19;35;21;0;0;0;0;0;0;0;0;32;0
18.07.2016;22;0;0;28;0;40;13;18;33;0;21;13;43;9;0;22;0;30;0;51;0;38;8;0;0;0;0;0;0;0;1;34;0
18.07.2016;23;0;0;30;0;39;19;11;30;0;18;13;25;9;0;24;0;20;0;36;0;41;11;0;0;0;0;0;0;0;0;34;0
18.07.2016;24;0;0;20;0;23;13;17;22;0;9;9;15;13;0;21;0;11;0;24;0;16;11;0;0;0;0;0;0;0;0;13;0
19.07.2016;1;0;0;24;0;18;19;13;18;0;14;3;10;11;0;24;0;11;0;15;0;12;26;0;0;0;0;0;0;0;0;9;0
19.07.2016;2;0;0;29;0;24;22;20;19;0;24;9;9;18;0;33;0;22;0;17;0;16;25;0;0;0;0;0;0;0;1;19;0
19.07.2016;3;0;0;30;0;30;29;10;12;0;24;0;11;22;0;24;0;12;0;9;0;14;24;0;0;0;0;0;0;0;1;25;0
19.07.2016;4;0;0;25;7;41;24;17;25;0;32;13;31;16;4;28;7;26;10;38;8;31;16;0;0;0;0;0;0;8;0;33;0
19.07.2016;5;0;28;41;16;34;18;26;26;13;43;26;35;20;41;41;22;30;45;32;40;26;12;0;0;0;0;0;0;20;0;29;2
19.07.2016;6;0;20;35;0;29;12;30;27;9;46;34;46;13;50;41;31;33;45;38;31;28;22;0;0;0;0;0;0;12;1;19;1
19.07.2016;7;0;28;42;0;34;22;37;40;19;34;25;41;12;57;36;26;25;51;33;27;26;28;0;0;0;0;0;0;0;0;21;0
19.07.2016;8;1;25;53;0;18;17;17;28;15;42;37;43;13;53;39;30;37;43;33;28;20;38;0;0;0;8;0;6;0;0;17;0
19.07.2016;9;0;31;49;0;32;14;15;33;18;28;35;44;19;47;29;36;39;49;41;21;9;39;0;0;8;13;0;19;0;0;24;1
19.07.2016;10;1;42;53;0;26;19;12;23;21;33;22;36;32;47;35;27;22;40;34;31;16;34;0;0;26;13;0;22;0;0;22;4
19.07.2016;11;1;33;47;0;22;19;27;26;23;30;19;40;32;38;30;31;27;34;31;23;18;31;0;0;16;5;0;18;0;0;13;2
19.07.2016;12;2;28;36;0;21;15;34;28;16;39;25;40;18;54;38;41;27;39;39;22;17;28;10;10;12;0;0;17;0;1;13;3
19.07.2016;13;0;38;51;0;35;14;19;34;18;48;27;29;6;54;45;38;30;36;27;33;16;26;20;20;9;9;0;13;0;0;23;1
19.07.2016;14;0;23;45;0;38;12;18;23;27;49;32;30;4;65;46;42;35;39;34;28;16;25;24;19;9;23;0;9;0;0;21;1
19.07.2016;15;0;25;37;0;38;12;27;39;31;43;17;40;4;68;43;39;27;53;46;29;7;31;22;17;13;22;0;9;0;1;26;1
19.07.2016;16;0;28;49;0;31;14;19;32;23;36;27;41;13;53;40;42;29;35;37;28;12;21;12;16;10;9;0;9;0;1;22;3
19.07.2016;17;1;32;51;0;32;14;25;26;24;44;21;41;23;51;40;28;24;50;43;34;20;23;15;0;6;0;0;1;0;0;33;1
19.07.2016;18;0;22;61;0;40;21;25;24;26;36;33;45;16;45;32;37;38;45;51;38;21;28;16;0;0;0;0;0;0;2;40;0
19.07.2016;19;0;31;52;0;41;15;31;25;23;47;32;42;28;51;50;40;33;41;39;49;25;27;2;0;0;0;0;0;0;1;36;1
19.07.2016;20;0;22;47;0;41;16;19;33;14;50;27;43;18;53;46;24;25;32;34;49;22;24;0;0;0;0;0;0;0;1;38;2
19.07.2016;21;0;1;49;0;34;16;29;45;0;32;20;38;21;14;43;9;34;17;49;14;33;13;0;0;0;0;0;0;0;0;31;1
19.07.2016;22;0;0;32;0;30;13;20;29;0;24;20;35;17;0;28;0;26;0;44;0;41;9;0;0;0;0;0;0;0;0;28;0
19.07.2016;23;0;0;20;0;34;14;12;21;0;15;12;21;11;0;17;0;15;0;25;0;31;9;0;0;0;0;0;0;0;0;28;0
19.07.2016;24;0;0;23;0;23;17;17;29;0;13;9;17;11;0;19;0;19;0;21;0;14;13;0;0;0;0;0;0;0;0;14;0
20.07.2016;1;0;0;23;0;16;20;10;17;0;13;5;10;8;0;24;0;12;0;12;0;7;26;0;0;0;0;0;0;0;0;7;0
20.07.2016;2;0;0;29;0;21;19;17;24;0;25;5;5;18;0;31;0;19;0;13;0;12;23;0;0;0;0;0;0;0;0;11;0
20.07.2016;3;0;0;29;0;34;32;11;23;0;25;6;13;16;0;30;0;19;0;16;0;22;20;0;0;0;0;0;0;0;2;23;0
20.07.2016;4;0;0;35;6;44;28;14;26;0;35;10;30;11;4;37;1;21;7;28;0;45;18;0;0;0;0;0;0;13;0;35;0
20.07.2016;5;0;21;43;15;34;16;15;28;16;37;32;44;21;30;36;19;32;49;38;41;33;14;0;0;0;0;1;0;25;0;29;0
20.07.2016;6;0;22;29;3;29;11;25;26;9;45;33;42;15;53;39;35;31;43;34;40;34;18;0;1;2;4;0;3;11;1;24;1
20.07.2016;7;0;26;29;0;34;12;19;38;16;37;20;49;2;56;35;23;25;54;55;30;16;20;1;10;7;19;0;15;0;0;26;0
20.07.2016;8;0;23;42;0;20;12;20;33;12;45;31;38;3;52;46;27;36;42;44;31;22;24;3;11;6;12;0;10;0;0;18;0
20.07.2016;9;1;29;40;0;39;19;20;36;18;28;30;37;4;48;31;31;39;38;44;6;33;25;10;12;7;19;0;20;0;0;28;0
20.07.2016;10;0;37;40;0;22;24;19;24;21;39;22;40;3;53;38;42;28;35;37;0;26;30;20;32;27;10;0;32;0;0;19;1
20.07.2016;11;0;38;46;0;22;23;21;35;30;34;22;46;2;55;30;42;26;55;45;22;15;22;20;32;14;9;0;18;0;1;19;0
20.07.2016;12;0;25;35;0;19;20;26;24;22;35;23;34;7;54;39;42;27;37;28;16;13;22;21;19;13;13;0;9;0;1;16;0
20.07.2016;13;0;40;42;0;27;24;19;35;22;44;26;44;7;52;40;35;33;53;45;31;18;25;23;26;18;14;0;17;0;2;31;5
20.07.2016;14;0;30;40;0;32;28;24;35;31;48;36;36;2;54;45;39;35;51;34;24;15;34;21;25;15;20;0;20;0;0;27;1
20.07.2016;15;0;31;35;0;31;20;31;34;30;38;24;36;3;65;36;34;23;56;37;31;11;37;27;22;15;25;0;15;0;1;24;0
20.07.2016;16;0;23;54;0;28;17;24;32;17;43;27;33;6;58;43;33;27;46;25;32;18;16;20;11;6;16;0;13;0;0;24;0
20.07.2016;17;0;24;47;0;25;15;23;18;21;43;21;42;15;55;40;21;16;36;39;30;18;22;14;0;0;0;0;0;0;0;24;0
20.07.2016;18;0;21;44;0;29;14;31;15;24;51;29;37;20;60;47;25;30;37;37;31;21;30;13;0;0;0;0;0;0;2;31;0
20.07.2016;19;0;28;49;0;38;21;32;22;30;43;20;42;29;51;31;33;25;53;40;50;20;29;3;0;0;0;0;0;0;1;38;1
20.07.2016;20;0;9;36;0;41;11;17;20;24;41;27;48;25;44;33;39;30;47;47;34;15;21;0;0;0;0;0;0;0;1;38;2
20.07.2016;21;0;0;37;0;32;13;23;43;2;32;22;38;14;33;37;14;29;26;49;16;10;17;0;0;0;0;0;0;0;0;22;0
20.07.2016;22;2;0;33;0;27;19;20;34;0;30;13;39;11;0;33;0;20;0;53;0;44;16;0;0;0;0;0;0;0;0;28;0
20.07.2016;23;0;0;30;0;39;21;11;21;0;15;12;21;12;0;14;0;21;0;27;0;34;13;0;0;0;0;0;0;0;0;38;0
20.07.2016;24;0;0;19;0;24;8;15;19;0;14;9;9;12;0;19;0;15;0;16;0;9;9;0;0;0;0;0;0;0;0;14;0
