01.03.2018;1;0;1;3;15;0;15;0;3;0;6;0;3;0;0;16;0;3;0;9;0;0;0;14;4;0;4;0;10;0;0;8;0;0
01.03.2018;2;0;1;3;19;0;22;0;5;0;9;0;10;0;0;20;0;10;0;20;0;0;0;23;13;0;11;0;11;0;0;14;0;0
01.03.2018;3;0;3;6;29;13;33;0;13;0;16;0;30;0;0;29;0;39;0;42;0;0;0;13;25;0;11;0;13;0;0;24;0;0
01.03.2018;4;0;12;15;33;17;22;1;18;6;25;9;32;0;0;36;0;40;0;38;3;0;0;20;27;0;14;0;24;0;0;25;0;0
01.03.2018;5;1;23;36;49;30;38;29;26;45;35;46;33;0;3;22;0;33;0;43;15;0;0;16;12;0;20;6;27;0;0;17;0;0
01.03.2018;6;3;27;54;47;51;43;25;25;37;30;36;22;0;18;35;0;26;0;27;8;0;0;16;8;0;31;12;26;0;0;9;0;0
01.03.2018;7;0;23;46;43;53;41;25;23;37;31;28;22;0;19;32;1;30;0;29;0;0;0;28;19;0;26;15;29;0;0;10;0;1
01.03.2018;8;0;44;47;41;44;34;29;42;39;32;37;22;0;17;31;12;31;0;25;0;0;0;31;22;0;21;17;28;0;0;9;0;0
01.03.2018;9;0;19;33;44;42;37;24;23;32;17;28;18;0;30;35;27;31;0;36;0;0;0;28;23;0;25;15;25;0;0;23;0;0
01.03.2018;10;0;17;56;39;45;37;31;25;38;36;33;18;0;38;38;30;30;0;31;0;0;0;34;35;0;25;21;23;0;0;45;0;2
01.03.2018;11;0;28;47;40;46;37;32;31;32;29;25;20;0;24;19;21;23;0;26;0;0;13;32;27;0;33;17;19;0;0;26;0;2
01.03.2018;12;0;22;28;37;43;29;35;21;38;27;33;13;0;36;26;29;28;0;23;0;0;15;20;25;0;22;18;22;0;0;26;0;3
01.03.2018;13;0;30;33;45;66;50;38;33;36;30;43;25;0;36;26;24;38;0;39;0;0;18;25;26;0;34;20;19;0;0;27;0;1
01.03.2018;14;0;28;33;42;54;38;31;28;34;33;20;14;0;27;27;16;17;0;26;0;0;23;25;23;0;33;21;21;0;0;18;0;2
01.03.2018;15;0;35;36;44;65;47;42;35;43;27;32;19;0;28;26;26;27;0;33;0;0;25;25;41;0;38;30;28;0;0;29;0;3
01.03.2018;16;0;33;26;49;54;47;51;38;48;25;40;15;0;34;36;28;39;0;40;0;0;23;17;34;0;29;31;26;0;0;34;23;5
01.03.2018;17;0;38;40;50;49;48;32;35;44;40;37;14;0;13;23;21;30;0;30;0;0;17;23;23;0;25;31;19;0;0;25;18;0
01.03.2018;18;1;25;42;51;59;45;22;24;37;40;45;25;0;22;41;8;38;0;34;0;0;15;21;18;0;27;22;13;0;0;18;0;0
01.03.2018;19;0;23;34;58;56;43;27;28;24;28;41;30;0;16;23;0;38;0;36;0;0;7;32;7;0;23;17;8;0;0;23;0;0
01.03.2018;20;0;30;28;52;52;36;27;33;26;28;52;27;0;9;39;0;46;0;51;0;0;0;28;6;0;20;14;18;0;0;18;0;0
01.03.2018;21;0;27;23;42;37;41;18;30;23;25;25;28;0;0;35;0;27;0;34;0;0;0;21;7;0;23;0;30;0;0;15;0;0
01.03.2018;22;0;27;24;29;0;30;0;37;0;36;0;43;0;0;23;0;41;0;45;0;0;0;17;9;0;17;0;24;0;0;10;0;0
01.03.2018;23;0;15;17;17;0;19;0;19;0;18;0;29;0;0;22;0;28;0;39;0;0;0;10;13;0;18;0;17;0;0;8;0;0
01.03.2018;24;0;5;8;13;0;19;0;15;0;15;0;9;0;0;16;0;10;0;21;0;0;0;11;10;0;15;0;15;0;0;9;0;0
02.03.2018;1;0;1;7;13;0;15;0;8;0;8;0;8;0;0;17;0;7;0;11;0;0;0;16;1;0;6;0;12;0;0;9;0;0
02.03.2018;2;0;2;3;18;0;24;0;10;0;10;0;5;0;0;23;0;7;0;28;0;0;0;23;14;0;18;0;14;0;0;17;0;0
02.03.2018;3;0;3;5;32;0;36;0;12;0;18;0;23;0;0;34;0;28;0;47;0;0;0;24;33;0;21;0;15;0;0;26;0;0
02.03.2018;4;0;10;15;39;10;46;4;18;14;19;14;33;0;7;34;0;29;4;41;15;0;0;30;29;0;17;13;15;0;0;22;0;0
02.03.2018;5;0;30;33;53;46;42;35;30;52;40;43;20;0;16;27;0;22;13;36;25;0;0;11;14;0;26;18;14;0;0;17;0;0
02.03.2018;6;0;37;46;45;55;41;31;31;46;47;41;21;0;17;29;0;26;0;26;12;0;0;24;13;0;32;11;21;0;0;13;0;0
02.03.2018;7;0;21;38;38;47;33;27;24;37;35;37;23;0;18;31;0;28;0;31;0;0;0;23;13;0;29;15;26;0;0;8;0;0
02.03.2018;8;0;38;45;51;66;52;28;43;49;46;38;26;0;14;41;8;33;0;40;0;0;0;32;21;0;40;12;32;0;0;8;0;0
02.03.2018;9;0;29;29;40;48;35;30;33;42;27;26;24;0;33;30;33;29;0;33;0;0;0;38;29;0;26;16;39;0;0;19;0;0
02.03.2018;10;0;19;39;47;41;44;30;23;35;33;30;15;0;43;26;39;26;0;26;0;0;0;35;32;0;26;19;22;0;0;34;0;2
02.03.2018;11;0;20;32;42;53;42;43;23;37;29;21;13;0;29;13;22;17;0;21;0;0;0;35;38;0;33;12;23;0;0;26;0;2
02.03.2018;12;0;24;25;46;52;34;37;31;41;21;29;19;0;24;31;27;25;0;19;0;0;14;29;26;0;22;17;27;7;0;24;0;3
02.03.2018;13;0;35;32;51;65;41;45;45;47;28;42;23;0;26;23;28;41;0;44;0;0;27;22;27;0;22;20;24;19;0;28;0;3
02.03.2018;14;0;32;33;51;60;44;42;40;45;27;26;23;0;24;41;4;22;0;37;0;0;25;28;28;0;33;24;22;26;0;22;0;2
02.03.2018;15;0;33;40;51;58;40;37;32;62;41;39;30;0;21;48;0;22;0;36;0;0;21;38;34;0;32;23;31;22;0;21;0;0
02.03.2018;16;0;37;35;53;57;48;34;33;45;24;43;27;0;34;61;0;44;0;49;0;0;14;26;27;0;35;24;27;0;0;27;0;0
02.03.2018;17;0;37;42;46;55;41;36;34;45;40;40;22;0;20;44;0;35;0;35;0;0;0;37;18;0;37;26;20;0;0;29;0;0
02.03.2018;18;0;29;46;59;71;61;27;29;42;38;46;24;0;21;38;0;44;0;51;0;0;0;38;19;0;44;20;17;0;0;23;0;0
02.03.2018;19;0;30;56;59;73;57;40;34;42;35;41;20;0;16;43;0;32;0;31;0;0;0;47;19;0;40;17;21;0;0;25;0;0
02.03.2018;20;0;30;37;57;53;48;30;31;21;22;46;23;0;0;35;0;48;0;54;0;0;0;28;8;0;42;0;36;0;0;21;0;0
02.03.2018;21;0;27;30;44;20;36;15;32;21;30;21;24;0;0;30;0;26;0;42;0;0;0;25;13;0;25;0;40;0;0;8;0;0
02.03.2018;22;0;30;31;25;0;26;0;32;0;32;0;40;0;0;27;0;34;0;41;0;0;0;17;8;0;27;0;31;0;0;7;0;0
02.03.2018;23;0;12;14;20;0;27;0;15;0;18;0;23;0;0;31;0;23;0;44;0;0;0;12;12;0;24;0;21;0;0;11;0;0
02.03.2018;24;0;9;10;4;0;12;0;16;0;14;0;7;0;0;24;0;7;0;16;0;0;0;12;16;0;19;0;18;0;0;13;0;0
03.03.2018;1;0;7;8;14;0;17;0;10;0;9;0;9;0;0;20;0;7;0;10;0;0;0;21;7;0;8;0;10;0;0;7;0;0
03.03.2018;2;0;6;3;26;0;29;0;13;0;15;0;12;0;0;20;0;13;0;29;0;0;0;21;16;0;15;0;19;0;0;14;0;0
03.03.2018;3;0;1;9;31;0;43;0;15;0;14;0;35;0;0;19;0;43;0;42;0;0;0;28;22;0;16;0;18;0;0;14;0;0
03.03.2018;4;1;11;28;32;2;31;6;23;5;31;6;28;0;0;29;0;37;0;35;0;0;0;22;30;0;10;0;27;0;0;17;0;0
03.03.2018;5;0;23;52;43;36;38;31;35;42;31;34;30;0;6;24;0;47;0;42;0;0;0;15;18;0;25;5;19;0;0;15;0;0
03.03.2018;6;0;28;40;50;52;47;29;25;34;29;34;30;0;17;28;0;29;0;26;0;0;0;17;10;0;29;8;24;0;0;10;0;0
03.03.2018;7;0;18;32;48;56;43;27;16;30;24;8;34;0;20;34;0;20;0;28;0;0;0;30;14;0;32;9;22;0;0;10;0;0
03.03.2018;8;0;42;41;38;51;38;5;51;37;34;0;39;0;17;37;2;31;0;35;0;0;0;28;22;0;33;15;27;0;0;8;0;2
03.03.2018;9;0;29;35;40;46;36;0;56;38;31;0;32;0;27;31;33;33;0;36;0;0;0;39;34;0;28;18;32;0;0;16;0;0
03.03.2018;10;1;17;37;49;40;41;0;39;39;28;0;29;0;30;25;40;23;0;24;0;0;0;36;35;0;28;23;19;0;0;29;0;0
03.03.2018;11;0;18;37;38;60;31;0;44;43;38;0;36;0;15;19;22;19;0;23;0;0;0;42;33;0;34;22;21;0;0;19;0;0
03.03.2018;12;0;22;25;40;44;32;19;36;31;23;0;35;0;25;26;29;28;0;26;0;0;0;43;27;0;18;16;25;0;0;21;0;0
03.03.2018;13;0;25;39;41;58;34;32;29;35;32;0;32;0;28;17;24;28;0;32;0;0;18;34;23;0;27;18;22;0;0;25;0;0
03.03.2018;14;0;29;26;43;54;41;35;30;30;21;0;32;0;14;31;11;21;0;21;0;0;23;29;20;0;33;18;20;0;0;14;0;0
03.03.2018;15;0;27;35;50;72;46;41;24;48;35;19;16;0;24;44;0;17;0;24;0;0;31;30;41;0;31;29;25;0;0;21;0;0
03.03.2018;16;0;30;27;50;54;49;44;37;42;24;40;19;0;29;62;0;38;0;47;0;0;12;27;32;0;31;31;27;0;0;24;0;0
03.03.2018;17;0;31;38;51;45;46;42;33;29;38;32;17;0;15;38;0;29;0;28;0;0;0;29;30;0;23;20;15;0;0;18;0;0
03.03.2018;18;0;22;29;53;46;42;24;25;26;25;33;22;0;16;33;0;33;0;30;0;0;0;36;19;0;24;22;12;0;0;17;0;0
03.03.2018;19;0;22;30;54;50;41;20;21;28;26;43;28;0;15;39;0;32;0;32;0;0;0;48;18;0;21;20;17;0;0;13;0;0
03.03.2018;20;0;25;27;54;55;39;36;27;21;20;51;25;0;17;42;0;46;0;62;0;0;0;30;9;0;30;0;27;0;0;25;0;0
03.03.2018;21;0;26;18;45;21;34;17;30;12;27;18;30;0;0;28;0;19;0;35;0;0;0;16;9;0;29;0;26;0;0;16;0;0
03.03.2018;22;0;23;24;19;0;20;0;28;0;38;0;36;0;0;27;0;33;0;42;0;0;0;13;7;0;23;0;29;0;0;11;0;0
03.03.2018;23;0;12;12;20;0;19;0;23;0;21;0;26;0;0;23;0;27;0;41;0;0;0;9;9;0;17;0;20;0;0;8;0;0
03.03.2018;24;0;9;10;12;0;21;0;11;0;14;0;9;0;0;15;0;8;0;21;0;0;0;12;8;0;20;0;13;0;0;6;0;0
04.03.2018;1;0;2;8;13;0;14;0;5;0;12;0;5;0;0;16;0;4;0;13;0;0;0;13;2;0;10;0;9;0;0;4;0;0
04.03.2018;2;0;1;3;23;0;33;0;10;0;13;0;12;0;0;23;0;11;0;26;0;0;0;22;9;0;15;0;16;0;0;10;0;0
04.03.2018;3;0;5;4;28;0;38;0;10;0;18;0;27;0;0;30;0;37;0;43;0;0;0;22;24;0;13;0;23;0;0;20;0;0
04.03.2018;4;0;6;14;35;4;32;1;16;11;26;5;31;0;0;40;0;28;3;27;7;0;0;13;33;0;9;0;29;0;0;25;0;0
04.03.2018;5;0;19;21;35;27;29;24;23;29;17;29;21;0;5;22;0;25;9;28;15;0;0;9;17;0;17;2;17;0;0;17;0;0
04.03.2018;6;0;28;28;41;40;32;28;28;39;27;29;20;0;19;26;0;22;0;24;15;0;0;13;10;0;25;9;27;0;0;14;0;0
04.03.2018;7;1;23;25;35;51;35;27;22;25;18;17;15;0;18;34;0;18;0;28;0;0;0;23;14;0;24;13;20;0;0;10;0;0
04.03.2018;8;1;22;36;40;48;38;17;19;40;30;39;33;0;14;35;0;30;0;30;0;0;0;31;13;0;18;12;28;0;0;9;0;0
04.03.2018;9;0;31;41;45;55;45;28;29;34;38;30;16;0;20;50;4;29;0;39;0;0;0;29;23;0;29;9;28;0;0;16;0;0
04.03.2018;10;0;14;36;47;50;45;2;29;36;27;4;33;0;37;40;47;29;0;26;0;0;0;39;26;0;28;29;29;0;0;31;0;0
04.03.2018;11;0;20;37;45;49;41;0;39;43;33;0;24;0;19;37;0;10;0;20;0;0;0;40;27;0;33;19;29;0;0;18;0;0
04.03.2018;12;0;23;36;46;51;43;31;30;34;28;18;20;0;32;54;0;21;0;18;0;0;7;39;27;0;20;13;33;0;0;18;0;0
04.03.2018;13;0;31;33;49;55;38;49;32;39;31;30;14;0;29;54;0;31;0;32;0;0;18;22;27;0;29;20;20;0;0;31;0;0
04.03.2018;14;0;29;37;56;59;53;39;30;42;29;35;12;0;14;42;3;29;0;33;0;0;25;44;31;0;35;22;17;0;0;23;0;0
04.03.2018;15;0;35;25;43;55;46;46;30;43;37;19;7;0;24;30;26;20;0;38;0;0;36;37;34;0;37;28;28;0;0;24;41;0
04.03.2018;16;0;38;36;50;39;42;39;36;46;33;42;30;0;32;31;37;32;0;37;0;0;29;24;28;0;36;28;26;0;0;22;45;0
04.03.2018;17;0;33;30;44;50;45;38;29;48;31;34;6;0;13;39;11;36;0;43;0;0;23;22;27;0;30;27;18;0;0;19;36;0
04.03.2018;18;0;29;43;54;53;46;30;28;49;38;42;14;0;13;35;0;33;0;37;0;0;10;21;12;0;32;23;15;0;0;16;38;0
04.03.2018;19;0;23;33;52;53;47;26;29;34;24;31;15;0;14;40;0;25;0;31;0;0;0;31;14;0;29;15;17;0;0;17;2;0
04.03.2018;20;0;35;37;60;59;48;37;39;29;21;55;42;0;0;38;0;34;0;50;9;0;0;38;16;0;33;0;31;0;0;25;0;0
04.03.2018;21;0;21;29;64;16;52;6;37;0;32;39;39;0;0;28;0;37;0;57;7;0;0;23;14;0;30;0;33;0;0;19;0;0
04.03.2018;22;0;23;28;32;0;20;0;27;0;26;0;46;0;0;29;0;33;0;37;0;0;0;13;12;0;18;0;29;0;0;9;0;0
04.03.2018;23;0;16;11;27;0;25;0;16;0;23;0;40;0;0;29;0;36;0;46;0;0;0;13;15;0;16;0;25;0;0;14;0;0
04.03.2018;24;0;6;5;12;0;15;0;7;0;10;0;15;0;0;24;0;16;0;25;0;0;0;9;13;0;14;0;15;0;0;11;0;0
05.03.2018;1;0;5;10;12;0;15;0;10;0;3;0;4;0;0;20;0;3;0;7;0;0;0;18;11;0;8;0;11;0;0;10;0;0
05.03.2018;2;0;3;2;20;0;22;0;9;0;10;0;8;0;0;19;0;5;0;18;0;0;0;23;10;0;11;0;22;0;0;14;0;0
05.03.2018;3;0;2;6;25;0;32;0;10;0;14;0;30;0;0;22;0;33;0;44;0;0;0;25;26;0;10;0;26;0;0;21;0;0
05.03.2018;4;0;15;18;39;0;37;0;24;4;29;2;34;0;0;32;0;36;0;46;8;0;0;27;31;0;20;0;25;0;0;14;0;0
05.03.2018;5;0;26;27;38;29;18;15;33;40;27;35;22;0;17;28;0;30;0;49;25;0;0;16;17;0;23;13;18;0;0;15;0;0
05.03.2018;6;0;36;42;46;43;22;32;41;55;39;37;23;0;18;26;0;29;0;26;8;0;0;18;11;0;29;12;20;0;0;17;0;0
05.03.2018;7;0;30;49;52;65;46;42;33;54;39;30;15;0;23;40;0;23;0;22;0;0;0;26;10;0;32;13;30;0;0;13;0;0
05.03.2018;8;0;34;36;43;54;32;30;41;46;25;38;17;0;18;41;0;33;0;30;0;0;0;26;20;0;33;10;35;0;0;10;0;0
05.03.2018;9;0;27;28;39;41;34;30;37;32;31;34;19;0;26;48;16;35;0;37;0;0;0;27;20;0;26;18;30;0;0;18;0;0
05.03.2018;10;0;19;40;59;49;54;34;25;44;33;31;24;0;37;30;38;25;0;26;0;0;0;36;26;0;30;21;29;0;0;27;0;0
05.03.2018;11;0;21;33;50;64;43;41;24;48;30;36;12;0;32;20;39;23;0;28;0;0;0;33;29;0;40;16;29;0;0;29;0;0
05.03.2018;12;0;18;31;47;60;42;32;20;34;24;28;15;0;26;24;38;19;0;22;0;0;12;28;18;0;29;19;24;5;0;21;0;0
05.03.2018;13;0;33;31;51;65;49;51;41;34;28;33;16;0;25;19;26;27;0;32;0;0;16;26;18;0;23;15;19;17;0;30;0;0
05.03.2018;14;0;24;30;47;50;44;34;30;41;31;30;13;0;10;18;22;23;0;34;0;0;12;25;32;0;26;26;17;27;0;14;0;0
05.03.2018;15;0;26;45;52;66;53;47;38;58;40;29;13;0;20;17;29;21;0;34;0;0;23;31;31;0;28;29;26;22;0;17;7;0
05.03.2018;16;0;36;26;48;53;48;43;42;48;26;41;8;0;20;30;26;28;0;40;0;0;17;17;22;0;20;28;22;19;0;19;16;0
05.03.2018;17;0;32;38;50;56;47;33;37;41;32;38;19;0;18;34;16;34;0;43;0;0;19;18;13;0;26;24;15;1;0;19;8;0
05.03.2018;18;0;29;37;53;59;53;30;33;44;38;46;25;0;16;42;0;38;0;36;0;0;15;21;15;0;32;21;17;0;0;16;0;0
05.03.2018;19;0;19;40;55;54;49;25;23;34;26;35;23;0;17;39;0;30;0;30;0;0;7;30;13;0;25;25;17;0;0;24;0;0
05.03.2018;20;0;28;35;62;68;65;34;31;24;19;54;39;0;9;24;0;52;0;53;0;0;0;34;9;0;31;13;16;0;0;20;0;0
05.03.2018;21;0;18;28;39;14;41;11;27;7;21;19;26;0;0;28;0;30;0;37;0;0;0;18;11;0;18;0;30;0;0;10;0;0
05.03.2018;22;0;19;22;19;0;31;0;25;0;22;0;32;0;0;16;0;34;0;40;0;0;0;12;6;0;16;0;22;0;0;5;0;0
05.03.2018;23;0;7;10;25;0;36;0;17;0;12;0;21;0;0;17;0;22;0;30;0;0;0;8;9;0;13;0;15;0;0;5;0;0
05.03.2018;24;0;3;5;7;0;17;0;5;0;7;0;10;0;0;15;0;9;0;16;0;0;0;9;8;0;13;0;13;0;0;8;0;0
06.03.2018;1;0;2;2;13;0;16;0;4;0;2;0;3;0;0;7;0;2;0;7;0;0;0;15;2;0;7;0;9;0;0;3;0;0
06.03.2018;2;0;4;2;19;0;20;0;8;0;10;0;6;0;0;15;0;4;0;20;0;0;0;23;8;0;19;0;16;0;0;6;0;0
06.03.2018;3;0;4;5;27;0;21;0;7;0;12;0;19;0;0;13;0;26;0;36;0;0;0;14;5;0;14;0;14;0;0;4;0;0
06.03.2018;4;0;8;18;32;4;24;2;17;6;20;4;31;0;0;23;0;34;6;40;10;0;0;13;16;0;23;0;18;0;0;13;0;0
06.03.2018;5;0;21;33;41;30;31;31;26;52;33;33;21;0;2;24;0;33;13;25;15;0;0;16;12;0;28;11;21;0;0;16;0;0
06.03.2018;6;0;28;42;47;56;46;33;34;47;37;38;11;0;16;27;0;30;0;29;2;0;0;22;12;0;31;10;27;0;0;11;0;0
06.03.2018;7;0;26;37;49;57;50;34;37;35;27;37;23;0;18;30;1;23;0;19;0;0;0;32;13;0;22;14;22;0;0;8;0;0
06.03.2018;8;0;29;26;42;55;44;29;38;44;24;29;18;0;23;11;28;31;0;36;0;0;0;27;16;0;34;14;34;0;0;13;0;0
06.03.2018;9;0;27;32;37;43;33;24;34;44;33;28;19;0;21;17;33;25;0;29;0;0;0;33;14;0;30;15;27;0;0;14;0;0
06.03.2018;10;0;22;28;38;57;42;27;22;45;25;30;13;0;25;23;40;21;0;27;0;0;0;31;13;0;26;23;27;0;0;17;0;0
06.03.2018;11;0;20;27;35;52;33;34;27;50;29;31;13;0;27;12;23;14;0;15;0;0;7;13;17;0;17;11;20;20;0;21;0;0
06.03.2018;12;0;33;29;52;52;45;32;36;34;25;34;31;0;23;26;36;27;0;21;0;0;18;20;29;0;20;12;28;12;0;23;0;0
06.03.2018;13;0;27;40;48;62;43;35;30;31;23;33;25;0;25;21;28;32;0;34;0;0;21;25;20;0;17;21;19;16;0;29;0;0
06.03.2018;14;0;22;29;46;61;45;30;23;33;22;25;19;0;16;19;21;22;0;33;0;0;27;40;28;0;30;29;16;23;0;15;0;0
06.03.2018;15;0;28;59;43;61;43;34;27;54;34;26;20;0;23;22;22;14;0;22;0;0;26;26;39;0;25;36;20;15;0;23;0;0
06.03.2018;16;0;37;43;43;60;45;35;49;45;21;41;26;0;23;40;22;37;0;44;0;0;18;17;24;0;30;33;22;11;0;24;0;0
06.03.2018;17;0;40;53;44;46;45;27;44;40;31;35;23;0;19;37;0;35;0;32;0;0;11;14;17;0;23;25;24;0;0;19;0;0
06.03.2018;18;0;29;57;56;45;42;16;28;26;25;37;25;0;20;40;0;41;0;39;0;0;10;19;12;0;25;21;17;0;0;16;0;0
06.03.2018;19;0;28;41;55;56;48;36;34;29;30;43;30;0;19;38;0;43;0;47;0;0;11;31;16;0;35;18;12;0;0;24;0;0
06.03.2018;20;0;33;30;58;62;41;40;35;22;31;59;34;0;7;36;0;59;0;57;0;0;0;30;12;0;26;9;20;0;0;20;0;0
06.03.2018;21;0;25;27;39;21;32;20;32;15;33;23;27;0;0;31;0;34;0;41;0;0;0;23;15;0;20;0;32;0;0;15;0;0
06.03.2018;22;0;27;22;25;0;24;0;35;0;34;0;49;0;0;20;0;44;0;41;0;0;0;15;10;0;16;0;23;0;0;6;0;0
06.03.2018;23;0;14;8;21;0;18;0;20;0;16;0;30;0;0;26;0;28;0;33;0;0;0;12;15;0;9;0;18;0;0;12;0;0
06.03.2018;24;0;3;7;6;0;19;0;5;0;10;0;14;0;0;18;0;12;0;17;0;0;0;11;5;0;12;0;14;0;0;4;0;0
07.03.2018;1;0;0;8;16;0;18;0;6;0;3;0;11;0;0;10;0;9;0;14;0;0;0;18;5;0;9;0;5;0;0;6;0;0
07.03.2018;2;0;0;5;19;0;16;0;7;0;8;0;5;0;0;19;0;8;0;25;0;0;0;19;8;0;18;0;8;0;0;9;0;0
07.03.2018;3;0;2;5;23;0;24;0;12;0;10;0;16;0;0;30;0;21;0;36;0;0;0;16;13;0;18;0;15;0;0;17;0;0
07.03.2018;4;0;24;17;39;13;50;6;30;14;26;9;38;0;0;37;0;39;0;39;0;0;0;21;27;0;21;0;24;0;0;23;0;0
07.03.2018;5;4;29;36;44;38;33;34;31;52;34;35;23;0;4;29;0;35;0;49;15;0;0;14;16;0;26;8;32;0;0;16;0;0
07.03.2018;6;4;36;59;51;50;43;28;30;41;29;34;24;0;17;28;0;32;0;21;9;0;0;12;10;0;28;10;24;0;0;9;0;0
07.03.2018;7;0;23;38;44;48;35;11;37;29;20;24;21;0;18;33;1;23;0;25;0;0;0;27;12;0;25;12;24;1;0;8;0;0
07.03.2018;8;0;39;49;49;58;43;0;55;51;40;39;22;0;18;25;18;34;0;36;0;0;0;32;19;0;22;16;35;16;0;7;0;0
07.03.2018;9;0;27;26;46;49;42;0;49;34;20;29;20;0;23;30;38;33;0;31;0;0;0;43;29;0;26;13;31;4;0;17;0;0
07.03.2018;10;0;25;43;40;38;36;0;38;30;26;28;18;0;35;37;34;27;0;23;0;0;5;30;29;0;20;21;20;0;0;32;0;0
07.03.2018;11;0;17;36;38;33;31;0;45;34;27;18;12;0;26;22;22;15;0;19;0;0;11;18;33;0;26;15;23;0;0;30;0;0
07.03.2018;12;0;27;23;47;55;38;33;41;25;18;29;20;0;39;29;27;28;0;27;0;0;22;20;21;0;24;9;22;0;0;34;0;0
07.03.2018;13;0;36;26;51;56;51;47;34;32;21;32;25;0;28;24;27;27;0;36;0;0;20;26;27;0;37;21;17;0;0;28;0;0
07.03.2018;14;0;34;26;50;65;47;44;36;38;22;17;11;0;19;21;25;14;0;27;0;0;30;34;33;0;40;19;16;21;0;17;25;0
07.03.2018;15;0;32;38;50;51;45;47;31;45;39;34;21;0;27;23;27;25;0;35;0;0;32;32;41;0;20;26;30;13;0;21;36;0
07.03.2018;16;0;51;33;49;63;52;40;54;49;40;40;27;0;34;24;34;40;0;45;0;0;18;22;26;0;28;29;34;7;0;23;26;0
07.03.2018;17;1;40;39;54;65;46;46;38;47;37;38;21;0;23;30;30;37;0;45;0;0;0;32;28;0;31;27;24;0;0;24;0;0
07.03.2018;18;0;38;42;53;60;45;38;36;52;47;50;22;0;20;40;0;46;0;48;0;0;0;31;23;0;32;26;19;0;0;17;0;0
07.03.2018;19;0;25;43;56;65;40;26;28;34;40;51;27;0;21;39;0;42;0;28;0;0;0;48;20;0;26;17;17;0;0;24;0;0
07.03.2018;20;0;33;39;54;57;41;41;38;29;39;63;30;0;18;34;0;60;0;55;0;0;0;33;10;0;26;16;18;0;0;25;0;0
07.03.2018;21;0;20;28;43;15;44;11;30;10;34;16;30;0;0;24;0;36;0;45;0;0;0;19;11;0;24;0;26;0;0;11;0;0
07.03.2018;22;0;25;25;23;0;36;0;47;0;46;0;47;0;0;20;0;37;0;38;0;0;0;16;14;0;19;0;30;0;0;7;0;0
07.03.2018;23;0;9;10;18;0;33;0;19;0;15;0;27;0;0;20;0;31;0;34;0;0;0;9;14;0;16;0;23;0;0;7;0;0
07.03.2018;24;0;3;3;8;0;18;0;10;0;4;0;10;0;0;13;0;10;0;14;0;0;0;11;9;0;13;0;11;0;0;11;0;0
08.03.2018;1;0;1;5;13;0;18;0;3;0;4;0;6;0;0;13;0;6;0;9;0;0;0;16;5;0;8;0;7;0;0;5;0;0
08.03.2018;2;0;1;3;19;0;23;0;9;0;12;0;6;0;0;24;0;3;0;17;0;0;0;20;10;0;16;0;14;0;0;13;0;0
08.03.2018;3;0;1;3;31;0;27;0;12;0;10;0;19;0;0;37;0;24;0;41;0;0;0;12;23;0;18;0;16;0;0;21;0;0
08.03.2018;4;0;12;18;34;9;37;3;20;6;24;27;25;0;5;38;0;31;3;36;11;0;0;17;37;0;19;11;22;0;0;27;0;0
08.03.2018;5;0;24;35;43;41;37;37;32;39;32;47;23;0;20;25;0;24;14;35;26;0;0;10;13;0;28;19;13;0;0;22;0;0
08.03.2018;6;0;26;44;54;61;48;40;29;49;43;47;21;0;21;36;0;26;9;20;16;0;0;16;12;0;32;16;28;0;0;13;0;0
08.03.2018;7;0;21;36;48;51;41;32;19;37;32;28;18;0;21;31;0;23;0;18;0;0;0;29;20;0;21;18;22;0;0;13;0;0
08.03.2018;8;0;37;33;45;57;43;25;40;41;29;37;25;0;17;26;16;32;0;30;0;0;0;33;20;0;27;15;27;0;0;8;0;0
08.03.2018;9;0;24;31;41;47;36;27;31;40;25;26;21;0;27;27;37;31;0;36;0;0;0;34;17;0;29;15;31;0;0;21;0;0
08.03.2018;10;0;20;43;38;38;32;29;22;36;37;31;21;0;32;26;37;28;0;28;0;0;0;28;33;0;25;26;23;0;0;37;0;0
08.03.2018;11;0;16;30;41;47;35;31;23;35;26;25;14;0;23;19;26;20;0;17;0;0;0;29;31;0;31;17;23;0;0;24;0;0
08.03.2018;12;0;27;29;46;51;39;46;33;41;27;29;14;0;29;24;33;25;0;19;0;0;17;23;24;0;21;15;26;0;0;27;0;0
08.03.2018;13;0;26;32;45;42;35;40;27;35;27;29;17;0;24;40;9;28;0;29;0;0;13;23;17;0;29;19;16;0;0;22;0;0
08.03.2018;14;0;26;29;48;54;40;31;24;29;21;24;18;0;11;35;0;19;0;24;0;0;32;24;26;0;26;21;14;0;0;12;0;0
08.03.2018;15;0;34;36;52;61;46;44;32;50;30;26;18;0;26;52;0;23;0;28;0;0;34;26;33;0;29;38;32;0;0;20;0;0
08.03.2018;16;0;28;29;52;45;49;36;26;36;24;27;24;0;30;53;0;33;0;35;0;0;20;16;31;0;30;24;23;0;0;32;0;0
08.03.2018;17;0;27;32;41;34;30;24;24;27;24;27;27;0;16;34;0;28;0;26;0;0;14;16;23;0;23;20;16;0;0;21;0;0
08.03.2018;18;0;20;35;48;45;41;22;24;32;25;35;26;0;19;39;0;39;0;36;0;0;15;23;12;0;23;20;13;0;0;18;0;0
08.03.2018;19;0;25;31;61;43;46;32;27;22;29;45;32;0;19;36;0;41;0;39;0;0;8;42;16;0;22;15;9;0;0;23;0;0
08.03.2018;20;0;28;34;49;47;36;29;25;19;22;51;25;0;0;27;0;48;0;51;0;0;0;32;5;0;22;0;19;0;0;19;0;0
08.03.2018;21;0;16;27;39;15;38;5;29;7;27;17;29;0;0;17;0;33;0;38;0;0;0;23;7;0;23;0;20;0;0;8;0;1
08.03.2018;22;0;20;28;21;0;22;0;32;0;28;0;46;0;0;17;0;41;0;46;0;0;0;18;6;0;17;0;19;0;0;9;0;0
08.03.2018;23;0;6;11;19;0;19;0;10;0;13;0;22;0;0;17;0;25;0;33;0;0;0;9;9;0;16;0;13;0;0;10;0;0
08.03.2018;24;0;4;9;8;0;13;0;10;0;11;0;13;0;0;13;0;13;0;20;0;0;0;13;6;0;10;0;10;0;0;4;0;0
09.03.2018;1;0;2;5;14;0;12;0;4;0;3;0;8;0;0;13;0;5;0;10;0;0;0;13;1;0;6;0;5;0;0;3;0;0
09.03.2018;2;0;5;5;20;0;22;0;11;0;10;0;4;0;0;20;0;4;0;17;0;0;0;19;10;0;18;0;15;0;0;10;0;0
09.03.2018;3;0;2;4;30;0;23;0;10;0;16;0;23;0;0;30;0;34;0;42;0;0;0;18;21;0;15;0;19;0;0;20;0;0
09.03.2018;4;4;7;30;40;6;36;3;18;2;19;7;31;0;0;31;0;36;0;36;0;0;0;23;27;0;17;0;23;0;0;24;0;0
09.03.2018;5;3;27;53;44;39;40;25;34;40;28;33;28;0;9;27;0;44;0;43;0;0;0;17;14;0;29;5;25;0;0;14;0;0
09.03.2018;6;0;35;35;55;43;46;19;32;32;26;33;25;0;21;30;0;28;0;24;0;0;0;19;11;0;29;10;24;0;0;12;0;0
09.03.2018;7;0;24;30;56;53;38;22;24;33;24;36;28;0;19;30;0;21;0;15;0;0;0;31;11;0;27;14;23;0;0;9;0;0
09.03.2018;8;0;29;36;43;51;35;12;37;44;28;28;27;0;17;44;0;34;0;34;0;0;0;31;18;0;29;19;29;0;0;8;0;0
09.03.2018;9;0;27;27;39;44;35;0;43;40;28;0;28;0;22;38;26;32;0;33;0;0;0;36;22;0;28;19;29;0;0;17;0;0
09.03.2018;10;0;15;33;45;35;41;0;31;37;32;0;28;0;39;24;48;26;0;16;0;0;0;44;34;0;22;23;20;0;0;36;0;0
09.03.2018;11;0;19;32;44;36;32;0;37;42;28;0;26;0;30;19;37;18;0;15;0;0;16;32;30;0;26;14;22;0;0;29;0;0
09.03.2018;12;0;20;26;46;51;37;0;44;30;23;0;29;0;28;21;30;21;0;17;0;0;25;18;23;0;23;14;25;0;0;28;0;0
09.03.2018;13;0;18;31;53;63;45;0;41;28;28;0;33;0;24;23;19;27;0;32;0;0;22;23;23;0;31;15;16;0;0;26;0;0
09.03.2018;14;0;21;28;49;60;45;0;48;23;14;0;36;0;25;40;2;22;0;28;0;0;27;19;27;0;31;17;11;0;0;26;0;0
09.03.2018;15;0;24;34;46;59;40;0;55;54;34;21;24;0;19;46;0;26;0;37;0;0;34;29;38;0;32;38;23;0;0;24;0;0
09.03.2018;16;0;27;26;52;49;48;0;53;37;22;37;25;0;28;53;0;41;0;48;0;0;20;25;22;0;26;21;18;0;0;26;0;0
09.03.2018;17;0;30;37;48;46;39;0;51;33;26;32;21;0;13;38;0;28;0;33;0;0;0;35;19;0;20;22;21;0;0;21;0;0
09.03.2018;18;0;21;37;50;41;43;0;39;32;26;41;29;0;21;38;0;42;0;44;0;0;0;40;19;0;21;23;18;0;0;15;0;0
09.03.2018;19;0;23;38;60;55;40;0;45;28;29;48;32;0;18;46;0;38;0;37;0;0;0;41;12;0;27;16;16;0;0;25;0;0
09.03.2018;20;0;28;31;49;48;36;0;51;29;27;59;29;0;0;33;0;51;0;55;0;0;0;30;15;0;25;0;33;0;0;24;0;0
09.03.2018;21;0;18;26;37;9;31;0;26;7;44;9;28;0;0;29;0;27;0;31;0;0;0;25;16;0;21;0;36;0;0;11;0;0
09.03.2018;22;0;24;21;22;0;28;0;30;0;37;0;42;0;0;33;0;42;0;46;0;0;0;16;11;0;22;0;31;0;0;13;0;0
09.03.2018;23;0;9;14;24;0;23;0;16;0;24;0;22;0;0;21;0;27;0;34;0;0;0;11;11;0;18;0;17;0;0;10;0;0
09.03.2018;24;0;4;6;10;0;16;0;16;0;12;0;4;0;0;15;0;7;0;18;0;0;0;12;13;0;14;0;16;0;0;10;0;0
10.03.2018;1;0;9;8;14;0;15;0;17;0;6;0;4;0;0;11;0;3;0;7;0;0;0;17;9;0;11;0;8;0;0;7;0;0
10.03.2018;2;0;4;4;21;0;29;0;12;0;10;0;8;0;0;22;0;8;0;16;0;0;0;18;12;0;16;0;15;0;0;12;0;0
10.03.2018;3;0;3;10;31;0;33;0;18;0;19;0;22;0;0;30;0;29;0;36;0;0;0;19;33;0;16;0;18;0;0;25;0;0
10.03.2018;4;0;13;20;38;9;32;3;27;5;24;3;29;0;0;38;0;26;6;32;9;0;0;27;43;0;15;0;21;0;0;23;0;0
10.03.2018;5;0;26;34;48;43;39;30;29;33;22;41;33;0;0;27;0;24;13;26;21;0;0;19;27;0;26;3;24;0;0;24;0;0
10.03.2018;6;0;26;35;45;44;34;26;26;30;21;30;25;0;0;32;0;22;0;21;11;0;0;17;13;0;26;8;27;0;0;14;0;0
10.03.2018;7;0;13;28;46;52;35;27;12;28;26;25;16;0;14;30;0;20;0;24;0;0;0;25;15;0;23;7;22;0;0;8;0;0
10.03.2018;8;0;31;35;35;43;28;2;43;33;30;5;34;0;23;38;0;29;0;27;0;0;0;19;24;0;28;11;27;0;0;11;0;0
10.03.2018;9;0;28;29;40;40;36;0;49;37;24;0;35;0;33;58;11;36;0;34;0;0;0;27;34;0;24;15;28;0;0;23;0;0
10.03.2018;10;0;14;35;48;46;40;0;47;40;36;0;31;0;36;41;36;25;0;25;0;0;0;34;30;0;34;27;23;0;0;33;0;0
10.03.2018;11;0;15;37;42;41;39;0;36;34;33;0;34;0;22;47;0;21;0;18;0;0;0;31;28;0;27;17;21;0;0;24;0;0
10.03.2018;12;0;23;33;38;44;29;18;44;34;28;0;33;0;29;56;0;25;0;20;0;0;20;23;33;0;23;18;19;0;0;23;0;0
10.03.2018;13;0;27;32;51;63;49;48;33;37;25;16;36;0;24;47;0;30;0;31;0;0;21;26;27;0;33;18;26;0;0;24;0;0
10.03.2018;14;0;28;24;42;53;43;34;26;28;19;14;14;0;19;45;0;14;0;22;0;0;34;34;32;0;37;17;16;0;0;14;24;0
10.03.2018;15;0;33;35;46;56;46;57;33;45;30;26;15;0;34;47;0;14;0;27;0;0;47;25;41;0;33;31;23;0;0;26;47;0
10.03.2018;16;0;42;26;45;45;40;64;40;55;22;36;20;0;29;66;0;33;0;41;0;0;24;12;41;0;33;27;28;0;0;31;32;0
10.03.2018;17;1;34;38;47;37;41;49;34;48;41;31;15;0;16;46;0;28;0;25;0;0;12;23;26;0;23;25;19;0;0;16;27;0
10.03.2018;18;0;31;32;51;41;43;25;34;39;33;31;17;0;20;42;0;30;0;24;0;0;0;33;27;0;20;27;14;0;0;19;0;0
10.03.2018;19;0;28;35;62;64;49;21;28;28;25;41;28;0;20;38;0;35;0;33;0;0;0;47;16;0;25;20;8;0;0;19;0;0
10.03.2018;20;0;33;24;63;50;43;30;34;6;31;52;32;0;8;39;0;46;0;52;9;0;0;35;6;0;24;5;24;0;0;23;0;0
10.03.2018;21;0;26;25;43;7;35;2;36;0;41;5;35;0;0;31;0;26;0;36;2;0;0;19;13;0;19;0;37;0;0;18;0;0
10.03.2018;22;0;32;27;23;0;23;0;32;0;38;0;43;0;0;28;0;39;0;36;0;0;0;15;10;0;15;0;32;0;0;7;0;0
10.03.2018;23;0;11;11;24;0;19;0;12;0;16;0;26;0;0;21;0;26;0;40;0;0;0;12;9;0;17;0;18;0;0;7;0;0
10.03.2018;24;0;8;11;10;0;17;0;13;0;19;0;8;0;0;15;0;4;0;17;0;0;0;9;8;0;19;0;16;0;0;5;0;0
11.03.2018;1;0;4;9;11;0;15;0;4;0;7;0;8;0;0;15;0;7;0;14;0;0;0;15;2;0;10;0;7;0;0;5;0;0
11.03.2018;2;0;1;1;22;0;26;0;15;0;8;0;14;0;0;20;0;13;0;30;0;0;0;22;11;0;17;0;19;0;0;12;0;0
11.03.2018;3;0;7;4;32;0;36;0;13;0;12;0;32;0;0;27;0;34;0;41;0;0;0;24;25;0;15;0;28;0;0;23;0;0
11.03.2018;4;0;9;11;34;2;34;0;23;0;29;0;34;0;0;34;0;31;0;38;12;0;0;16;30;0;15;0;35;0;0;20;0;0
11.03.2018;5;0;26;30;54;31;35;24;31;45;32;39;35;0;15;26;0;29;0;48;19;0;0;13;16;0;26;10;22;0;0;20;0;0
11.03.2018;6;0;33;31;41;39;31;23;29;29;24;26;20;0;18;37;0;17;0;33;7;0;0;15;7;0;28;7;27;0;0;12;0;0
11.03.2018;7;0;15;30;46;56;40;31;16;32;24;22;17;0;25;35;0;23;0;29;0;0;0;31;10;0;26;9;30;0;0;10;0;0
11.03.2018;8;0;35;38;38;52;42;31;33;40;37;31;28;0;21;49;0;30;0;31;0;0;0;32;19;0;29;13;33;0;0;9;0;0
11.03.2018;9;1;28;35;53;50;46;29;31;45;39;26;21;0;22;62;0;36;0;37;0;0;0;39;27;0;25;15;30;0;0;16;0;0
11.03.2018;10;0;15;36;38;50;39;33;19;45;32;27;22;0;29;40;37;18;0;19;0;0;0;32;24;0;29;28;20;0;0;25;0;0
11.03.2018;11;0;17;38;49;40;38;35;23;38;36;21;14;0;18;14;25;10;0;20;0;0;0;40;35;0;30;16;27;0;0;19;0;0
11.03.2018;12;0;25;31;45;64;44;47;26;42;26;31;13;0;31;35;37;29;0;29;0;0;20;36;24;0;23;22;36;6;0;21;0;1
11.03.2018;13;2;33;38;57;82;53;50;35;40;29;39;21;0;34;25;35;27;0;37;0;0;24;26;23;0;23;24;25;17;0;35;0;1
11.03.2018;14;0;30;30;61;66;46;37;33;41;30;36;21;0;21;17;29;21;0;29;0;0;26;41;33;0;32;24;24;28;0;22;1;0
11.03.2018;15;0;41;39;51;67;49;50;51;59;46;35;26;0;35;25;41;22;0;31;0;0;37;36;38;0;31;34;31;23;0;24;32;0
11.03.2018;16;0;41;28;53;64;47;46;46;42;28;47;22;0;31;32;28;43;0;44;0;0;31;24;28;0;27;27;28;14;0;30;34;0
11.03.2018;17;0;48;42;45;53;43;53;49;47;46;41;22;0;26;44;9;30;0;34;0;0;20;19;29;0;29;20;28;1;0;28;3;0
11.03.2018;18;1;35;28;53;76;52;31;38;40;31;37;20;0;18;47;0;29;0;38;0;0;26;21;20;0;42;20;21;0;0;14;0;0
11.03.2018;19;1;35;44;62;82;53;37;38;32;37;38;25;0;18;48;0;27;0;33;0;0;33;34;20;0;35;22;10;0;0;23;0;0
11.03.2018;20;0;36;41;61;61;54;58;38;35;37;54;27;0;16;37;0;49;0;52;0;0;8;35;13;0;26;18;24;0;0;20;0;0
11.03.2018;21;0;28;35;45;28;48;22;40;12;37;13;27;0;0;29;0;28;0;36;0;0;0;31;23;0;18;0;32;0;0;20;0;0
11.03.2018;22;0;31;29;21;0;25;0;33;0;32;0;43;0;0;26;0;41;0;39;0;0;0;15;11;0;16;0;27;0;0;9;0;0
11.03.2018;23;0;13;11;26;0;27;0;12;0;17;0;25;0;0;28;0;28;0;33;0;0;0;15;18;0;15;0;22;0;0;18;0;0
11.03.2018;24;0;6;6;13;0;20;0;13;0;9;0;8;0;0;21;0;10;0;23;0;0;0;8;11;0;18;0;10;0;0;12;0;0
12.03.2018;1;0;3;12;10;0;11;0;8;0;9;0;4;0;0;16;0;5;0;8;0;0;0;14;9;0;9;0;8;0;0;10;0;0
12.03.2018;2;0;4;1;17;0;26;0;9;0;8;0;11;0;0;15;0;14;0;25;0;0;0;25;11;0;10;0;16;0;0;7;0;0
12.03.2018;3;0;3;5;32;0;43;0;22;0;17;0;30;0;0;15;0;41;0;47;0;0;0;28;23;0;11;0;22;0;0;15;0;0
12.03.2018;4;0;11;19;35;3;26;1;17;5;18;6;37;0;0;27;0;35;5;38;19;0;0;28;25;0;15;0;24;0;0;19;0;0
12.03.2018;5;0;27;35;49;37;33;36;31;40;24;44;36;0;5;32;0;25;10;39;27;0;0;15;17;0;28;7;26;0;0;21;0;0
12.03.2018;6;0;42;45;53;56;43;38;44;37;33;42;35;0;19;32;0;24;0;29;9;0;0;18;12;0;35;13;27;0;0;13;0;0
12.03.2018;7;0;23;37;47;56;38;28;37;31;31;30;22;0;17;32;0;28;0;32;0;0;0;26;12;0;27;6;23;0;0;7;0;0
12.03.2018;8;0;37;38;49;72;46;38;50;48;49;38;28;0;22;17;23;34;0;35;0;0;0;33;22;0;37;8;36;0;0;11;0;0
12.03.2018;9;0;27;27;38;43;33;31;41;34;29;24;27;0;25;18;44;28;0;35;0;0;0;36;21;0;26;13;34;0;0;19;0;0
12.03.2018;10;0;19;32;39;41;37;31;28;37;32;31;27;0;32;26;34;25;0;24;0;0;4;23;20;0;29;24;24;1;0;24;0;0
12.03.2018;11;1;15;30;41;38;34;26;21;40;26;21;22;0;22;15;25;13;0;18;0;0;12;16;19;0;23;16;24;14;0;21;0;0
12.03.2018;12;0;20;24;42;52;33;33;27;41;29;30;26;0;24;24;36;20;0;20;0;0;21;23;19;0;17;20;27;16;0;21;0;0
12.03.2018;13;0;36;33;52;58;48;40;35;38;23;39;24;0;26;20;22;30;0;39;0;0;26;20;16;0;20;23;19;21;0;27;0;0
12.03.2018;14;0;32;48;48;60;44;47;34;37;24;28;21;0;15;18;24;16;0;35;0;0;22;31;27;0;33;21;24;23;0;18;0;1
12.03.2018;15;0;31;49;44;69;49;48;35;50;38;30;14;0;24;17;36;25;0;40;0;0;26;44;32;0;23;26;33;20;0;18;0;1
12.03.2018;16;0;35;45;53;65;46;49;42;46;26;29;17;0;23;37;26;33;0;38;0;0;27;22;26;0;31;30;23;14;0;24;0;0
12.03.2018;17;0;39;40;48;48;44;32;36;41;36;32;19;0;15;45;0;32;0;38;0;0;11;17;13;0;21;17;18;0;0;18;0;0
12.03.2018;18;1;17;52;51;51;48;22;20;31;24;39;23;0;15;43;0;39;0;41;0;0;14;21;17;0;30;18;19;0;0;14;0;1
12.03.2018;19;0;22;41;51;47;40;27;29;23;30;32;17;0;19;44;0;29;0;32;0;0;4;32;11;0;24;17;8;0;0;21;0;0
12.03.2018;20;0;27;38;52;51;40;33;32;25;30;53;32;0;7;28;0;42;0;45;0;0;0;30;11;0;29;14;15;0;0;27;0;0
12.03.2018;21;0;20;26;49;28;43;13;34;13;33;28;24;0;0;22;0;37;0;50;0;0;0;10;10;0;29;0;29;0;0;15;0;0
12.03.2018;22;0;26;28;19;0;22;0;31;0;29;0;40;0;0;24;0;33;0;33;0;0;0;11;5;0;19;0;31;0;0;8;0;0
12.03.2018;23;0;12;9;24;0;24;0;19;0;16;0;19;0;0;20;0;21;0;31;0;0;0;9;12;0;18;0;20;0;0;7;0;0
12.03.2018;24;0;3;10;10;0;19;0;8;0;11;0;6;0;0;15;0;4;0;14;0;0;0;8;7;0;16;0;16;0;0;5;0;0
13.03.2018;1;0;6;2;13;0;17;0;6;0;2;0;3;0;0;6;0;2;0;1;0;0;0;13;0;0;9;0;7;0;0;3;0;0
13.03.2018;2;0;4;3;15;0;19;0;16;0;14;0;8;0;0;16;0;7;0;21;0;0;0;16;10;0;12;0;21;0;0;9;0;0
13.03.2018;3;0;3;3;29;1;35;0;14;0;12;0;28;0;0;22;0;37;0;45;0;0;0;20;18;0;10;0;24;0;0;18;0;0
13.03.2018;4;0;10;16;43;20;35;2;20;10;22;6;28;0;0;31;0;41;0;38;2;0;0;14;24;0;10;0;26;0;0;17;0;0
13.03.2018;5;0;24;33;52;30;36;41;26;56;33;35;22;0;6;25;0;37;0;40;15;0;0;6;10;0;18;3;25;0;0;12;0;0
13.03.2018;6;1;26;66;48;50;35;30;31;40;31;31;18;0;19;33;0;30;0;28;6;0;0;16;4;0;29;16;24;0;0;9;0;0
13.03.2018;7;0;28;36;48;45;39;34;34;37;22;21;13;0;16;29;0;22;0;24;0;0;0;29;18;0;24;9;25;0;0;9;0;0
13.03.2018;8;0;34;31;42;56;32;33;39;44;26;30;11;0;17;24;18;28;0;35;0;0;0;34;17;0;38;11;32;0;0;10;0;0
13.03.2018;9;0;20;31;38;39;29;38;30;40;23;22;14;0;29;22;43;29;0;35;0;0;0;28;18;0;30;19;35;0;0;17;0;0
13.03.2018;10;1;17;38;44;43;43;35;21;34;26;22;20;0;28;20;47;26;0;29;0;0;0;30;21;0;28;26;22;0;0;30;0;2
13.03.2018;11;0;13;48;43;43;36;28;16;38;31;16;13;0;29;15;24;12;0;16;0;0;0;32;18;0;31;13;23;0;0;24;0;0
13.03.2018;12;0;26;27;39;55;39;35;31;46;24;32;12;0;25;27;24;29;0;27;0;0;19;31;19;0;26;18;30;0;0;27;0;1
13.03.2018;13;0;26;25;54;68;51;39;29;33;22;38;18;0;24;22;27;38;0;43;0;0;15;25;15;0;32;18;17;0;0;27;0;0
13.03.2018;14;0;22;32;39;53;40;35;22;33;30;29;11;0;16;30;0;23;0;29;0;0;26;28;26;0;28;28;19;0;0;15;0;0
13.03.2018;15;0;27;40;51;68;50;33;38;39;32;33;12;0;25;45;0;22;0;26;0;0;26;29;30;0;30;25;26;0;0;19;0;0
13.03.2018;16;0;35;27;46;60;42;43;37;40;17;36;18;0;26;59;0;32;0;43;0;0;12;20;24;0;34;25;25;0;0;24;0;0
13.03.2018;17;0;36;41;46;56;49;38;36;38;37;35;18;0;15;42;0;26;0;28;0;0;0;30;13;0;24;26;21;0;0;19;0;0
13.03.2018;18;0;30;33;52;53;52;27;27;36;36;35;15;0;19;43;0;33;0;38;0;0;0;31;12;0;33;25;18;0;0;12;0;0
13.03.2018;19;0;26;31;57;69;58;27;30;25;25;34;15;0;17;34;0;30;0;25;0;0;0;36;6;0;34;18;10;0;0;13;0;0
13.03.2018;20;0;29;33;50;65;52;39;34;21;35;46;13;0;15;35;0;42;0;46;0;0;0;30;10;0;35;10;11;0;0;24;0;0
13.03.2018;21;0;28;23;53;39;43;21;40;15;28;23;18;0;0;31;0;25;0;38;0;0;0;13;13;0;22;0;28;0;0;17;0;0
13.03.2018;22;0;20;25;32;7;31;0;34;0;38;0;38;0;0;22;0;31;0;31;0;0;0;16;19;0;23;0;32;0;0;11;0;0
13.03.2018;23;0;14;11;24;0;28;0;26;0;19;0;20;0;0;26;0;25;0;44;0;0;0;9;14;0;16;0;17;0;0;10;0;0
13.03.2018;24;0;5;4;9;0;15;0;11;0;8;0;6;0;0;13;0;5;0;16;0;0;0;7;5;0;19;0;11;0;0;4;0;0
14.03.2018;1;0;1;4;13;0;15;0;3;0;3;0;4;0;0;10;0;6;0;12;0;0;0;12;3;0;11;0;4;0;0;6;0;0
14.03.2018;2;0;3;3;16;0;20;0;9;0;9;0;12;0;0;18;0;12;0;24;0;0;0;16;12;0;14;0;16;0;0;13;0;0
14.03.2018;3;0;4;8;26;15;32;0;15;0;23;0;33;0;0;32;0;31;0;39;0;0;0;20;27;0;13;0;28;0;0;14;0;0
14.03.2018;4;1;9;16;42;39;36;3;16;9;20;30;17;0;4;30;0;36;4;36;12;0;0;18;28;0;12;15;20;0;0;18;0;0
14.03.2018;5;0;27;36;50;34;35;32;37;44;28;42;24;0;10;23;0;22;13;31;22;0;0;11;13;0;20;22;15;0;0;15;0;0
14.03.2018;6;0;24;43;45;39;27;26;32;40;38;30;22;0;17;34;0;24;0;22;9;0;0;13;7;0;28;14;27;0;0;10;0;0
14.03.2018;7;0;23;34;48;48;38;37;31;37;27;26;17;0;20;40;0;22;0;23;0;0;0;24;13;0;28;15;28;0;0;8;0;0
14.03.2018;8;0;39;40;46;58;43;45;44;43;32;34;17;0;17;48;0;39;0;40;0;0;0;35;22;0;31;9;32;0;0;6;0;0
14.03.2018;9;0;16;30;39;37;29;37;29;44;22;24;26;0;20;46;22;28;0;33;0;0;0;40;30;0;24;20;35;0;0;10;0;0
14.03.2018;10;0;18;32;39;38;37;26;16;36;29;23;18;0;28;31;30;23;0;26;0;0;0;35;29;0;23;30;16;0;0;21;0;0
14.03.2018;11;0;12;33;45;43;36;31;20;37;28;20;20;0;15;17;22;17;0;25;0;0;0;21;19;0;32;18;19;0;0;15;0;0
14.03.2018;12;0;22;29;49;50;41;29;31;40;25;31;20;0;24;23;28;30;0;32;0;0;14;28;22;0;23;17;24;0;0;20;0;0
14.03.2018;13;0;32;24;50;62;41;37;41;38;20;33;25;0;24;26;30;36;0;38;0;0;16;26;19;0;28;21;19;0;0;22;0;0
14.03.2018;14;0;24;25;47;54;38;28;27;40;24;28;20;0;17;19;25;32;0;36;0;0;23;25;27;0;26;19;16;0;0;13;0;0
14.03.2018;15;0;35;42;48;61;38;47;44;63;43;25;13;0;24;25;20;24;0;35;0;0;29;32;39;0;36;28;27;0;0;22;0;0
14.03.2018;16;0;36;30;50;47;46;48;40;54;29;41;17;0;30;28;29;41;0;45;0;0;21;15;27;0;19;34;30;0;0;28;0;0
14.03.2018;17;0;42;38;45;51;36;32;43;40;32;40;20;0;15;43;7;36;0;30;0;0;13;23;15;0;30;29;19;0;0;23;0;0
14.03.2018;18;0;27;47;54;58;47;29;29;41;31;35;28;0;21;50;0;36;0;39;0;0;0;36;11;0;37;27;18;0;0;18;0;0
14.03.2018;19;1;34;41;52;57;40;33;39;22;26;34;13;0;14;35;0;32;0;38;0;0;0;37;23;0;36;16;8;0;0;23;0;0
14.03.2018;20;0;25;42;51;56;51;40;32;31;32;43;10;0;15;35;0;40;0;50;0;0;0;28;13;0;36;10;32;0;0;29;0;0
14.03.2018;21;0;25;32;39;40;44;16;33;18;33;19;23;0;0;21;0;27;0;39;0;0;0;21;17;0;24;0;36;0;0;13;0;0
14.03.2018;22;0;31;23;28;4;31;0;39;0;35;0;35;0;0;23;0;32;0;35;0;0;0;16;8;0;18;0;28;0;0;6;0;0
14.03.2018;23;0;9;8;22;0;26;0;17;0;17;0;16;0;0;18;0;23;0;34;0;0;0;9;8;0;14;0;20;0;0;4;0;0
14.03.2018;24;0;3;8;9;0;15;0;11;0;9;0;9;0;0;14;0;9;0;16;0;0;0;6;9;0;16;0;12;0;0;9;0;0
15.03.2018;1;0;3;6;12;0;16;0;5;0;6;0;2;0;0;10;0;3;0;6;0;0;0;13;2;0;5;0;11;0;0;3;0;0
15.03.2018;2;0;1;5;20;0;20;0;9;0;16;0;13;0;0;19;0;12;0;18;0;0;0;13;15;0;9;0;33;0;0;13;0;0
15.03.2018;3;0;2;6;30;0;39;0;17;0;19;0;35;0;0;26;0;43;0;46;0;0;0;18;42;0;9;0;27;0;0;25;0;0
15.03.2018;4;3;8;23;34;19;37;0;21;9;21;13;26;0;0;29;0;48;0;48;0;0;0;16;35;0;11;0;29;0;0;22;0;0
15.03.2018;5;0;23;19;42;39;38;26;34;40;21;31;7;0;6;24;0;40;0;42;9;0;0;15;16;0;17;7;27;0;0;15;0;0
15.03.2018;6;0;34;39;41;42;33;23;33;45;37;29;3;0;12;26;0;29;0;27;13;0;0;12;10;0;23;11;18;0;0;15;0;0
15.03.2018;7;0;27;37;43;46;29;34;35;34;35;25;5;0;16;24;0;23;0;22;0;0;0;25;15;0;31;13;20;0;0;11;0;0
15.03.2018;8;0;38;42;52;64;48;27;44;45;36;40;16;0;19;32;0;29;0;32;0;0;0;33;15;0;26;18;30;0;0;7;0;0
15.03.2018;9;0;32;34;44;53;33;38;39;37;38;42;19;0;33;27;35;43;0;45;0;0;0;27;25;0;33;13;36;0;0;23;0;0
15.03.2018;10;0;15;37;52;55;38;34;27;41;30;26;13;0;29;24;41;30;0;29;0;0;0;38;27;0;29;30;24;0;0;27;0;0
15.03.2018;11;0;23;34;31;45;24;35;29;39;37;30;13;0;28;21;26;28;0;25;0;0;0;26;24;0;34;18;19;0;0;30;0;0
15.03.2018;12;0;24;37;45;54;37;44;29;29;30;39;23;0;25;21;32;31;0;27;0;0;15;30;35;0;24;9;25;0;0;27;0;0
15.03.2018;13;0;26;27;55;56;52;40;32;34;25;31;20;0;24;23;35;32;0;31;0;0;17;27;35;0;32;21;25;0;0;27;0;0
15.03.2018;14;0;30;37;51;55;53;41;37;36;33;31;20;0;13;23;20;20;0;29;0;0;24;29;32;0;34;25;18;0;0;22;0;0
15.03.2018;15;0;33;26;51;65;50;31;42;48;29;27;14;0;27;50;0;23;0;38;0;0;28;28;24;0;32;30;27;0;0;13;0;0
15.03.2018;16;0;30;27;49;55;49;37;34;45;28;46;29;0;29;59;0;31;0;46;0;0;20;26;26;0;30;23;26;0;0;24;0;0
15.03.2018;17;0;33;41;50;56;52;42;34;46;41;37;21;0;13;41;0;34;0;41;0;0;0;37;25;0;29;32;18;0;0;19;0;0
15.03.2018;18;0;33;45;54;60;50;26;34;28;31;41;28;0;19;33;0;32;0;31;0;0;0;42;15;0;31;19;14;0;0;12;0;0
15.03.2018;19;0;26;29;57;75;59;30;27;24;17;38;26;0;16;39;0;39;0;44;0;0;0;48;12;0;37;20;16;0;0;19;0;0
15.03.2018;20;0;31;31;62;64;57;35;35;32;22;43;24;0;1;37;0;47;0;53;0;0;0;28;8;0;32;0;33;0;0;20;0;0
15.03.2018;21;0;21;25;40;12;42;7;30;7;20;15;27;0;0;27;0;24;0;31;0;0;0;15;10;0;22;0;23;0;0;14;0;0
15.03.2018;22;0;25;26;30;0;39;0;34;0;26;0;44;0;0;23;0;37;0;45;0;0;0;14;10;0;25;0;23;0;0;8;0;0
15.03.2018;23;0;10;17;18;0;23;0;18;0;15;0;19;0;0;20;0;20;0;37;0;0;0;10;13;0;16;0;16;0;0;10;0;0
15.03.2018;24;0;4;9;7;0;13;0;10;0;10;0;8;0;0;11;0;8;0;20;0;0;0;9;5;0;18;0;11;0;0;5;0;0
16.03.2018;1;0;4;5;14;0;21;0;4;0;6;0;7;0;0;11;0;8;0;11;0;0;0;14;3;0;8;0;10;0;0;3;0;0
16.03.2018;2;0;4;4;20;0;18;0;9;0;15;0;10;0;0;17;0;12;0;21;0;0;0;16;17;0;10;0;24;0;0;12;0;0
16.03.2018;3;0;5;7;27;0;33;0;11;0;17;0;32;0;0;28;0;34;0;44;0;0;0;18;28;0;11;0;20;0;0;21;0;0
16.03.2018;4;0;8;15;33;2;30;3;16;7;27;7;32;0;0;32;0;38;4;39;10;0;0;29;23;0;10;0;24;0;0;16;0;0
16.03.2018;5;0;23;35;47;38;26;32;36;50;33;31;18;0;0;25;0;28;11;32;16;0;0;17;14;0;23;0;32;0;0;17;0;0
16.03.2018;6;0;31;39;48;44;32;27;29;42;32;33;22;0;11;34;0;25;0;27;9;0;0;22;5;0;23;8;33;0;0;9;0;0
16.03.2018;7;0;18;32;51;57;41;26;26;34;25;33;24;0;17;31;0;31;0;28;0;0;0;33;15;0;27;15;21;0;0;9;0;0
16.03.2018;8;0;35;45;40;62;34;0;52;47;31;38;27;0;11;36;0;37;0;45;0;0;0;35;19;0;35;14;31;0;0;6;0;0
16.03.2018;9;0;22;31;40;50;38;0;42;43;32;31;24;0;24;65;6;30;0;31;0;0;0;36;28;0;25;16;37;0;0;18;0;0
16.03.2018;10;0;18;31;45;46;44;0;31;39;23;20;33;0;34;37;45;25;0;26;0;0;0;46;28;0;27;28;26;0;0;32;0;0
16.03.2018;11;0;14;44;44;47;33;0;36;39;39;0;27;0;24;42;9;15;0;21;0;0;0;34;25;0;30;13;23;0;0;23;0;0
16.03.2018;12;0;30;28;46;49;40;40;44;42;20;20;28;0;25;59;0;22;0;21;0;0;17;32;34;0;29;24;26;0;0;23;0;1
16.03.2018;13;0;25;33;52;56;50;50;31;41;32;37;22;0;21;40;0;38;0;36;0;0;15;28;27;0;34;23;18;0;0;31;0;0
16.03.2018;14;0;30;30;49;55;47;48;36;46;25;33;23;0;22;46;0;27;0;29;0;0;32;32;39;0;37;27;20;0;0;22;0;0
16.03.2018;15;0;24;43;51;58;52;47;33;51;31;30;17;0;21;27;31;22;0;44;0;0;29;27;34;0;42;31;29;0;0;24;51;2
16.03.2018;16;0;38;33;53;58;52;48;41;49;28;54;31;0;28;26;28;44;0;46;0;0;16;24;28;0;36;28;26;0;0;24;7;0
16.03.2018;17;0;39;43;57;54;56;36;38;53;40;39;20;0;24;41;10;30;0;33;0;0;0;38;20;0;36;19;22;0;0;26;0;2
16.03.2018;18;0;24;41;49;61;53;35;29;47;33;54;26;0;23;47;0;47;0;53;0;0;0;36;22;0;44;23;19;0;0;23;0;0
16.03.2018;19;0;18;46;61;63;50;30;26;38;34;39;24;0;16;38;0;36;0;46;0;0;0;47;15;0;38;16;11;0;0;22;0;0
16.03.2018;20;0;28;37;53;57;37;30;40;18;36;44;36;0;3;33;0;40;0;56;12;0;0;30;13;0;38;4;33;0;0;23;0;0
16.03.2018;21;0;24;28;40;14;33;0;36;0;28;0;37;0;0;28;0;29;0;36;4;0;0;23;13;0;27;0;32;0;0;17;0;0
16.03.2018;22;0;32;32;21;0;40;0;42;0;30;0;48;0;0;22;0;44;0;47;0;0;0;28;9;0;27;0;30;0;0;7;0;0
16.03.2018;23;0;8;15;24;0;27;0;20;0;16;0;22;0;0;25;0;26;0;38;0;0;0;12;14;0;16;0;21;0;0;11;0;0
16.03.2018;24;0;3;5;13;0;17;0;13;0;8;0;5;0;0;16;0;7;0;14;0;0;0;8;11;0;15;0;17;0;0;9;0;0
17.03.2018;1;0;4;5;16;0;20;0;8;0;2;0;7;0;0;9;0;6;0;10;0;0;0;18;6;0;11;0;7;0;0;3;0;0
17.03.2018;2;0;5;2;21;0;18;0;11;0;7;0;11;0;0;22;0;8;0;15;0;0;0;16;13;0;11;0;19;0;0;16;0;0
17.03.2018;3;0;0;7;26;0;19;0;14;0;13;0;19;0;0;32;0;20;0;32;0;0;0;13;23;0;15;0;19;0;0;21;0;0
17.03.2018;4;0;9;20;37;0;25;0;23;0;33;0;24;0;0;34;0;29;0;41;7;0;0;27;38;0;16;0;24;0;0;25;0;0
17.03.2018;5;0;24;29;48;39;27;22;34;40;31;28;18;0;13;27;0;29;0;45;14;0;0;15;16;0;30;16;16;0;0;18;0;0
17.03.2018;6;0;28;40;49;47;32;29;32;41;31;31;17;0;15;29;0;24;0;22;6;0;0;18;6;0;32;14;23;0;0;9;0;0
17.03.2018;7;0;20;31;46;51;32;32;26;27;21;26;17;0;17;33;0;19;0;22;0;0;0;26;11;0;28;12;28;0;0;10;0;0
17.03.2018;8;0;35;34;37;50;32;31;40;32;21;34;22;0;17;40;0;27;0;27;0;0;0;27;24;0;27;12;27;0;0;10;0;0
17.03.2018;9;0;22;30;37;48;24;37;32;37;26;22;20;0;37;66;0;28;0;34;0;0;0;38;28;0;34;14;26;0;0;19;0;0
17.03.2018;10;0;12;36;43;42;40;31;17;39;31;23;25;0;30;63;0;19;0;21;0;0;0;47;33;0;30;24;21;0;0;30;0;0
17.03.2018;11;0;14;47;44;48;35;40;24;40;40;19;16;0;15;43;9;17;0;18;0;0;0;37;25;0;31;14;26;0;0;19;0;0
17.03.2018;12;0;25;33;40;43;31;41;31;25;22;26;17;0;21;27;27;24;0;26;0;0;19;23;29;0;14;18;21;10;0;19;0;0
17.03.2018;13;0;23;29;48;60;44;42;26;42;27;35;17;0;19;20;22;29;0;32;0;0;21;28;18;4;25;19;16;17;0;19;0;0
17.03.2018;14;0;25;26;48;58;47;40;34;39;24;24;12;0;19;18;22;15;0;23;0;0;29;30;15;12;27;18;17;21;0;17;0;0
17.03.2018;15;0;29;35;49;74;50;59;42;57;34;30;11;0;25;20;25;22;0;27;0;0;36;15;18;27;23;32;31;14;0;27;0;0
17.03.2018;16;0;33;26;52;66;48;36;33;41;27;39;19;0;28;30;30;31;0;35;0;0;20;16;29;5;26;28;21;7;0;27;0;0
17.03.2018;17;0;30;35;42;56;35;35;33;35;31;38;25;0;12;41;0;29;0;31;0;0;18;21;22;0;35;24;14;0;0;22;0;0
17.03.2018;18;0;23;32;54;48;39;20;22;36;32;38;25;0;17;36;0;37;0;37;0;0;21;18;20;0;21;28;13;0;0;20;0;0
17.03.2018;19;0;24;31;59;70;49;33;33;29;21;33;21;0;17;41;0;29;0;30;0;0;22;28;15;0;23;23;9;0;0;21;0;0
17.03.2018;20;0;30;21;56;60;50;44;34;23;9;49;22;0;16;39;0;44;0;49;0;0;0;33;16;0;27;12;17;0;0;21;0;0
17.03.2018;21;0;26;24;43;14;41;12;31;6;30;18;41;0;0;31;0;32;0;39;0;0;0;26;15;0;24;0;33;0;0;15;0;0
17.03.2018;22;0;24;16;21;0;26;0;16;0;27;0;42;0;0;29;0;42;0;47;0;0;0;19;11;0;22;0;29;0;0;10;0;0
17.03.2018;23;0;11;15;24;0;34;0;17;0;16;0;21;0;0;24;0;24;0;34;0;0;0;11;14;0;24;0;15;0;0;12;0;0
17.03.2018;24;0;6;12;8;0;17;0;18;0;16;0;13;0;0;22;0;11;0;19;0;0;0;14;13;0;22;0;17;0;0;13;0;0
18.03.2018;1;0;3;10;13;0;17;0;4;0;6;0;6;0;0;15;0;6;0;9;0;0;0;18;5;0;13;0;8;0;0;5;0;0
18.03.2018;2;0;3;0;22;0;26;0;9;0;6;0;5;0;0;13;0;5;0;13;0;0;0;11;6;0;7;0;7;0;0;6;0;0
18.03.2018;3;0;4;4;25;0;20;0;11;0;17;0;21;0;0;21;0;22;0;29;0;0;0;13;16;0;13;0;18;0;0;8;0;0
18.03.2018;4;0;8;8;37;6;26;2;19;4;20;6;28;0;0;35;0;23;2;32;11;0;0;20;21;0;20;0;22;0;0;12;0;0
18.03.2018;5;0;21;31;50;41;37;21;29;41;26;35;24;0;1;30;0;29;11;37;17;0;0;16;13;0;27;11;17;0;0;11;0;0
18.03.2018;6;0;27;38;41;44;34;30;31;43;31;35;18;0;22;34;0;27;2;35;16;0;0;18;5;0;29;12;25;0;0;9;0;0
18.03.2018;7;0;20;29;48;50;44;31;32;33;20;24;18;0;20;31;2;16;0;21;0;0;0;25;11;0;24;10;26;0;0;8;0;0
18.03.2018;8;0;32;46;46;60;46;36;47;50;37;41;26;0;20;22;24;33;0;32;0;0;0;38;17;0;30;13;35;0;0;9;0;0
18.03.2018;9;0;19;25;40;39;36;31;33;41;22;21;15;0;26;32;33;19;0;32;0;0;0;35;22;0;28;15;31;0;0;14;0;0
18.03.2018;10;0;19;33;45;41;42;29;28;35;28;25;16;0;16;29;22;22;0;22;0;0;0;25;19;0;23;23;18;0;0;13;0;0
18.03.2018;11;0;15;35;46;45;41;40;35;47;33;23;13;0;21;21;23;14;0;18;0;0;8;22;27;0;17;14;33;6;0;19;0;0
18.03.2018;12;0;20;40;40;45;38;40;27;34;26;21;14;0;29;36;30;19;0;25;0;0;17;17;19;0;18;14;29;11;0;20;0;0
18.03.2018;13;0;28;27;56;66;58;41;31;30;21;39;19;0;22;28;25;28;0;34;0;0;24;24;18;0;14;20;20;16;0;27;0;0
18.03.2018;14;0;24;39;51;51;55;44;31;43;29;24;15;0;19;15;28;21;0;33;0;0;24;20;28;0;22;24;17;20;0;20;0;0
18.03.2018;15;0;33;42;53;58;51;66;43;56;26;24;12;0;28;33;28;21;0;27;0;0;36;25;47;0;20;27;32;18;0;25;0;0
18.03.2018;16;0;32;30;57;56;59;42;35;36;19;44;20;0;23;34;25;38;0;42;0;0;23;18;26;0;26;28;27;16;0;28;0;0
18.03.2018;17;0;33;64;46;49;39;36;33;33;37;39;24;0;15;42;8;31;0;38;0;0;18;21;21;0;28;18;18;0;0;17;0;0
18.03.2018;18;0;30;50;52;57;49;35;41;32;31;42;22;0;21;43;0;43;0;43;0;0;16;22;18;0;38;19;12;0;0;21;0;0
18.03.2018;19;0;23;54;65;65;58;32;30;32;28;44;34;0;14;34;0;40;0;46;0;0;13;29;17;0;29;25;15;0;0;23;0;0
18.03.2018;20;0;28;36;58;57;53;37;37;26;15;52;36;0;7;29;0;48;0;53;0;0;0;32;13;0;24;12;28;0;0;25;0;0
18.03.2018;21;0;19;30;38;19;33;10;23;17;29;22;33;0;0;28;0;29;0;36;0;0;0;17;13;0;18;0;33;0;0;15;0;0
18.03.2018;22;0;28;17;22;0;37;0;41;0;24;0;50;0;0;25;0;41;0;43;0;0;0;11;11;0;17;0;30;0;0;12;0;0
18.03.2018;23;0;8;13;25;0;35;0;24;0;17;0;27;0;0;21;0;30;0;36;0;0;0;16;18;0;19;0;24;0;0;12;0;0
18.03.2018;24;0;5;5;9;0;16;0;15;0;4;0;9;0;0;19;0;12;0;18;0;0;0;8;17;0;16;0;12;0;0;14;0;0
19.03.2018;1;0;4;6;14;0;13;0;8;0;4;0;9;0;0;12;0;8;0;14;0;0;0;16;11;0;8;0;8;0;0;12;0;0
19.03.2018;2;0;3;4;18;0;11;0;6;0;5;0;4;0;0;14;0;4;0;23;0;0;0;20;10;0;16;0;11;0;0;8;0;0
19.03.2018;3;0;2;6;28;19;27;0;14;0;15;0;20;0;0;13;0;27;0;42;0;0;0;26;16;0;15;0;16;0;0;8;0;0
19.03.2018;4;0;9;14;35;24;22;7;17;5;18;7;24;0;0;27;0;36;0;38;3;0;0;22;15;0;18;0;17;0;0;14;0;0
19.03.2018;5;0;22;37;46;41;41;31;36;43;30;34;24;0;3;25;0;28;0;45;17;0;0;15;11;0;26;5;28;0;0;19;0;0
19.03.2018;6;2;31;42;46;55;39;28;37;31;28;30;15;0;16;22;0;28;0;30;8;0;0;19;8;0;32;10;22;0;0;16;0;0
19.03.2018;7;1;27;48;48;58;47;0;50;30;31;32;14;0;17;31;0;29;0;24;0;0;0;29;11;0;29;10;28;1;0;8;0;0
19.03.2018;8;0;39;41;46;64;43;0;62;40;37;29;36;0;20;22;19;43;0;48;0;0;0;32;19;0;23;8;28;20;0;8;0;0
19.03.2018;9;0;16;31;38;38;39;0;39;35;21;0;28;0;20;22;35;29;0;37;0;0;0;31;19;0;20;16;35;12;0;13;0;0
19.03.2018;10;0;16;31;45;46;43;0;31;32;22;0;33;0;25;25;24;25;0;22;0;0;0;32;18;0;22;15;25;13;0;22;0;0
19.03.2018;11;0;14;32;38;49;37;0;47;36;27;0;30;0;29;25;20;23;0;23;0;0;0;25;21;0;21;12;25;7;0;27;0;0
19.03.2018;12;0;22;25;39;49;34;29;31;33;22;17;11;0;21;24;25;15;0;21;0;0;11;19;14;0;25;10;23;0;0;16;0;0
19.03.2018;13;0;30;30;46;58;47;40;33;36;30;33;21;0;27;23;20;31;0;34;0;0;17;19;19;0;40;20;18;0;0;26;0;0
19.03.2018;14;0;23;37;49;61;50;35;29;41;36;31;19;0;16;17;19;24;0;28;0;0;32;28;19;0;35;22;19;0;0;18;0;0
19.03.2018;15;0;20;39;49;73;52;38;30;41;32;39;15;0;25;28;28;28;0;37;0;0;31;26;26;0;33;17;30;0;0;18;0;0
19.03.2018;16;0;23;36;47;59;52;49;33;52;33;46;15;0;24;32;31;41;0;46;0;0;22;15;28;0;24;27;26;0;0;20;0;0
19.03.2018;17;0;30;36;52;60;52;31;30;34;33;39;24;0;16;36;11;35;0;37;0;0;0;27;11;0;35;16;18;0;0;19;0;0
19.03.2018;18;0;23;34;55;57;57;22;24;34;25;34;22;0;13;37;0;40;0;44;0;0;0;27;9;0;31;23;11;0;0;14;0;0
19.03.2018;19;0;20;41;55;63;52;27;27;26;26;46;28;0;15;37;0;40;0;36;0;0;0;45;12;0;31;21;13;0;0;20;0;0
19.03.2018;20;0;32;37;53;69;49;42;35;28;31;66;19;0;12;29;0;56;0;54;0;0;0;36;6;0;26;14;15;0;0;19;0;0
19.03.2018;21;0;23;22;44;30;44;9;27;8;29;18;27;0;0;18;0;31;0;40;0;0;0;17;11;0;22;0;23;0;0;7;0;0
19.03.2018;22;0;21;24;26;0;39;0;37;0;31;0;39;0;0;22;0;36;0;44;0;0;0;12;5;0;19;0;27;0;0;8;0;0
19.03.2018;23;0;8;6;21;0;34;0;21;0;13;0;22;0;0;16;0;24;0;32;0;0;0;15;9;0;18;0;17;0;0;3;0;0
19.03.2018;24;0;1;7;12;0;18;0;7;0;9;0;9;0;0;16;0;10;0;14;0;0;0;13;8;0;14;0;14;0;0;6;0;0
20.03.2018;1;0;2;3;14;0;17;0;7;0;4;0;8;0;0;13;0;7;0;9;0;0;0;16;0;0;4;0;3;0;0;4;0;0
20.03.2018;2;0;3;3;18;0;17;0;7;0;7;0;5;0;0;14;0;4;0;13;0;0;0;16;9;0;8;0;12;0;0;10;0;0
20.03.2018;3;0;3;9;27;0;16;0;8;0;17;0;20;0;0;20;0;27;0;44;0;0;0;10;14;0;14;0;18;0;0;8;0;0
20.03.2018;4;0;8;13;35;16;27;4;17;8;17;23;26;0;3;27;0;35;4;35;11;0;0;22;18;0;20;12;14;0;0;13;0;0
20.03.2018;5;0;26;33;43;35;34;26;37;48;32;42;24;0;13;24;0;30;14;36;19;0;0;20;13;0;22;17;19;0;0;10;0;0
20.03.2018;6;0;28;38;45;47;33;32;31;36;34;30;20;0;16;33;0;27;0;31;11;0;0;17;8;0;31;12;25;0;0;12;0;0
20.03.2018;7;0;27;38;51;57;45;44;39;36;30;30;21;0;17;33;0;28;0;25;0;0;0;27;12;0;27;10;25;0;0;11;0;0
20.03.2018;8;0;34;33;41;56;39;29;41;40;28;32;24;0;18;20;26;31;0;35;0;0;0;30;12;0;32;12;29;0;0;8;0;0
20.03.2018;9;0;22;30;37;46;34;29;32;33;26;26;19;0;30;29;38;38;0;42;0;0;0;32;20;0;25;15;24;0;0;19;0;0
20.03.2018;10;0;15;40;43;49;39;28;20;37;33;38;26;0;30;24;37;29;0;30;0;0;0;37;22;0;25;21;15;0;0;29;0;0
20.03.2018;11;0;14;30;37;38;27;25;21;36;27;16;16;0;21;22;21;16;0;15;0;0;0;29;24;0;28;14;23;0;0;22;0;0
20.03.2018;12;0;23;24;48;48;37;35;32;49;27;27;10;0;22;24;24;24;0;22;0;0;18;24;26;0;28;18;25;0;0;19;0;1
20.03.2018;13;0;23;25;46;52;34;36;32;37;28;26;14;0;29;19;31;24;0;29;0;0;17;26;22;0;27;13;18;14;0;24;0;0
20.03.2018;14;0;24;32;43;51;37;33;29;44;22;20;12;0;12;19;17;19;0;22;0;0;26;24;25;0;21;24;14;15;0;15;0;0
20.03.2018;15;0;24;32;44;61;38;36;32;47;30;22;15;0;28;25;26;19;0;24;0;0;31;25;32;0;25;17;25;21;0;25;0;0
20.03.2018;16;0;31;27;49;61;37;44;40;35;21;33;26;0;25;24;32;33;0;43;0;0;11;32;24;0;37;18;18;2;0;23;0;1
20.03.2018;17;0;26;35;44;44;34;21;27;43;34;35;21;0;20;41;9;39;0;37;0;0;0;29;12;0;30;20;20;0;0;18;0;0
20.03.2018;18;0;19;36;57;58;49;25;28;30;24;30;23;0;11;29;0;39;0;42;0;0;0;28;12;0;37;22;17;0;0;14;0;0
20.03.2018;19;0;23;32;62;58;58;33;36;24;26;40;17;0;13;30;0;41;0;40;0;0;0;45;13;0;27;13;16;0;0;16;0;0
20.03.2018;20;0;30;32;54;60;52;34;44;26;21;54;22;0;0;24;0;50;0;57;0;0;0;34;6;0;37;0;26;0;0;19;0;0
20.03.2018;21;0;21;30;41;13;44;2;28;6;34;6;27;0;0;25;0;27;0;40;0;0;0;16;12;0;19;0;27;0;0;13;0;0
20.03.2018;22;0;23;23;20;0;31;0;33;0;31;0;37;0;0;22;0;37;0;43;0;0;0;14;10;0;18;0;27;0;0;8;0;0
20.03.2018;23;0;12;14;23;0;34;0;20;0;14;0;19;0;0;21;0;18;0;36;0;0;0;12;14;0;25;0;16;0;0;11;0;0
20.03.2018;24;0;4;3;12;0;16;0;10;0;11;0;8;0;0;13;0;6;0;15;0;0;0;12;7;0;16;0;10;0;0;5;0;0
21.03.2018;1;0;1;7;15;0;20;0;4;0;5;0;6;0;0;10;0;4;0;6;0;0;0;14;3;0;6;0;8;0;0;7;0;0
21.03.2018;2;0;6;5;21;0;25;0;10;0;13;0;16;0;0;28;0;10;0;22;0;0;0;17;14;0;10;0;23;0;0;17;0;0
21.03.2018;3;0;6;6;34;0;32;0;17;0;20;0;31;0;0;38;0;33;0;39;0;0;0;16;31;0;10;0;22;0;0;29;0;0
21.03.2018;4;0;10;16;41;6;39;6;22;5;22;4;40;0;0;36;0;37;0;41;5;0;0;30;35;0;18;0;20;0;0;29;0;0
21.03.2018;5;0;29;29;48;34;29;24;32;44;29;34;31;0;6;28;0;46;0;50;7;0;0;20;12;0;27;4;29;0;0;13;0;0
21.03.2018;6;0;33;34;47;40;38;22;30;41;33;33;28;0;22;33;0;35;0;23;0;0;0;17;7;0;27;12;25;0;0;14;0;0
21.03.2018;7;0;24;26;54;55;48;16;28;34;21;32;29;0;16;31;0;24;0;21;0;0;0;28;10;0;29;15;24;0;0;12;0;0
21.03.2018;8;0;38;41;44;59;43;0;51;48;37;37;30;0;15;44;0;28;0;35;0;0;0;32;20;0;38;17;32;0;0;5;0;0
21.03.2018;9;0;21;26;42;48;40;0;35;43;22;0;26;0;23;38;28;25;0;32;0;0;0;38;24;0;33;16;28;0;0;15;0;0
21.03.2018;10;0;16;27;45;37;36;0;32;31;25;0;24;0;35;28;30;24;0;26;0;0;0;36;24;0;28;14;17;0;0;32;0;0
21.03.2018;11;0;19;33;45;43;39;0;42;32;24;0;28;0;22;15;28;17;0;18;0;0;15;23;25;0;28;12;21;0;0;27;0;0
21.03.2018;12;0;28;25;46;49;34;0;50;40;25;0;29;0;24;28;28;25;0;20;0;0;18;24;23;0;21;15;29;0;0;28;0;0
21.03.2018;13;0;29;29;48;45;38;0;53;31;25;0;38;0;27;36;19;35;0;36;0;0;14;22;21;0;25;14;22;0;0;24;0;1
21.03.2018;14;0;26;25;45;48;40;0;43;34;19;0;37;0;14;39;0;25;0;26;0;0;26;14;23;0;33;23;16;0;0;13;0;0
21.03.2018;15;0;24;42;42;56;40;0;53;46;40;0;37;0;18;35;0;23;0;25;0;0;28;37;41;0;35;27;20;5;0;14;0;0
21.03.2018;16;0;36;30;45;50;34;0;55;35;32;29;47;0;27;47;0;40;0;50;0;0;19;28;28;0;33;16;24;26;0;22;0;0
21.03.2018;17;0;38;31;49;50;37;0;55;34;27;38;28;0;18;46;0;31;0;32;0;0;0;29;21;0;27;23;24;0;0;14;0;0
21.03.2018;18;0;29;37;50;57;46;0;49;31;30;39;30;0;15;36;0;35;0;35;0;0;0;34;20;0;34;25;16;0;0;17;0;0
21.03.2018;19;0;23;34;56;70;52;19;34;28;25;34;27;0;17;37;0;29;0;34;0;0;0;36;16;0;38;22;16;0;0;22;0;0
21.03.2018;20;0;29;27;60;56;42;36;31;31;18;53;42;0;6;33;0;40;0;45;0;0;0;37;11;0;37;10;22;0;0;19;0;0
21.03.2018;21;0;24;29;41;15;34;6;25;10;22;12;40;0;0;33;0;35;0;38;0;0;0;15;11;0;27;0;35;0;0;16;0;0
21.03.2018;22;0;23;22;21;0;21;0;22;0;23;0;42;0;0;23;0;41;0;47;0;0;0;10;6;0;28;0;31;0;0;11;0;0
21.03.2018;23;0;9;8;18;0;19;0;10;0;13;0;22;0;0;19;0;22;0;32;0;0;0;13;9;0;16;0;18;0;0;5;0;0
21.03.2018;24;0;3;4;9;0;15;0;8;0;8;0;10;0;0;15;0;9;0;17;0;0;0;9;12;0;14;0;14;0;0;8;0;0
22.03.2018;1;0;1;4;15;0;19;0;3;0;6;0;4;0;0;16;0;3;0;10;0;0;0;14;6;0;9;0;10;0;0;3;0;0
22.03.2018;2;0;1;4;19;0;27;0;7;0;12;0;14;0;0;22;0;14;0;23;0;0;0;17;14;0;8;0;22;0;0;10;0;0
22.03.2018;3;0;0;5;28;0;22;0;12;0;16;0;27;0;0;28;0;35;0;43;0;0;0;15;26;0;4;0;18;0;0;24;0;0
22.03.2018;4;0;11;16;33;5;25;5;26;6;32;3;35;0;0;36;0;41;9;35;11;0;0;22;37;0;10;0;30;0;0;23;0;0
22.03.2018;5;0;25;28;42;30;30;29;33;40;23;35;21;0;0;27;0;31;16;25;17;0;0;20;18;0;17;0;30;0;0;13;0;0
22.03.2018;6;0;31;42;43;50;38;27;29;43;38;36;21;0;15;35;0;30;10;28;13;0;0;17;14;0;29;12;34;0;0;16;0;0
22.03.2018;7;0;32;35;60;53;49;5;55;41;28;40;24;0;16;17;16;36;1;26;0;0;0;27;22;0;21;18;29;0;0;12;0;0
22.03.2018;8;0;31;37;35;52;35;0;44;33;27;30;28;0;23;15;24;37;0;32;0;0;0;38;18;0;28;12;28;0;0;11;0;0
22.03.2018;9;0;41;36;45;45;38;0;65;48;31;0;31;0;26;59;7;26;0;33;0;0;0;30;27;0;32;17;32;0;0;21;0;0
22.03.2018;10;0;23;39;45;56;45;0;48;51;32;0;46;0;42;46;31;32;0;33;0;0;0;33;36;0;39;31;24;0;0;36;0;0
22.03.2018;11;0;16;33;39;53;34;0;48;49;30;0;33;0;27;44;0;26;0;29;0;0;0;34;35;0;33;16;22;0;0;33;0;1
22.03.2018;12;0;27;26;41;60;35;35;37;36;16;28;20;0;24;48;0;31;0;31;0;0;0;40;27;0;23;15;25;0;0;22;0;0
22.03.2018;13;0;18;33;44;49;40;46;22;35;33;36;17;0;22;51;0;35;0;41;0;0;0;30;27;0;31;24;19;0;0;25;0;0
22.03.2018;14;0;26;29;46;59;47;38;26;34;22;34;14;0;16;36;0;18;0;30;0;0;23;28;25;0;22;23;16;12;0;19;3;0
22.03.2018;15;0;30;33;43;47;45;48;30;60;29;40;17;0;30;50;0;23;0;39;0;0;28;26;39;0;28;32;29;15;0;27;50;0
22.03.2018;16;0;37;23;46;48;48;52;39;45;20;43;10;0;34;47;20;38;0;44;0;0;12;28;38;0;29;30;26;0;0;30;30;0
22.03.2018;17;0;27;38;44;50;40;35;27;36;36;36;21;0;16;37;1;31;0;32;0;0;0;32;21;0;26;26;17;0;0;21;0;0
22.03.2018;18;0;27;37;52;56;52;33;27;37;28;52;31;0;20;37;0;44;0;42;0;0;0;33;17;0;25;16;16;0;0;20;0;0
22.03.2018;19;0;31;30;62;58;48;35;37;21;20;47;30;0;12;35;0;43;0;43;0;0;0;42;16;0;25;15;11;0;0;21;0;0
22.03.2018;20;0;31;31;56;61;46;43;41;19;20;45;28;0;0;34;0;43;0;51;6;0;0;32;11;0;31;7;23;0;0;28;0;0
22.03.2018;21;0;26;21;38;2;32;8;38;0;22;6;32;0;0;23;0;29;0;38;0;0;0;18;13;0;25;0;26;0;0;17;0;0
22.03.2018;22;0;27;19;30;0;33;0;40;0;18;0;48;0;0;20;0;42;0;47;0;0;0;22;7;0;18;0;23;0;0;8;0;0
22.03.2018;23;0;11;11;18;0;25;0;19;0;10;0;19;0;0;22;0;21;0;37;0;0;0;13;15;0;20;0;14;0;0;10;0;0
22.03.2018;24;0;9;8;8;0;13;0;15;0;14;0;7;0;0;14;0;7;0;15;0;0;0;10;8;0;20;0;17;0;0;5;0;0
23.03.2018;1;0;3;6;12;0;15;0;5;0;3;0;5;0;0;13;0;7;0;15;0;0;0;14;7;0;11;0;7;0;0;6;0;0
23.03.2018;2;0;3;3;19;0;21;0;6;0;8;0;11;0;0;17;0;14;0;22;0;0;0;22;11;0;14;0;20;0;0;12;0;0
23.03.2018;3;0;4;5;26;0;24;0;8;0;10;0;26;0;0;21;0;31;0;39;0;0;0;22;22;0;15;0;25;0;0;24;0;0
23.03.2018;4;0;11;13;31;1;19;0;21;0;22;2;34;0;0;27;0;35;0;42;9;0;0;20;27;0;14;0;22;0;0;21;0;0
23.03.2018;5;0;27;32;45;36;30;28;43;44;32;37;26;0;13;27;0;33;0;48;15;0;0;15;14;0;23;18;19;0;0;15;0;0
23.03.2018;6;0;34;39;51;46;34;31;41;45;34;30;19;0;19;26;0;27;0;25;7;0;0;16;10;0;30;14;24;0;0;12;0;0
23.03.2018;7;0;29;30;51;54;34;35;34;27;21;36;23;0;18;28;0;23;0;30;0;0;0;29;14;0;29;12;23;0;0;9;0;0
23.03.2018;8;0;35;40;45;60;42;34;39;47;31;39;14;0;20;26;17;37;0;42;0;0;0;32;19;0;33;13;35;0;0;8;0;0
23.03.2018;9;0;27;33;39;54;32;4;49;40;29;36;15;0;26;24;35;33;0;36;0;0;0;37;25;0;28;19;36;0;0;19;0;0
23.03.2018;10;0;20;28;46;57;46;0;38;33;25;3;31;0;26;24;38;27;0;30;0;0;0;36;23;0;31;17;29;0;0;21;0;0
23.03.2018;11;0;17;34;43;46;33;11;38;36;28;9;30;0;21;18;26;20;0;21;0;0;0;24;22;0;32;13;24;0;0;26;0;0
23.03.2018;12;0;24;23;45;48;38;42;36;35;22;26;14;0;30;24;33;24;0;20;0;0;11;22;21;0;30;17;26;10;0;28;0;0
23.03.2018;13;0;33;30;47;72;51;46;36;44;28;35;14;0;27;24;22;35;0;38;0;0;22;36;19;4;19;20;12;18;0;35;0;0
23.03.2018;14;0;25;30;59;66;59;55;42;44;25;38;16;0;14;14;22;27;0;30;0;0;23;42;15;15;29;22;15;28;0;27;0;0
23.03.2018;15;0;37;43;47;59;55;59;41;71;44;33;12;0;24;18;39;22;0;36;0;0;29;35;22;17;26;33;35;18;0;20;27;0
23.03.2018;16;0;36;32;48;61;51;53;38;46;29;45;15;0;35;31;31;36;0;47;0;0;25;21;20;13;23;23;28;18;0;30;28;0
23.03.2018;17;0;40;37;52;77;59;58;45;50;37;37;16;0;19;23;22;36;0;36;0;0;22;23;23;0;30;22;27;3;0;26;23;0
23.03.2018;18;0;44;42;53;58;55;41;41;45;38;52;26;0;22;35;12;49;0;51;0;0;7;20;20;0;37;24;18;0;0;20;0;0
23.03.2018;19;0;28;40;61;69;64;44;34;33;25;49;28;0;21;42;0;46;0;43;0;0;15;30;20;0;33;18;14;0;0;25;0;0
23.03.2018;20;0;36;27;57;69;54;45;47;33;10;52;26;0;13;33;0;43;0;47;0;0;0;37;13;0;33;20;20;0;0;22;0;0
23.03.2018;21;0;30;27;44;13;48;8;47;11;41;18;37;0;0;33;0;37;0;45;0;0;0;26;14;0;27;0;38;0;0;17;0;0
23.03.2018;22;0;32;25;19;0;38;0;41;0;30;0;46;0;0;23;0;41;0;42;0;0;0;17;12;0;23;0;30;0;0;12;0;0
23.03.2018;23;0;15;14;22;0;43;0;30;0;17;0;31;0;0;26;0;37;0;38;0;0;0;19;16;0;19;0;24;0;0;16;0;0
23.03.2018;24;0;4;5;13;0;15;0;19;0;13;0;7;0;0;20;0;11;0;23;0;0;0;13;23;0;17;0;16;0;0;11;0;0
24.03.2018;1;0;4;8;11;0;11;0;15;0;9;0;5;0;0;16;0;8;0;14;0;0;0;16;7;0;11;0;14;0;0;7;0;0
24.03.2018;2;0;4;4;26;0;29;0;10;0;16;0;12;0;0;18;0;10;0;23;0;0;0;32;9;0;18;0;17;0;0;8;0;0
24.03.2018;3;0;3;6;33;0;30;0;6;0;13;0;23;0;0;22;0;26;0;34;0;0;0;20;15;0;18;0;18;0;0;16;0;0
24.03.2018;4;0;10;21;30;5;17;1;20;4;29;7;28;0;0;34;0;33;6;40;9;0;0;20;35;0;17;0;15;0;0;29;0;0
24.03.2018;5;0;27;29;49;39;33;29;35;32;27;38;18;0;0;25;0;32;11;35;14;0;0;26;19;0;26;11;14;0;0;20;0;0
24.03.2018;6;0;25;33;47;46;37;31;33;40;28;33;12;0;14;30;0;26;0;25;5;0;0;16;9;0;26;13;23;0;0;7;0;0
24.03.2018;7;0;18;29;49;66;50;30;31;28;23;32;17;0;20;30;0;18;0;27;0;0;0;28;16;0;42;9;24;0;0;10;0;0
24.03.2018;8;0;39;38;44;54;42;35;51;43;31;13;32;0;20;14;24;32;0;32;0;0;0;34;20;0;27;11;34;0;0;7;0;0
24.03.2018;9;0;24;29;35;46;29;53;38;38;27;0;24;0;32;16;40;31;0;31;0;0;0;28;26;0;33;12;33;0;0;20;0;0
24.03.2018;10;0;18;38;44;59;46;34;26;36;39;0;28;0;27;19;33;28;0;28;0;0;9;40;36;0;36;22;18;5;0;30;0;0
24.03.2018;11;0;22;33;52;55;42;35;31;39;30;17;25;0;20;19;26;20;0;22;0;0;16;25;25;0;15;13;28;19;0;22;0;0
24.03.2018;12;0;21;32;42;43;32;38;30;40;27;30;22;0;22;29;31;28;0;24;0;0;21;25;24;0;22;23;23;14;0;25;0;0
24.03.2018;13;0;28;25;51;50;42;41;38;33;24;29;20;0;22;17;31;24;0;29;0;0;22;34;20;0;27;13;18;24;0;21;0;0
24.03.2018;14;0;33;31;44;53;42;44;31;34;23;24;17;0;19;23;24;10;0;17;0;0;24;31;33;0;26;18;11;20;0;20;0;0
24.03.2018;15;0;30;52;50;69;45;50;26;51;34;33;15;0;28;22;26;22;0;30;0;0;28;28;35;0;27;23;28;19;0;26;0;0
24.03.2018;16;0;32;34;51;68;49;49;35;41;26;47;11;0;34;45;28;36;0;43;0;0;20;17;32;0;22;24;29;14;0;32;0;0
24.03.2018;17;0;31;38;42;54;41;35;31;37;38;35;8;0;17;41;0;26;0;27;0;0;12;19;19;0;22;26;20;9;0;18;0;0
24.03.2018;18;0;18;52;51;48;46;23;27;27;27;30;18;0;17;34;0;28;0;36;0;0;12;18;20;0;23;22;14;0;0;18;0;0
24.03.2018;19;0;25;33;52;58;47;31;32;26;20;36;17;0;10;35;0;31;0;33;0;0;23;37;18;0;21;17;20;0;0;20;0;0
24.03.2018;20;0;28;25;58;56;54;32;35;21;11;48;25;0;0;33;0;46;0;46;0;0;0;27;8;0;24;0;25;0;0;19;0;0
24.03.2018;21;0;22;26;43;22;41;18;31;19;20;24;29;0;0;28;0;33;0;36;0;0;0;14;10;0;17;0;29;0;0;15;0;0
24.03.2018;22;0;27;22;25;0;39;0;35;0;22;0;41;0;0;21;0;39;0;42;0;0;0;12;14;0;16;0;26;0;0;9;0;0
24.03.2018;23;0;6;12;23;0;31;0;17;0;14;0;22;0;0;22;0;25;0;33;0;0;0;9;10;0;17;0;20;0;0;7;0;0
24.03.2018;24;0;2;10;9;0;22;0;16;0;16;0;6;0;0;11;0;9;0;17;0;0;0;15;10;0;15;0;12;0;0;1;0;0
25.03.2018;1;0;3;8;12;0;18;0;9;0;8;0;9;0;0;12;0;8;0;17;0;0;0;18;8;0;13;0;11;0;0;6;0;0
25.03.2018;2;0;4;3;20;0;17;0;11;0;9;0;8;0;0;28;0;5;0;21;0;0;0;25;11;0;22;0;12;0;0;19;0;0
25.03.2018;3;0;5;5;30;0;23;0;16;0;12;0;26;0;0;27;0;32;0;39;0;0;0;25;20;0;23;0;12;0;0;17;0;0
25.03.2018;4;0;11;12;45;21;43;3;16;6;20;18;32;0;0;38;0;36;0;35;0;0;0;20;25;0;18;0;26;0;0;17;0;0
25.03.2018;5;0;16;27;50;38;40;29;24;40;25;31;20;0;4;31;0;43;0;48;7;0;0;13;12;0;26;3;27;0;0;15;0;0
25.03.2018;6;0;26;34;54;46;43;34;27;45;27;28;17;0;15;34;0;30;0;28;9;0;0;16;6;0;27;15;26;0;0;10;0;0
25.03.2018;7;0;17;41;39;39;31;25;24;35;30;15;24;0;23;37;1;26;0;31;0;0;0;24;14;0;26;10;31;0;0;10;0;0
25.03.2018;8;0;39;40;54;52;50;0;57;47;36;0;33;0;23;32;23;32;0;30;0;0;0;33;27;0;25;12;36;0;0;12;0;0
25.03.2018;9;0;19;35;38;40;30;0;40;30;29;0;29;0;21;23;36;31;0;30;0;0;0;33;24;0;25;18;17;0;0;16;0;0
25.03.2018;10;0;17;31;52;43;43;0;39;35;25;0;35;0;33;27;33;22;0;14;0;0;4;34;27;0;27;20;21;0;0;30;0;0
25.03.2018;11;0;13;42;48;47;45;0;53;48;37;0;24;0;26;24;32;14;0;21;0;0;21;25;36;0;28;24;31;0;0;38;0;0
25.03.2018;12;0;19;31;51;55;45;28;33;38;26;22;18;0;27;31;28;21;0;21;0;0;23;27;21;0;27;19;26;0;0;26;0;0
25.03.2018;13;0;27;20;54;51;42;40;34;33;22;17;6;0;24;19;26;24;0;35;0;0;20;32;22;0;22;20;25;0;0;23;0;0
25.03.2018;14;0;32;35;50;71;48;45;32;35;29;28;17;0;24;22;31;16;0;35;0;0;29;32;28;0;46;20;20;0;0;19;14;0
25.03.2018;15;0;30;28;48;49;51;51;35;41;22;25;12;0;33;26;31;21;0;35;0;0;24;30;28;0;43;28;19;0;0;31;41;0
25.03.2018;16;0;36;30;60;57;60;40;36;39;36;35;10;0;22;23;25;30;0;45;0;0;20;33;19;0;37;27;22;0;0;18;52;0
25.03.2018;17;0;32;32;57;54;59;43;30;41;27;40;17;0;12;29;14;33;0;37;0;0;21;25;21;0;27;22;21;0;0;17;37;0
25.03.2018;18;0;28;31;59;69;59;38;32;37;28;39;13;0;18;26;14;38;0;40;0;0;0;27;13;0;28;24;17;0;0;12;0;0
25.03.2018;19;0;23;32;56;61;50;30;30;34;22;38;15;0;22;32;7;30;0;31;0;0;0;29;14;0;32;17;16;0;0;21;0;0
25.03.2018;20;0;31;33;56;62;54;42;41;32;15;65;27;0;16;35;0;48;0;45;0;0;0;26;10;0;25;19;21;0;0;20;0;0
25.03.2018;21;0;25;29;53;44;57;18;35;10;23;38;25;0;0;21;0;37;0;44;0;0;0;27;19;0;31;0;15;0;0;16;0;0
25.03.2018;22;0;26;26;24;0;40;0;45;0;34;0;39;0;0;32;0;33;0;38;0;0;0;21;14;0;25;0;28;0;0;15;0;0
25.03.2018;23;0;11;16;24;0;40;0;21;0;16;0;29;0;0;23;0;29;0;43;0;0;0;12;20;0;23;0;16;0;0;18;0;0
25.03.2018;24;0;6;8;13;0;22;0;14;0;12;0;5;0;0;12;0;7;0;19;0;0;0;10;10;0;15;0;9;0;0;9;0;0
26.03.2018;1;0;3;9;14;0;18;0;6;0;8;0;6;0;0;18;0;6;0;7;0;0;0;18;8;0;5;0;12;0;0;4;0;0
26.03.2018;2;0;2;2;31;0;22;0;19;0;18;0;13;0;0;29;0;16;0;23;0;0;0;14;28;0;11;0;28;0;0;19;0;0
26.03.2018;3;0;2;6;33;0;34;0;20;0;21;0;30;0;0;28;0;31;0;44;0;0;0;16;41;0;22;0;19;0;0;21;0;0
26.03.2018;4;0;12;21;40;13;35;4;18;15;30;7;22;0;5;32;0;31;0;31;6;0;0;26;29;0;23;13;19;0;0;20;0;0
26.03.2018;5;0;27;27;49;47;32;38;40;45;26;34;19;0;15;30;0;31;0;44;19;0;0;24;11;0;31;17;20;0;0;16;0;0
26.03.2018;6;0;31;40;49;49;37;36;36;47;32;40;21;0;15;39;0;31;0;32;14;0;0;20;7;0;32;17;26;0;0;15;0;0
26.03.2018;7;0;32;34;48;66;39;39;43;39;29;27;12;0;20;23;11;24;0;31;0;0;0;30;11;0;40;10;27;0;0;10;0;0
26.03.2018;8;0;39;33;53;60;50;39;53;46;32;39;30;0;19;16;32;35;0;34;0;0;0;32;22;0;35;12;34;0;0;10;0;1
26.03.2018;9;0;25;32;35;44;31;32;28;45;30;31;17;0;24;24;31;34;0;29;0;0;0;35;27;0;29;20;24;0;0;17;0;0
26.03.2018;10;0;14;28;40;47;34;31;19;37;29;21;14;0;36;27;29;21;0;22;0;0;0;31;29;0;29;16;24;0;0;27;0;0
26.03.2018;11;0;14;39;45;52;41;39;22;49;33;29;19;0;33;20;36;21;0;29;0;0;0;36;33;0;31;17;31;0;0;31;0;0
26.03.2018;12;0;21;26;51;56;51;36;28;38;19;32;18;0;22;24;30;20;0;21;0;0;15;30;21;0;26;20;27;0;0;22;0;0
26.03.2018;13;0;30;24;53;59;52;41;38;39;22;18;15;0;23;16;27;23;0;28;0;0;21;33;16;0;24;22;23;16;0;22;0;0
26.03.2018;14;0;27;33;53;72;50;53;37;44;33;38;15;0;30;21;30;29;0;38;0;0;31;34;29;0;24;22;24;23;0;25;0;0
26.03.2018;15;0;36;28;51;55;44;43;44;35;24;31;17;0;39;28;28;29;0;37;0;0;27;31;26;0;23;27;25;24;0;37;0;0
26.03.2018;16;0;29;32;56;69;52;32;36;39;29;32;14;0;16;47;0;34;0;37;0;0;11;27;16;0;29;30;20;17;0;15;0;0
26.03.2018;17;0;31;31;56;56;51;32;37;39;31;44;18;0;17;35;0;48;0;47;0;0;0;32;15;0;29;24;18;0;0;15;0;0
26.03.2018;18;0;23;36;56;65;44;35;33;45;33;44;24;0;14;32;0;48;0;50;0;0;0;40;17;0;30;22;12;0;0;14;0;0
26.03.2018;19;0;25;42;54;60;41;28;31;37;25;52;26;0;22;45;0;47;0;41;0;0;0;29;9;0;25;21;21;0;0;18;0;0
26.03.2018;20;0;27;36;58;54;54;30;33;24;16;57;34;0;8;37;0;53;0;53;0;0;0;30;12;0;30;13;26;0;0;15;0;0
26.03.2018;21;0;24;25;47;23;48;14;28;9;21;28;32;0;0;20;0;35;0;41;0;0;0;18;12;0;24;0;21;0;0;11;0;0
26.03.2018;22;0;23;28;27;0;36;0;38;0;25;0;44;0;0;21;0;42;0;43;0;0;0;13;7;0;20;0;25;0;0;9;0;0
26.03.2018;23;0;15;13;22;0;29;0;26;0;10;0;31;0;0;20;0;29;0;39;0;0;0;18;15;0;18;0;17;0;0;9;0;0
26.03.2018;24;0;7;5;16;0;15;0;13;0;8;0;12;0;0;9;0;10;0;20;0;0;0;10;5;0;14;0;12;0;0;4;0;0
27.03.2018;1;0;4;6;12;0;19;0;11;0;6;0;4;0;0;20;0;3;0;6;0;0;0;18;8;0;4;0;13;0;0;8;0;0
27.03.2018;2;0;3;9;27;0;21;0;15;0;18;0;12;0;0;23;0;11;0;19;0;0;0;11;25;0;14;0;26;0;0;20;0;0
27.03.2018;3;0;3;7;26;0;28;0;18;0;23;0;18;0;0;26;0;26;0;34;0;0;0;20;32;0;18;0;24;0;0;19;0;0
27.03.2018;4;0;8;29;35;7;32;3;13;8;28;5;22;0;0;33;0;28;0;32;3;0;0;20;32;0;19;0;26;0;0;22;0;0
27.03.2018;5;0;25;47;41;37;31;22;33;40;23;38;18;0;21;33;0;27;0;44;15;0;0;21;12;0;26;20;25;0;0;14;0;0
27.03.2018;6;0;32;35;50;45;41;27;36;40;27;36;28;0;20;30;0;29;0;28;7;0;0;23;7;0;33;15;19;0;0;17;0;0
27.03.2018;7;0;23;34;50;46;34;31;23;37;32;35;29;0;21;36;0;23;0;26;0;0;0;17;14;0;26;14;25;0;0;10;0;0
27.03.2018;8;0;34;27;53;49;37;21;35;40;23;48;41;0;16;34;1;33;0;34;0;0;0;31;17;0;26;11;29;0;0;10;0;0
27.03.2018;9;0;31;29;41;54;36;21;32;42;25;25;19;0;32;42;16;29;0;30;0;0;0;38;15;0;27;15;32;0;0;13;0;0
27.03.2018;10;0;18;30;36;46;30;23;21;35;28;27;16;0;42;28;32;23;0;23;0;0;0;33;32;0;35;17;16;0;0;28;0;1
27.03.2018;11;0;15;34;49;44;42;30;14;43;27;31;25;0;47;19;31;20;0;25;0;0;15;29;36;0;35;18;28;0;0;38;0;0
27.03.2018;12;0;19;35;55;56;48;26;21;41;30;31;27;0;39;25;29;21;0;24;0;0;17;25;24;0;34;22;25;0;0;27;0;0
27.03.2018;13;0;27;25;60;62;51;39;27;43;24;31;22;0;32;22;24;26;0;31;0;0;24;33;21;0;31;23;28;0;0;17;0;0
27.03.2018;14;0;26;29;56;65;39;49;30;32;24;31;25;0;20;34;9;31;0;41;0;0;30;35;34;0;30;23;23;23;0;21;0;0
27.03.2018;15;0;35;20;58;69;50;36;33;44;13;35;19;0;29;47;1;28;0;43;0;0;21;27;30;0;30;29;29;21;0;28;0;0
27.03.2018;16;0;25;24;59;66;49;23;27;35;24;42;18;0;20;45;0;44;0;33;0;0;17;31;23;0;34;21;22;0;0;17;0;0
27.03.2018;17;0;27;34;53;47;46;24;28;31;30;46;30;0;16;37;0;40;0;31;0;0;3;31;11;0;33;20;17;0;0;12;0;0
27.03.2018;18;0;24;37;55;51;45;24;25;40;31;43;26;0;15;35;0;43;0;42;0;0;0;40;13;0;31;26;21;0;0;15;0;0
27.03.2018;19;0;26;36;52;42;35;20;26;36;30;50;36;0;26;43;0;37;0;40;0;0;0;29;8;0;33;21;22;0;0;19;0;0
27.03.2018;20;0;34;26;58;57;41;40;39;20;12;52;41;0;6;33;0;53;0;53;0;0;0;33;12;0;30;6;26;0;0;21;0;0
27.03.2018;21;0;23;22;41;27;41;22;25;13;19;24;25;0;0;21;0;38;0;48;0;0;0;17;13;0;28;0;20;0;0;16;0;0
27.03.2018;22;0;23;25;22;0;29;0;29;0;31;0;42;0;0;32;0;38;0;41;0;0;0;17;10;0;27;0;29;0;0;12;0;0
27.03.2018;23;0;9;17;21;0;25;0;15;0;14;0;24;0;0;21;0;25;0;39;0;0;0;17;16;0;28;0;17;0;0;17;0;0
27.03.2018;24;0;5;5;13;0;19;0;8;0;9;0;14;0;0;11;0;12;0;22;0;0;0;9;8;0;19;0;11;0;0;8;0;0
28.03.2018;1;0;2;8;16;0;21;0;8;0;4;0;9;0;0;14;0;5;0;9;0;0;0;17;6;0;5;0;9;0;0;7;0;0
28.03.2018;2;0;1;3;28;0;29;0;14;0;10;0;10;0;0;22;0;20;0;24;0;0;0;12;16;0;13;0;17;0;0;18;0;0
28.03.2018;3;0;2;10;23;0;32;0;16;0;17;0;23;0;0;28;0;28;0;28;0;0;0;18;24;0;13;0;18;0;0;18;0;0
28.03.2018;4;0;13;18;33;11;43;1;20;5;28;2;28;0;0;37;0;36;8;27;4;0;0;26;31;0;18;0;23;0;0;26;0;0
28.03.2018;5;0;25;24;48;44;40;24;26;41;26;25;16;0;0;31;0;40;17;30;11;0;0;24;14;0;24;0;31;0;0;17;0;0
28.03.2018;6;0;29;36;58;49;42;42;35;56;30;39;27;0;3;44;0;34;2;27;9;0;0;21;6;0;27;11;33;0;0;13;0;0
28.03.2018;7;0;25;30;52;56;44;14;37;35;22;30;15;0;19;35;0;27;0;31;0;0;0;29;14;0;28;9;28;0;0;9;0;0
28.03.2018;8;0;39;36;49;48;35;0;58;43;36;38;34;0;17;39;0;36;0;38;0;0;0;33;21;0;24;12;33;0;0;9;0;0
28.03.2018;9;0;29;33;26;47;21;0;45;39;31;17;29;0;21;57;0;31;0;35;0;0;0;39;27;0;27;22;28;0;0;12;0;0
28.03.2018;10;0;19;28;50;41;45;0;36;32;23;0;28;0;31;51;20;21;0;22;0;0;0;25;20;0;25;19;20;0;0;18;0;0
28.03.2018;11;0;19;36;46;51;42;0;49;42;31;0;32;0;38;45;12;18;0;18;0;0;0;36;35;0;29;18;27;0;0;38;0;0
28.03.2018;12;0;12;26;51;54;51;21;23;36;21;20;23;0;23;49;0;27;0;24;0;0;12;33;28;0;30;17;25;0;0;15;0;0
28.03.2018;13;0;19;22;52;57;53;41;27;28;16;28;12;0;27;42;3;25;0;34;0;0;19;30;17;0;32;19;20;0;0;23;0;0
28.03.2018;14;0;30;28;51;64;54;47;37;41;27;32;20;0;29;28;26;21;0;38;0;0;21;39;28;0;53;23;22;0;0;22;8;0
28.03.2018;15;0;28;31;54;43;50;47;33;45;28;29;16;0;31;18;31;27;0;39;0;0;16;32;31;0;50;32;27;0;0;36;39;0
28.03.2018;16;0;27;24;56;56;52;41;31;49;30;35;17;0;16;29;14;30;0;39;0;0;4;39;27;0;37;31;23;0;0;19;45;0
28.03.2018;17;0;26;31;50;53;46;41;30;35;27;45;22;0;13;39;0;35;0;29;0;0;0;37;25;0;28;21;21;0;0;15;5;0
28.03.2018;18;0;33;39;53;61;45;40;36;45;37;49;26;0;22;50;0;44;0;44;0;0;0;34;21;0;32;26;23;0;0;21;0;0
28.03.2018;19;0;24;38;51;53;34;41;33;41;29;42;21;0;26;51;0;35;0;40;0;0;0;36;7;0;33;34;23;0;0;28;0;0
28.03.2018;20;0;33;29;52;59;49;28;44;23;20;59;27;0;4;28;0;49;0;59;11;0;0;33;11;0;30;6;25;0;0;20;0;0
28.03.2018;21;0;20;34;36;10;34;0;34;0;24;12;30;0;0;19;0;36;0;49;0;0;0;24;17;0;30;0;24;0;0;15;0;0
28.03.2018;22;0;31;21;30;0;40;0;43;0;21;0;47;0;0;32;0;42;0;49;0;0;0;24;9;0;27;0;34;0;0;14;0;0
28.03.2018;23;0;10;14;25;0;36;0;24;0;17;0;24;0;0;24;0;28;0;43;0;0;0;18;22;0;25;0;31;0;0;21;0;0
28.03.2018;24;0;4;4;12;0;21;0;13;0;4;0;7;0;0;20;0;5;0;17;0;0;0;15;7;0;15;0;15;0;0;6;0;0
29.03.2018;1;0;4;4;15;0;19;0;8;0;4;0;6;0;0;16;0;10;0;13;0;0;0;18;8;0;5;0;8;0;0;6;0;0
29.03.2018;2;0;1;3;22;0;18;0;6;0;6;0;17;0;0;17;0;16;0;26;0;0;0;16;8;0;9;0;12;0;0;11;0;0
29.03.2018;3;0;4;4;34;0;22;0;8;0;8;0;20;0;0;20;0;23;0;32;0;0;0;19;12;0;19;0;9;0;0;13;0;0
29.03.2018;4;0;10;18;36;3;28;0;19;2;28;2;19;0;0;30;0;29;0;40;7;0;0;19;17;0;20;0;28;0;0;19;0;0
29.03.2018;5;0;24;23;55;41;34;25;37;32;23;32;19;0;13;31;0;36;0;49;15;0;0;23;13;0;27;12;19;0;0;18;0;0
29.03.2018;6;0;34;36;56;56;46;39;42;53;31;44;18;0;12;35;0;30;0;29;15;0;0;20;7;0;33;21;25;0;0;13;0;0
29.03.2018;7;0;24;36;49;58;39;36;36;44;31;33;14;0;19;36;0;24;0;32;0;0;0;26;17;0;28;14;31;0;0;7;0;0
29.03.2018;8;0;43;28;46;58;36;43;52;38;20;37;21;0;26;40;14;36;0;35;0;0;0;35;23;0;27;14;31;0;0;14;0;1
29.03.2018;9;0;28;33;37;47;29;34;31;27;29;24;15;0;16;17;34;25;0;26;0;0;0;36;20;0;31;17;18;0;0;19;0;0
29.03.2018;10;0;20;28;38;41;28;33;22;36;25;26;15;0;35;20;36;26;0;25;0;0;0;23;23;0;30;18;23;0;0;29;0;0
29.03.2018;11;0;17;39;38;48;35;36;20;39;31;32;21;0;28;25;26;25;0;29;0;0;0;38;32;0;30;22;26;0;0;30;0;0
29.03.2018;12;0;26;27;55;55;55;33;31;28;21;28;15;0;21;18;26;25;0;26;0;0;7;33;20;0;19;14;24;7;0;16;0;0
29.03.2018;13;0;32;18;51;62;49;39;41;37;20;27;16;0;27;18;27;26;0;31;0;0;23;30;18;3;17;18;23;14;0;18;0;0
29.03.2018;14;0;24;30;49;65;49;41;28;48;26;37;15;0;32;27;30;28;0;36;0;0;32;26;14;23;22;24;25;18;0;22;2;1
29.03.2018;15;0;31;29;52;57;50;56;36;52;28;37;10;0;37;23;32;29;0;35;0;0;27;20;15;19;24;34;26;18;0;31;25;1
29.03.2018;16;0;24;30;56;64;61;36;35;42;23;38;12;0;25;22;30;33;0;37;0;0;17;18;15;15;20;28;20;12;0;19;17;0
29.03.2018;17;0;30;33;52;63;54;39;36;39;25;48;21;0;14;33;6;35;0;38;0;0;16;24;18;0;24;29;25;0;0;19;0;1
29.03.2018;18;0;31;42;56;72;55;42;39;43;32;53;22;0;25;44;0;47;0;46;0;0;15;24;15;0;32;26;23;0;0;25;0;0
29.03.2018;19;0;25;29;60;68;62;31;31;39;20;46;13;0;19;47;0;35;0;39;0;0;9;19;15;0;30;31;20;0;0;21;0;0
29.03.2018;20;0;28;31;62;70;55;36;34;25;17;55;30;0;11;33;0;47;0;47;0;0;0;29;8;0;26;15;16;0;0;14;0;0
29.03.2018;21;0;21;30;40;16;33;7;29;3;26;18;33;0;0;13;0;41;0;45;0;0;0;20;11;0;23;0;21;0;0;12;0;0
29.03.2018;22;0;26;19;27;0;37;0;42;0;28;0;43;0;0;24;0;36;0;44;0;0;0;15;11;0;19;0;32;0;0;11;0;0
29.03.2018;23;0;10;15;24;0;36;0;18;0;13;0;29;0;0;19;0;30;0;31;0;0;0;13;18;0;15;0;17;0;0;19;0;0
29.03.2018;24;0;6;5;14;0;15;0;13;0;11;0;10;0;0;13;0;13;0;20;0;0;0;10;8;0;13;0;16;0;0;8;0;0
30.03.2018;1;0;1;5;18;0;22;0;8;0;6;0;4;0;0;17;0;3;0;7;0;0;0;21;11;0;4;0;11;0;0;7;0;0
30.03.2018;2;0;3;3;27;0;14;0;6;0;8;0;10;0;0;19;0;12;0;24;0;0;0;10;10;0;12;0;12;0;0;11;0;0
30.03.2018;3;0;7;8;28;0;35;0;11;0;11;0;28;0;0;22;0;31;0;37;0;0;0;23;10;0;26;0;9;0;0;14;0;0
30.03.2018;4;0;15;23;35;5;30;2;23;7;31;7;21;0;0;26;0;31;5;32;8;0;0;25;18;0;22;0;30;0;0;15;0;0
30.03.2018;5;0;28;25;53;44;37;34;36;36;21;32;21;0;5;27;0;31;11;38;16;0;0;18;6;0;27;4;21;0;0;16;0;0
30.03.2018;6;0;33;37;53;63;50;42;38;47;27;32;18;0;12;33;0;28;0;26;6;0;0;24;6;0;35;16;23;0;0;14;0;0
30.03.2018;7;0;32;32;51;67;51;40;43;45;28;36;15;0;20;31;1;28;0;32;0;0;0;30;14;0;34;8;30;0;0;5;0;0
30.03.2018;8;0;34;34;51;64;49;36;46;44;31;32;17;0;21;23;29;29;0;28;0;0;0;38;21;0;36;15;30;0;0;11;0;0
30.03.2018;9;0;32;28;33;46;32;26;36;39;23;29;20;0;21;25;33;26;0;28;0;0;0;38;18;0;26;19;24;0;0;20;0;0
30.03.2018;10;0;19;36;44;58;44;31;32;40;28;29;18;0;42;32;35;19;0;17;0;0;3;39;27;0;32;18;24;7;0;35;0;0
30.03.2018;11;0;17;42;48;57;45;31;22;36;41;34;24;0;32;25;28;21;0;22;0;0;21;23;27;0;24;14;28;10;0;34;0;0
30.03.2018;12;0;26;31;54;56;43;37;36;38;25;28;15;0;24;26;29;29;0;28;0;0;20;19;21;0;15;17;31;11;0;25;0;0
30.03.2018;13;0;37;37;60;63;56;43;44;44;28;32;15;0;24;24;28;33;0;41;0;0;28;30;23;0;15;28;27;18;0;24;0;0
30.03.2018;14;0;30;38;50;75;48;49;32;35;25;38;21;0;30;24;30;24;0;39;0;0;33;33;35;0;28;22;27;27;0;31;0;1
30.03.2018;15;0;34;28;56;68;50;47;41;40;24;37;10;0;30;21;28;31;0;41;0;0;25;24;27;0;27;27;27;28;0;33;0;0
30.03.2018;16;0;27;28;61;62;55;49;36;44;26;36;19;0;24;39;15;40;0;43;0;0;15;23;21;0;32;25;22;19;0;24;0;0
30.03.2018;17;0;36;42;49;61;46;36;33;36;40;42;22;0;18;48;0;33;0;31;0;0;15;28;13;0;31;25;15;0;0;16;0;0
30.03.2018;18;0;26;42;54;58;40;31;33;30;36;40;18;0;22;39;0;44;0;47;0;0;18;26;17;0;38;19;17;0;0;24;0;0
30.03.2018;19;0;24;31;54;53;45;32;33;42;23;45;23;0;23;52;0;48;0;45;0;0;11;22;8;0;30;33;22;0;0;18;0;0
30.03.2018;20;0;34;28;49;49;45;29;36;21;18;55;33;0;0;32;0;53;0;51;0;0;0;22;13;0;28;9;22;0;0;19;0;1
30.03.2018;21;0;21;29;40;29;38;18;25;14;29;30;15;0;0;18;0;36;0;40;0;0;0;21;13;0;24;0;24;0;0;13;0;0
30.03.2018;22;0;22;21;25;0;37;0;45;0;42;0;38;0;0;33;0;37;0;39;0;0;0;15;17;0;21;0;33;0;0;17;0;0
30.03.2018;23;0;18;17;26;0;34;0;33;0;17;0;29;0;0;27;0;38;0;51;0;0;0;13;21;0;27;0;23;0;0;17;0;0
30.03.2018;24;0;11;9;21;0;28;0;22;0;16;0;10;0;0;23;0;11;0;21;0;0;0;14;14;0;19;0;17;0;0;17;0;0
31.03.2018;1;0;5;8;19;0;23;0;7;0;7;0;10;0;0;18;0;8;0;15;0;0;0;25;7;0;10;0;12;0;0;7;0;0
31.03.2018;2;0;4;5;25;0;15;0;14;0;11;0;7;0;0;22;0;14;0;24;0;0;0;12;7;0;14;0;14;0;0;14;0;0
31.03.2018;3;0;4;6;29;0;27;0;17;0;13;0;22;0;0;27;0;34;0;38;0;0;0;25;21;0;18;0;9;0;0;19;0;0
31.03.2018;4;0;11;23;37;8;33;2;20;7;30;7;20;0;0;29;0;28;0;39;4;0;0;30;26;0;21;0;24;0;0;17;0;0
31.03.2018;5;0;22;28;51;43;33;30;31;31;18;40;29;0;6;28;0;35;0;50;21;0;0;22;13;0;27;2;25;0;0;17;0;0
31.03.2018;6;0;32;31;53;51;46;46;38;40;21;27;18;0;21;40;0;26;0;20;6;0;0;23;8;0;32;14;23;0;0;19;0;0
31.03.2018;7;0;24;38;50;51;40;36;31;39;27;0;26;0;16;35;0;17;0;27;0;0;0;24;17;0;29;10;28;0;0;8;0;0
31.03.2018;8;0;38;29;48;56;41;33;48;49;29;0;31;0;24;41;20;29;0;26;0;0;0;34;21;0;27;15;37;0;0;9;0;0
31.03.2018;9;0;22;36;33;49;30;31;24;39;31;0;27;0;22;27;26;26;0;24;0;0;5;31;24;0;25;23;22;0;0;19;0;0
31.03.2018;10;0;19;35;40;52;42;37;28;39;28;0;29;0;33;27;25;24;0;28;0;0;15;20;32;0;37;21;29;0;0;28;0;0
31.03.2018;11;0;16;47;46;44;40;47;26;44;40;0;35;0;26;19;35;21;0;19;0;0;20;22;36;0;30;20;34;0;0;23;0;0
31.03.2018;12;0;17;28;54;51;46;30;27;38;26;20;22;0;22;24;32;24;0;25;0;0;18;21;20;0;16;20;25;4;0;22;0;0
31.03.2018;13;0;27;28;53;56;41;40;34;33;24;19;11;0;26;20;29;22;0;29;0;0;23;28;21;0;20;17;26;15;0;24;0;0
31.03.2018;14;0;22;35;54;66;49;45;26;35;22;22;13;0;21;22;26;23;0;31;0;0;28;28;35;0;27;18;17;13;0;18;0;0
31.03.2018;15;0;29;23;53;63;52;45;38;36;20;31;11;0;33;24;29;27;0;37;0;0;22;26;31;0;27;27;27;23;0;35;0;0
31.03.2018;16;0;33;30;53;67;61;42;31;39;24;37;22;0;22;24;27;35;0;41;0;0;16;22;29;0;31;22;19;10;0;27;0;0
31.03.2018;17;0;26;35;52;65;53;32;23;40;27;37;19;0;13;35;5;34;0;31;0;0;17;22;11;0;21;26;14;0;0;12;0;0
31.03.2018;18;0;24;39;49;59;44;30;28;31;40;35;21;0;14;34;0;36;0;39;0;0;20;23;19;0;25;20;17;0;0;17;0;0
31.03.2018;19;0;21;26;52;49;47;38;32;35;21;41;20;0;16;43;0;38;0;36;0;0;8;24;14;0;26;25;19;0;0;15;0;0
31.03.2018;20;0;28;25;45;52;42;26;31;19;23;54;26;0;12;32;0;49;0;44;0;0;0;27;12;0;23;9;17;0;0;15;0;0
31.03.2018;21;0;18;27;38;27;29;8;27;4;33;17;31;0;0;24;0;31;0;42;0;0;0;12;17;0;23;0;27;0;0;13;0;0
31.03.2018;22;0;20;22;42;0;32;0;32;0;31;0;46;0;0;29;0;43;0;36;0;0;0;8;14;0;19;0;23;0;0;17;0;0
31.03.2018;23;0;9;15;24;0;29;0;21;0;23;0;29;0;0;24;0;37;0;41;0;0;0;17;14;0;18;0;23;0;0;14;0;0
31.03.2018;24;0;7;9;15;0;23;0;14;0;12;0;13;0;0;19;0;16;0;27;0;0;0;11;8;0;18;0;16;0;0;6;0;0
