01.05.2017;1;0;5;12;13;0;27;0;15;0;17;0;16;0;0;24;0;13;0;16;0;0;0;26;13;0;8;0;21;0;0;11;0
01.05.2017;2;0;6;5;29;0;39;0;27;0;23;0;20;0;0;25;0;17;0;30;0;0;0;20;29;0;10;0;25;0;0;22;0
01.05.2017;3;0;5;13;29;0;40;0;19;0;23;0;30;0;0;30;0;30;0;41;0;1;0;23;22;0;13;0;13;0;0;11;0
01.05.2017;4;0;9;21;29;3;26;4;22;6;26;11;31;0;0;34;0;35;0;46;7;0;0;18;18;0;20;0;30;0;0;13;0
01.05.2017;5;0;23;30;42;34;36;31;33;46;29;34;16;0;18;34;0;34;0;44;15;0;0;11;9;0;23;13;31;0;0;14;0
01.05.2017;6;0;28;35;43;42;30;28;35;48;34;28;21;0;21;29;0;21;0;24;5;1;0;18;7;0;22;12;25;0;0;13;0
01.05.2017;7;0;28;44;40;52;29;28;33;45;46;25;14;0;27;36;0;26;0;30;0;0;0;32;11;0;18;5;34;0;0;8;0
01.05.2017;8;0;26;43;44;58;35;25;35;47;40;27;20;0;20;32;21;26;0;34;0;0;0;30;8;6;31;16;34;0;0;9;1
01.05.2017;9;0;25;32;29;38;23;27;32;29;29;21;16;0;27;29;34;22;0;29;0;1;0;30;12;11;26;16;23;0;0;22;0
01.05.2017;10;0;19;30;30;39;30;25;20;33;25;0;29;0;32;34;29;17;0;23;0;1;0;22;12;7;28;30;16;0;0;25;1
01.05.2017;11;0;20;44;35;50;34;42;23;47;40;0;23;0;28;20;30;12;0;13;0;0;15;22;14;13;30;28;27;0;0;26;0
01.05.2017;12;0;20;38;47;53;45;22;17;40;33;0;30;0;26;36;22;16;0;19;0;1;17;29;9;12;29;18;27;0;0;17;0
01.05.2017;13;0;26;29;43;69;40;31;28;32;22;0;37;0;26;47;1;26;0;34;0;0;14;33;11;6;28;20;24;0;0;20;0
01.05.2017;14;0;21;37;45;50;36;28;23;33;30;16;25;0;22;39;1;23;0;39;0;1;24;35;14;8;23;13;19;20;0;17;1
01.05.2017;15;0;31;30;46;51;35;35;36;45;23;36;35;0;26;30;29;25;0;27;0;1;21;31;7;12;30;27;26;20;0;24;0
01.05.2017;16;0;20;38;42;49;38;30;24;50;34;30;22;0;24;44;20;26;0;39;0;0;6;25;14;10;25;26;26;3;0;14;0
01.05.2017;17;0;28;36;46;46;39;27;32;41;38;31;34;0;14;36;0;33;0;35;0;0;0;33;11;0;22;24;13;0;0;11;0
01.05.2017;18;0;20;41;40;50;40;28;21;34;41;30;18;0;19;37;0;36;0;38;0;1;0;36;12;0;27;17;8;0;0;18;0
01.05.2017;19;0;26;40;45;47;34;33;24;36;42;37;25;0;21;39;0;36;0;39;0;1;0;31;8;0;31;29;14;0;0;23;0
01.05.2017;20;1;29;43;51;48;37;27;32;27;40;39;26;0;7;35;0;38;0;38;0;1;0;30;6;0;29;10;25;0;0;18;0
01.05.2017;21;0;20;37;28;7;39;1;22;4;47;10;33;0;0;23;0;24;0;34;0;0;0;15;7;0;29;0;29;0;0;11;0
01.05.2017;22;0;18;32;24;0;23;0;15;0;37;0;34;0;0;20;0;26;0;33;0;0;0;12;11;0;22;0;28;0;0;5;0
01.05.2017;23;0;12;18;17;0;26;0;14;0;26;0;24;0;0;20;0;21;0;32;0;0;0;11;14;0;21;0;23;0;0;11;0
01.05.2017;24;0;5;7;10;0;18;0;12;0;12;0;5;0;0;12;0;5;0;15;0;0;0;13;9;0;20;0;17;0;0;10;0
02.05.2017;1;0;7;8;17;0;30;0;16;0;20;0;7;0;0;20;0;8;0;8;0;0;0;24;14;0;7;0;28;0;0;10;0
02.05.2017;2;0;7;8;22;0;27;0;22;0;22;0;13;0;0;22;0;12;0;15;0;0;0;11;26;0;12;0;31;0;0;17;0
02.05.2017;3;0;2;10;23;0;11;0;9;0;12;0;19;0;0;16;0;26;0;31;0;1;0;13;20;0;11;0;15;0;0;8;1
02.05.2017;4;0;7;22;34;1;21;0;16;0;36;0;32;0;0;33;0;32;9;34;9;0;0;11;17;0;11;0;27;0;0;15;0
02.05.2017;5;0;21;31;42;26;28;18;27;33;33;25;24;0;8;32;0;24;14;31;19;0;0;16;15;0;19;9;29;0;0;13;4
02.05.2017;6;0;23;39;46;44;39;23;29;51;39;36;25;0;18;32;0;24;5;24;7;1;0;23;7;0;29;18;21;0;0;12;2
02.05.2017;7;0;22;47;41;49;43;30;28;41;36;24;16;0;23;39;0;26;0;27;0;0;0;26;13;0;23;10;38;0;0;7;0
02.05.2017;8;0;34;45;39;54;39;24;36;46;37;34;17;0;17;36;17;28;0;34;0;0;0;34;17;0;29;17;31;0;0;10;1
02.05.2017;9;0;23;34;32;38;25;22;28;33;27;20;17;0;23;22;32;17;0;27;0;1;0;28;12;8;26;13;28;0;0;17;0
02.05.2017;10;0;14;31;38;36;29;19;20;36;28;14;18;0;32;35;29;13;0;19;0;2;0;21;10;11;21;21;24;0;0;23;1
02.05.2017;11;0;17;38;31;29;21;33;20;39;41;17;18;0;25;30;29;14;0;17;0;0;0;30;20;5;17;30;28;0;0;25;0
02.05.2017;12;0;27;36;49;52;45;48;35;44;31;22;14;0;30;29;24;17;0;18;0;1;0;38;26;0;23;22;27;0;0;19;0
02.05.2017;13;0;21;36;48;67;49;36;27;39;31;33;18;0;29;29;28;24;0;28;0;0;0;50;18;0;28;18;25;0;0;18;0
02.05.2017;14;0;25;33;43;57;47;40;35;25;30;24;17;0;15;20;15;26;0;29;0;0;19;37;28;0;27;13;22;0;0;20;3
02.05.2017;15;0;27;28;39;49;38;35;31;38;25;27;17;0;22;31;26;33;0;33;0;1;18;24;23;0;39;20;33;0;0;17;2
02.05.2017;16;0;25;33;46;52;45;36;32;43;33;32;20;0;32;38;25;30;0;34;0;3;13;25;22;0;29;24;28;0;0;19;2
02.05.2017;17;0;22;35;42;47;40;29;22;35;31;42;26;0;14;30;0;39;0;37;0;0;7;29;13;0;28;24;9;0;0;18;1
02.05.2017;18;0;18;39;50;49;47;23;21;37;31;35;23;0;8;34;0;33;0;39;0;1;0;31;13;0;26;19;13;0;0;12;1
02.05.2017;19;0;19;37;44;45;36;32;24;36;25;31;22;0;21;41;0;27;0;41;0;1;0;29;7;0;29;24;13;0;0;22;0
02.05.2017;20;1;27;39;52;51;54;21;32;26;27;46;40;0;3;46;0;45;0;42;0;1;0;30;15;0;29;4;30;0;0;21;1
02.05.2017;21;0;21;30;29;0;34;0;37;0;31;0;26;0;0;31;0;31;0;37;0;0;0;13;14;0;24;0;22;0;0;21;0
02.05.2017;22;0;23;27;27;0;28;0;24;0;24;0;39;0;0;25;0;30;0;28;0;0;0;11;11;0;21;0;25;0;0;13;1
02.05.2017;23;0;8;13;18;0;21;0;17;0;15;0;28;0;0;24;0;29;0;37;0;0;0;10;15;0;19;0;20;0;0;13;0
02.05.2017;24;0;8;7;10;0;12;0;13;0;16;0;8;0;0;19;0;10;0;17;0;0;0;9;13;0;12;0;24;0;0;9;0
03.05.2017;1;0;3;13;16;0;21;0;13;0;17;0;8;0;0;27;0;6;0;13;0;0;0;20;11;0;9;0;22;0;0;12;0
03.05.2017;2;0;5;4;25;0;25;0;24;0;15;0;10;0;0;24;0;15;0;25;0;0;0;12;18;0;18;0;19;0;0;18;0
03.05.2017;3;0;3;4;24;0;29;0;11;0;11;0;17;0;0;28;0;22;0;27;0;1;0;12;15;0;20;0;15;0;0;12;0
03.05.2017;4;0;8;20;31;2;27;5;22;3;36;5;28;0;0;32;0;42;0;48;0;0;0;15;25;0;14;0;25;0;0;19;1
03.05.2017;5;0;24;28;48;32;34;20;36;31;31;34;27;0;19;32;0;41;0;45;11;0;0;15;9;0;19;7;16;0;0;15;1
03.05.2017;6;0;24;39;47;48;44;29;27;42;38;29;23;0;16;28;0;26;0;27;8;1;0;18;5;0;32;12;19;0;0;16;0
03.05.2017;7;0;26;43;41;51;45;26;30;39;40;27;22;0;24;37;0;23;0;31;0;0;0;26;15;0;30;10;38;0;0;10;1
03.05.2017;8;0;29;41;43;54;39;35;35;46;37;32;24;0;21;33;18;25;0;35;0;0;0;27;26;0;41;16;35;0;0;7;2
03.05.2017;9;1;22;35;30;43;32;26;25;33;29;23;18;0;30;23;29;20;0;20;0;0;0;31;23;0;33;11;25;0;0;16;2
03.05.2017;10;0;22;33;35;44;34;28;23;39;30;23;15;0;35;32;21;17;0;23;0;1;0;24;23;0;25;20;24;0;0;25;2
03.05.2017;11;0;19;37;35;40;35;40;23;48;34;20;13;0;29;33;22;14;0;15;0;0;0;26;22;0;21;26;30;0;0;29;0
03.05.2017;12;0;16;32;47;44;44;40;26;40;31;25;19;0;24;27;22;21;0;21;0;1;9;26;31;0;22;24;27;7;0;22;1
03.05.2017;13;0;25;29;50;61;47;35;40;40;32;28;18;0;28;28;22;27;0;29;0;0;12;35;12;5;16;21;26;16;0;22;0
03.05.2017;14;0;24;28;38;44;38;39;34;31;27;22;8;0;21;21;19;25;0;37;0;0;24;30;16;10;19;14;20;18;0;13;1
03.05.2017;15;0;27;32;39;40;40;30;32;54;36;37;22;0;20;29;26;30;0;34;0;0;25;19;12;14;28;32;27;19;0;20;1
03.05.2017;16;0;24;39;51;56;49;33;37;43;36;27;14;0;21;30;21;23;0;35;0;0;14;23;16;2;21;22;25;13;0;19;1
03.05.2017;17;0;22;38;47;63;47;24;24;44;35;43;23;0;10;19;17;37;0;42;0;0;14;24;18;0;24;26;14;8;0;10;2
03.05.2017;18;1;21;45;40;55;42;22;21;36;34;43;26;0;14;29;5;40;0;40;0;2;11;25;16;0;28;18;10;0;0;15;0
03.05.2017;19;0;19;38;44;46;41;25;25;36;25;38;22;0;17;38;0;27;0;33;0;0;3;31;9;0;33;24;10;0;0;16;0
03.05.2017;20;0;26;37;48;58;48;29;35;30;26;50;23;0;17;43;0;44;0;50;0;2;0;33;10;0;30;19;19;0;0;23;0
03.05.2017;21;0;26;35;36;20;41;13;32;12;30;14;26;0;0;21;0;23;0;33;0;0;0;17;14;0;32;0;29;0;0;14;0
03.05.2017;22;0;17;29;20;0;27;0;18;0;27;0;42;0;0;31;0;34;0;40;0;0;0;15;13;0;22;0;26;0;0;11;0
03.05.2017;23;0;12;17;21;0;19;0;14;0;15;0;32;0;0;23;0;33;0;40;0;0;0;11;18;0;18;0;18;0;0;13;0
03.05.2017;24;0;7;5;11;0;20;0;15;0;14;0;10;0;0;14;0;11;0;16;0;0;0;12;11;0;15;0;19;0;0;6;0
04.05.2017;1;0;8;10;14;0;27;0;16;0;16;0;13;0;0;25;0;9;0;13;0;0;0;24;11;0;8;0;22;0;0;11;0
04.05.2017;2;0;7;3;26;0;27;0;18;0;16;0;11;0;0;26;0;12;0;20;0;0;0;10;18;0;15;0;22;0;0;20;0
04.05.2017;3;0;1;10;24;0;28;0;15;0;15;0;17;0;0;20;0;21;0;29;0;1;0;11;21;0;18;0;20;0;0;15;0
04.05.2017;4;0;8;21;34;4;38;1;15;5;30;3;24;0;0;25;0;29;11;31;7;1;0;14;21;0;20;0;27;0;0;15;0
04.05.2017;5;0;21;30;41;36;45;13;15;33;26;33;26;0;4;29;0;34;17;35;17;0;0;14;10;0;26;8;24;0;0;12;0
04.05.2017;6;0;34;37;52;51;47;27;30;49;35;40;28;0;17;29;0;22;6;20;13;1;0;23;7;0;30;16;20;0;0;14;1
04.05.2017;7;0;24;46;45;46;30;25;29;46;41;32;29;0;23;34;0;13;0;16;4;0;0;23;19;0;21;13;35;0;0;9;0
04.05.2017;8;1;23;25;19;32;16;18;19;26;21;31;24;0;23;34;27;22;0;35;4;0;4;26;13;4;11;9;26;16;0;8;1
04.05.2017;9;0;33;40;47;52;51;34;40;42;42;31;22;0;27;29;24;15;0;27;6;1;9;24;13;16;18;18;19;18;0;26;1
04.05.2017;10;0;18;44;39;41;40;25;23;41;43;24;15;0;29;33;29;18;0;25;0;0;9;27;18;16;18;25;24;18;0;22;0
04.05.2017;11;0;26;38;36;44;35;39;32;59;43;31;16;0;38;32;22;20;0;20;0;1;12;13;12;7;19;21;33;9;0;27;0
04.05.2017;12;0;18;35;50;50;33;36;22;43;34;20;18;0;33;28;32;17;0;22;0;1;16;23;13;14;17;19;31;11;0;16;1
04.05.2017;13;0;24;25;45;64;38;28;26;37;21;23;19;0;32;23;33;23;0;28;0;1;19;31;10;10;22;17;29;17;0;20;1
04.05.2017;14;0;27;31;42;48;33;25;22;33;33;29;23;0;14;17;18;17;0;25;0;1;24;23;13;11;14;16;16;15;0;17;1
04.05.2017;15;0;33;27;46;58;41;32;27;53;20;29;26;0;26;30;30;30;0;38;0;1;27;13;16;8;22;27;31;18;0;18;0
04.05.2017;16;0;28;39;42;51;39;23;23;42;31;38;17;0;21;38;27;36;0;37;0;1;17;16;18;3;18;25;27;10;0;16;1
04.05.2017;17;0;26;36;47;41;35;26;25;43;27;48;42;0;11;32;0;44;0;38;0;0;14;27;18;0;23;29;15;0;0;18;1
04.05.2017;18;0;15;41;51;49;45;22;18;28;32;41;34;0;10;37;0;45;0;45;0;1;11;22;15;0;29;21;12;0;0;11;0
04.05.2017;19;0;20;35;48;43;32;25;25;34;22;41;39;0;18;44;0;36;0;38;0;1;10;33;12;0;21;26;16;0;0;22;0
04.05.2017;20;0;17;38;44;49;35;31;20;25;24;44;36;0;20;50;0;41;0;43;6;1;0;35;12;0;17;16;24;0;0;24;1
04.05.2017;21;0;22;32;42;51;35;40;29;30;23;38;23;0;0;26;0;35;0;36;2;0;0;21;14;0;20;0;28;0;0;19;0
04.05.2017;22;0;31;24;26;6;26;0;32;0;25;1;36;0;0;29;0;31;0;35;0;0;0;12;7;0;19;0;28;0;0;12;1
04.05.2017;23;0;16;16;21;0;28;0;26;0;13;0;36;0;0;21;0;38;0;38;0;0;0;13;10;0;12;0;20;0;0;10;0
04.05.2017;24;0;5;8;15;0;24;0;12;0;12;0;9;0;0;13;0;15;0;21;0;1;0;9;7;0;16;0;18;0;0;8;0
05.05.2017;1;0;7;7;13;0;22;0;14;0;13;0;7;0;0;21;0;8;0;12;0;0;0;21;11;0;9;0;20;0;0;8;0
05.05.2017;2;0;9;5;25;0;27;0;23;0;14;0;10;0;0;25;0;14;0;24;0;0;0;12;18;0;15;0;20;0;0;16;0
05.05.2017;3;0;2;6;25;0;35;0;9;0;13;0;23;0;0;22;0;27;0;36;0;1;0;17;12;0;28;0;13;0;0;7;0
05.05.2017;4;0;9;25;34;20;40;6;23;9;35;5;24;0;0;36;0;30;8;37;5;0;0;17;16;0;25;0;32;0;0;15;0
05.05.2017;5;0;26;31;45;36;38;35;33;42;31;29;22;0;7;35;0;30;14;39;21;0;0;15;12;0;22;2;33;0;0;13;0
05.05.2017;6;1;28;48;50;47;41;27;34;48;40;36;24;0;13;29;0;23;0;22;8;1;0;23;7;0;31;15;25;7;0;10;0
05.05.2017;7;1;23;44;44;52;33;26;28;38;31;30;21;0;25;40;0;21;0;18;0;0;0;27;20;0;17;14;38;16;0;11;1
05.05.2017;8;0;27;40;37;54;35;28;34;47;33;32;21;0;16;29;26;31;0;36;0;0;0;32;22;0;12;16;34;18;0;9;0
05.05.2017;9;0;27;44;36;44;33;27;31;32;31;29;24;0;25;22;31;24;0;24;0;0;11;28;19;5;17;19;22;15;0;18;0
05.05.2017;10;0;22;34;34;39;37;24;26;32;23;19;17;0;28;31;27;18;0;24;0;0;14;20;15;7;14;17;17;20;0;22;0
05.05.2017;11;1;26;39;35;50;30;34;30;50;35;27;16;0;22;23;27;17;0;21;0;1;16;16;12;11;21;20;24;15;0;24;0
05.05.2017;12;0;35;41;46;57;42;42;41;49;34;21;15;0;28;26;24;18;0;18;0;1;13;22;14;13;22;21;36;11;0;21;1
05.05.2017;13;0;36;32;53;64;43;39;40;38;24;29;19;0;28;26;22;30;0;31;0;0;16;26;16;7;18;26;27;24;0;17;2
05.05.2017;14;0;30;38;41;72;39;34;29;40;35;32;13;0;19;17;16;29;0;38;0;0;26;32;16;13;26;20;20;25;0;17;1
05.05.2017;15;0;18;39;46;66;39;29;25;41;29;35;26;0;25;24;32;27;0;33;0;1;24;28;20;14;30;30;29;21;0;24;2
05.05.2017;16;0;34;39;49;59;45;34;37;55;39;45;27;0;26;32;27;42;0;47;0;2;15;27;28;0;26;32;30;15;0;13;2
05.05.2017;17;0;29;43;46;59;37;35;36;35;42;49;25;0;19;34;4;47;0;39;0;0;12;28;25;0;26;20;14;1;0;19;2
05.05.2017;18;0;18;44;48;53;41;25;21;36;34;44;30;0;19;48;0;45;0;47;0;1;5;29;18;0;30;23;16;0;0;18;1
05.05.2017;19;0;14;39;41;47;37;26;20;58;33;39;22;0;14;47;0;39;0;42;0;1;0;26;11;0;24;33;17;0;0;17;0
05.05.2017;20;1;23;41;50;66;49;27;27;44;31;47;20;0;7;38;0;43;0;46;0;1;0;31;9;0;29;12;29;0;0;16;0
05.05.2017;21;0;25;39;36;31;47;21;33;41;29;28;21;0;0;34;0;32;0;35;0;0;0;16;12;0;19;0;31;0;0;15;0
05.05.2017;22;0;24;39;25;0;39;0;40;15;31;0;42;0;0;32;0;33;0;32;0;0;0;9;13;0;21;0;34;0;0;11;0
05.05.2017;23;0;17;27;23;0;38;0;28;0;20;0;38;0;0;22;0;42;0;49;0;0;0;11;16;0;22;0;22;0;0;15;0
05.05.2017;24;0;6;14;18;0;27;0;17;0;20;0;10;0;0;27;0;13;0;26;0;0;0;15;14;0;15;0;23;0;0;9;0
06.05.2017;1;0;10;16;17;0;30;0;17;0;20;0;9;0;0;26;0;8;0;17;0;0;0;29;17;0;16;0;28;0;0;9;0
06.05.2017;2;0;8;6;32;0;37;0;25;0;22;0;12;0;0;34;0;13;0;27;0;0;0;19;34;0;24;0;29;0;0;26;0
06.05.2017;3;0;5;13;34;0;36;0;19;0;20;0;24;0;0;30;0;24;0;38;0;1;0;23;27;0;23;0;17;0;0;18;0
06.05.2017;4;0;9;25;33;6;32;5;22;11;37;7;24;0;6;40;0;31;8;40;6;0;0;13;22;0;19;10;23;0;0;14;0
06.05.2017;5;0;18;30;42;32;30;26;28;37;28;29;14;0;20;31;0;24;12;39;17;0;0;10;12;0;21;16;15;0;0;15;0
06.05.2017;6;0;30;40;48;45;31;28;35;38;31;28;23;0;16;23;0;25;4;37;10;1;0;23;9;0;30;13;21;0;0;14;0
06.05.2017;7;0;25;42;44;54;35;26;39;36;41;30;18;0;25;33;0;23;0;30;0;0;0;33;20;0;30;10;32;0;0;9;0
06.05.2017;8;0;35;35;41;49;37;31;41;41;33;28;18;0;18;26;27;25;0;32;0;0;0;30;27;0;31;14;32;0;0;9;0
06.05.2017;9;0;30;41;30;43;26;33;31;35;36;22;17;0;27;31;29;17;0;27;0;1;0;29;27;0;26;17;25;0;0;22;0
06.05.2017;10;0;20;34;36;41;34;24;23;37;31;19;17;0;28;36;21;15;0;19;0;1;0;24;20;0;31;22;23;0;0;20;0
06.05.2017;11;1;20;44;33;40;22;39;32;50;44;16;14;0;29;34;31;15;0;18;0;1;5;23;22;0;27;26;32;0;0;19;0
06.05.2017;12;0;18;37;51;57;38;29;29;48;35;20;14;0;26;24;27;11;0;16;0;2;14;24;23;8;28;18;26;0;0;18;1
06.05.2017;13;0;23;32;47;52;41;39;32;42;26;22;12;0;35;28;30;24;0;33;0;1;16;27;14;9;27;18;26;0;0;22;0
06.05.2017;14;2;25;36;51;60;45;42;30;38;36;20;14;0;17;22;19;21;0;35;0;0;34;28;13;16;36;16;18;0;0;17;0
06.05.2017;15;0;29;32;49;59;35;59;42;53;30;33;14;0;32;25;31;34;0;44;0;0;27;26;19;15;40;25;37;0;0;21;1
06.05.2017;16;0;27;39;42;52;33;32;30;40;33;41;22;0;25;28;28;34;0;41;0;1;14;23;21;0;25;19;29;0;0;16;1
06.05.2017;17;0;18;39;49;39;37;25;26;42;39;45;22;0;13;30;5;38;0;36;0;0;15;19;16;0;16;26;16;0;0;14;0
06.05.2017;18;0;15;29;46;52;37;20;17;25;24;41;22;0;13;36;0;41;0;39;0;1;19;17;14;0;12;16;8;0;0;15;0
06.05.2017;19;0;15;36;38;45;33;29;28;32;26;38;24;0;21;47;0;37;0;37;0;1;3;27;10;0;21;28;17;0;0;29;0
06.05.2017;20;1;29;34;47;45;41;24;32;24;18;44;38;0;0;35;0;49;0;44;0;1;0;29;8;0;23;1;22;0;0;21;0
06.05.2017;21;0;18;29;39;20;39;14;27;13;31;18;25;0;0;22;0;35;0;40;0;0;0;19;19;0;16;0;23;0;0;13;0
06.05.2017;22;0;23;28;33;0;29;0;27;0;35;0;40;0;0;32;0;33;0;34;0;0;0;15;10;0;21;0;32;0;0;12;0
06.05.2017;23;0;11;20;22;0;31;0;19;0;21;0;34;0;0;22;0;34;0;41;0;0;0;17;15;0;20;0;23;0;0;13;0
06.05.2017;24;0;4;15;17;0;21;0;19;0;19;0;13;0;0;14;0;9;0;15;0;0;0;11;15;0;15;0;15;0;0;9;0
07.05.2017;1;0;7;9;9;0;26;0;13;0;13;0;11;0;0;22;0;8;0;10;0;0;0;25;14;0;8;0;16;0;0;9;0
07.05.2017;2;0;5;9;26;0;35;0;17;0;18;0;8;0;0;28;0;13;0;24;0;0;0;14;19;0;19;0;20;0;0;18;0
07.05.2017;3;0;2;10;27;0;32;0;11;0;17;0;15;0;0;24;0;17;0;26;0;1;0;18;18;0;22;0;17;0;0;12;0
07.05.2017;4;0;12;20;34;0;35;0;23;0;37;0;29;0;0;35;0;35;0;41;2;0;0;11;24;0;22;0;30;0;0;14;0
07.05.2017;5;0;25;29;40;34;38;18;25;34;27;32;25;0;12;35;0;29;0;47;17;0;0;14;15;0;31;6;21;0;0;16;0
07.05.2017;6;0;29;31;52;50;42;23;26;44;29;42;33;0;17;35;0;24;0;23;7;1;0;25;5;0;32;11;29;0;0;11;1
07.05.2017;7;0;22;33;36;41;28;20;17;34;33;23;17;0;28;38;0;14;0;15;0;0;0;22;16;0;21;5;31;0;0;13;0
07.05.2017;8;0;14;23;15;37;15;12;10;30;22;17;15;0;17;24;19;16;0;26;0;0;0;24;18;0;25;10;24;0;0;8;0
07.05.2017;9;1;37;37;45;49;39;29;36;48;38;24;18;0;20;24;23;20;0;23;0;0;0;17;24;0;27;13;21;0;0;18;0
07.05.2017;10;0;18;36;39;45;32;24;21;37;33;0;23;0;34;36;27;19;0;19;0;0;0;33;32;0;27;18;29;0;0;25;0
07.05.2017;11;0;20;45;34;50;24;41;25;57;44;0;25;0;26;30;33;15;0;17;0;0;9;31;26;0;25;27;30;0;0;26;0
07.05.2017;12;1;20;41;54;67;41;43;36;48;37;0;26;0;22;29;21;19;0;20;0;1;14;32;19;5;30;19;30;0;0;15;0
07.05.2017;13;0;25;29;42;56;40;35;27;37;21;0;27;0;29;31;20;22;0;26;0;1;16;35;12;12;29;18;29;0;0;16;0
07.05.2017;14;1;25;33;46;52;47;38;32;33;32;0;24;0;30;28;21;23;0;30;0;0;32;25;13;11;19;11;27;13;0;22;0
07.05.2017;15;0;30;30;41;67;41;40;35;37;23;32;20;0;30;38;23;28;0;34;0;0;36;18;16;9;33;23;23;7;0;23;0
07.05.2017;16;0;31;40;44;50;37;29;33;35;30;30;17;0;15;38;16;34;0;40;0;1;11;38;14;3;31;22;17;0;0;11;0
07.05.2017;17;0;24;40;46;50;47;27;26;34;36;46;35;0;13;43;0;40;0;40;0;0;0;45;18;0;23;21;17;0;0;9;0
07.05.2017;18;1;21;33;51;51;44;20;20;30;28;33;30;0;12;41;0;35;0;35;0;1;0;36;15;0;24;23;12;0;0;9;1
07.05.2017;19;0;17;45;44;46;32;30;15;36;46;45;28;0;21;39;0;42;0;39;0;1;0;35;12;0;22;24;12;0;0;22;0
07.05.2017;20;0;23;42;40;48;36;25;25;24;36;54;26;0;13;41;0;48;0;44;0;0;0;34;8;0;23;16;29;0;0;22;0
07.05.2017;21;0;20;29;37;20;39;13;22;13;30;16;24;0;0;33;0;27;0;36;0;0;0;17;9;0;23;0;22;0;0;19;0
07.05.2017;22;0;24;32;22;0;27;0;22;0;41;0;43;0;0;31;0;36;0;36;0;0;0;16;11;0;21;0;29;0;0;14;0
07.05.2017;23;0;16;19;20;0;32;0;21;0;23;0;38;0;0;24;0;39;0;46;0;0;0;15;16;0;17;0;23;0;0;17;0
07.05.2017;24;0;10;16;14;0;19;0;17;0;24;0;13;0;0;16;0;9;0;18;0;0;0;13;10;0;14;0;21;0;0;9;0
08.05.2017;1;0;5;10;16;0;26;0;13;0;13;0;7;0;0;25;0;7;0;11;0;0;0;21;16;0;9;0;20;0;0;12;0
08.05.2017;2;0;5;7;15;0;16;0;20;0;11;0;6;0;0;26;0;10;0;12;0;0;0;8;21;0;15;0;17;0;0;25;0
08.05.2017;3;0;6;9;24;0;26;0;17;0;17;0;17;0;0;26;0;20;0;25;0;1;0;12;21;0;18;0;21;0;0;18;0
08.05.2017;4;0;10;15;31;0;38;1;15;0;28;0;26;0;0;32;0;25;7;32;6;0;0;16;26;0;25;0;20;0;0;17;0
08.05.2017;5;0;24;31;39;33;40;24;26;32;33;25;24;0;7;30;0;27;13;32;17;0;0;17;12;0;25;4;28;0;0;16;0
08.05.2017;6;0;31;39;50;42;39;20;27;47;34;35;35;0;16;32;0;24;6;23;10;1;0;21;9;0;28;18;26;0;0;11;0
08.05.2017;7;0;24;44;44;46;35;19;21;40;35;33;31;0;24;38;0;26;0;29;0;0;0;29;12;0;22;11;31;0;0;5;0
08.05.2017;8;0;28;37;39;45;37;20;22;33;30;33;29;0;18;29;15;25;0;35;0;0;0;27;20;0;28;7;30;0;0;10;0
08.05.2017;9;0;23;34;29;47;26;25;26;30;25;22;21;0;33;34;30;17;0;22;0;0;0;32;18;14;33;18;33;0;0;29;0
08.05.2017;10;0;17;34;33;39;36;32;24;31;30;0;22;0;44;46;31;11;0;15;0;1;0;28;20;21;27;20;25;0;0;34;0
08.05.2017;11;0;17;43;40;36;38;34;19;38;43;0;19;0;28;30;22;9;0;18;0;1;0;35;21;15;26;22;26;0;0;30;0
08.05.2017;12;0;20;36;45;45;41;39;22;31;25;0;25;0;28;34;18;19;0;17;0;1;10;25;23;0;22;21;28;0;0;22;1
08.05.2017;13;0;28;22;50;55;52;37;27;37;16;11;22;0;29;40;17;16;0;17;0;0;22;28;25;0;32;26;33;0;0;28;1
08.05.2017;14;0;31;35;42;56;39;45;30;36;36;24;18;0;22;20;21;19;0;26;0;1;25;31;33;0;40;18;19;0;0;21;0
08.05.2017;15;0;30;27;41;49;39;39;28;45;28;24;18;0;29;27;28;18;0;34;0;1;27;18;34;0;40;30;33;0;0;27;0
08.05.2017;16;0;34;40;45;55;46;27;33;43;33;31;19;0;27;35;16;29;0;38;0;0;21;21;23;0;33;21;27;0;0;17;0
08.05.2017;17;0;29;33;48;58;49;28;27;33;29;34;20;0;16;36;7;32;0;45;0;0;15;30;22;0;30;23;13;0;0;16;0
08.05.2017;18;0;22;40;49;47;44;24;23;32;28;29;23;0;11;36;0;34;0;38;0;2;15;25;17;0;20;27;7;0;0;13;0
08.05.2017;19;0;27;33;49;40;35;29;28;35;21;39;30;0;17;39;0;26;0;37;0;0;18;17;8;0;37;28;10;0;0;17;0
08.05.2017;20;1;28;40;53;56;36;29;33;38;29;49;38;0;15;44;0;47;0;54;0;2;13;31;6;0;34;20;21;0;0;19;0
08.05.2017;21;0;27;37;32;15;33;10;25;9;30;14;27;0;0;20;0;21;0;35;0;0;0;19;9;0;25;0;19;0;0;12;0
08.05.2017;22;0;21;34;23;0;27;0;24;0;33;0;48;0;0;17;0;32;0;38;0;1;0;13;11;0;29;0;25;0;0;10;1
08.05.2017;23;0;16;19;22;0;28;0;18;0;22;0;29;0;0;18;0;27;0;41;0;0;0;15;14;0;23;0;23;0;0;12;1
08.05.2017;24;0;5;5;16;0;13;0;9;0;15;0;10;0;0;12;0;6;0;12;0;0;0;9;6;0;13;0;24;0;0;7;1
09.05.2017;1;0;7;5;14;0;20;0;14;0;15;0;3;0;0;22;0;1;0;2;0;0;0;21;8;0;5;0;21;0;0;7;1
09.05.2017;2;0;7;4;26;0;27;0;32;0;21;0;11;0;0;21;0;9;0;15;0;0;0;8;22;0;13;0;33;0;0;17;1
09.05.2017;3;0;3;9;18;0;26;0;23;0;22;0;14;0;0;24;0;27;0;32;0;1;0;13;31;0;13;0;23;0;0;16;0
09.05.2017;4;0;7;24;30;10;39;1;24;3;28;3;22;0;0;34;0;35;0;41;0;0;0;22;27;0;18;0;26;0;0;23;0
09.05.2017;5;0;22;31;36;41;31;26;27;48;30;34;29;0;18;35;0;53;0;43;0;0;0;23;16;0;22;11;21;0;0;16;0
09.05.2017;6;0;27;39;45;58;42;36;28;53;36;37;22;0;16;26;0;32;0;23;0;1;0;21;4;0;27;14;21;0;0;13;0
09.05.2017;7;0;23;43;38;46;31;26;24;49;43;32;27;0;24;36;0;18;0;17;0;0;0;16;13;0;18;11;31;0;0;7;1
09.05.2017;8;1;28;35;32;49;37;19;29;38;26;36;28;0;19;37;0;26;0;33;0;0;0;36;18;0;32;14;34;0;0;6;0
09.05.2017;9;0;22;38;31;40;39;19;34;35;31;23;23;0;30;48;10;20;0;30;0;1;0;18;17;0;32;17;26;0;0;18;0
09.05.2017;10;0;18;33;43;51;48;32;28;40;34;11;23;0;38;35;28;13;0;14;0;0;0;33;32;0;26;20;25;0;0;36;1
09.05.2017;11;0;21;42;36;34;38;34;37;38;38;0;20;0;22;30;28;9;0;19;0;0;0;36;29;0;24;18;28;0;0;28;0
09.05.2017;12;0;30;37;42;52;40;41;38;47;36;11;31;0;31;32;25;16;0;18;0;1;8;24;32;0;20;21;27;5;0;23;0
09.05.2017;13;0;29;33;48;58;44;43;42;41;31;33;23;0;34;30;27;23;0;22;0;0;18;27;18;9;15;19;23;14;0;17;0
09.05.2017;14;0;32;36;45;56;54;41;48;39;36;27;18;0;22;21;23;19;0;22;0;0;24;30;16;14;21;17;19;13;0;19;0
09.05.2017;15;0;32;31;44;46;49;42;44;46;30;40;25;0;29;29;24;27;0;40;0;0;22;21;18;17;24;27;29;17;0;22;1
09.05.2017;16;0;46;39;44;67;47;52;51;53;39;45;23;0;30;37;21;33;0;36;0;1;18;29;23;11;19;25;32;9;0;22;1
09.05.2017;17;0;37;38;56;65;53;38;35;42;32;41;31;0;16;33;10;35;0;40;0;0;19;26;18;0;24;27;16;12;0;21;1
09.05.2017;18;0;21;42;50;61;51;26;24;40;41;38;21;0;11;41;7;38;0;43;0;1;14;24;15;0;33;20;13;0;0;12;0
09.05.2017;19;0;24;43;55;55;46;25;27;40;33;42;35;0;27;48;0;28;0;37;0;1;9;35;11;0;33;26;17;0;0;21;0
09.05.2017;20;1;29;43;51;44;35;26;32;23;26;49;43;0;13;42;0;42;0;43;0;1;0;34;15;0;29;16;21;0;0;22;1
09.05.2017;21;0;19;37;36;5;40;4;35;2;36;9;36;0;0;33;0;27;0;42;0;0;0;23;14;0;29;0;32;0;0;18;0
09.05.2017;22;0;24;29;24;0;28;0;18;0;24;0;44;0;0;26;0;27;0;41;0;0;0;12;8;0;28;0;22;0;0;12;0
09.05.2017;23;0;12;16;21;0;20;0;13;0;14;0;30;0;0;22;0;25;0;33;0;0;0;14;13;0;15;0;19;0;0;14;0
09.05.2017;24;0;8;5;14;0;15;0;11;0;9;0;15;0;0;17;0;12;0;22;0;0;0;8;9;0;17;0;16;0;0;11;0
10.05.2017;1;0;7;10;15;0;26;0;14;0;14;0;10;0;0;27;0;9;0;13;0;0;0;21;11;0;5;0;23;0;0;8;0
10.05.2017;2;0;10;4;26;0;31;0;23;0;12;0;12;0;0;26;0;17;0;27;0;0;0;13;25;0;15;0;19;0;0;19;0
10.05.2017;3;0;5;8;25;0;35;0;15;0;17;0;26;0;0;26;0;31;0;35;0;1;0;19;22;0;17;0;18;0;0;15;0
10.05.2017;4;0;6;20;32;2;33;6;15;4;24;7;43;0;0;36;0;28;17;38;17;0;0;22;26;0;18;0;27;0;0;20;0
10.05.2017;5;0;27;33;41;30;40;26;24;35;25;41;39;0;8;29;0;23;9;36;27;0;0;19;14;0;19;6;26;0;0;12;0
10.05.2017;6;0;29;42;47;52;42;35;35;50;40;36;22;0;15;31;0;27;7;23;11;1;0;23;11;0;29;15;26;0;0;12;0
10.05.2017;7;0;27;48;46;56;50;33;41;48;40;31;19;0;27;40;0;31;0;30;0;0;0;32;19;0;27;9;39;0;0;9;1
10.05.2017;8;0;31;40;46;48;42;38;49;44;37;34;26;0;17;29;19;35;0;38;0;1;0;27;27;0;32;17;34;0;0;13;1
10.05.2017;9;0;25;40;39;56;37;37;27;40;33;28;15;0;29;26;35;24;0;32;0;0;11;31;26;0;25;16;30;14;0;21;1
10.05.2017;10;1;22;33;35;45;32;29;28;36;28;23;17;0;34;30;31;13;0;25;0;0;17;27;25;19;17;21;18;14;0;30;0
10.05.2017;11;0;25;46;34;51;38;49;36;52;43;27;18;0;35;33;29;19;0;17;0;1;27;20;23;19;18;22;29;9;0;32;0
10.05.2017;12;0;29;42;52;59;43;41;34;45;32;21;18;0;23;33;20;17;0;19;0;1;15;25;18;10;19;25;26;9;0;20;0
10.05.2017;13;0;33;30;50;59;47;42;38;33;21;25;20;0;22;17;25;24;0;31;0;0;23;27;16;8;17;16;26;16;0;18;1
10.05.2017;14;0;27;28;40;62;41;33;26;25;24;28;15;0;20;22;21;27;0;36;0;1;32;33;22;14;24;16;20;22;0;19;1
10.05.2017;15;0;34;34;44;71;45;42;38;44;31;34;17;0;29;30;27;24;0;32;0;1;32;16;14;14;20;31;32;20;0;26;1
10.05.2017;16;0;28;38;49;59;45;36;38;42;32;27;12;0;23;44;16;27;0;36;0;1;20;20;18;10;20;23;27;14;0;17;0
10.05.2017;17;0;32;38;53;65;49;24;34;30;28;39;27;0;13;42;0;27;0;34;0;0;25;26;18;0;30;24;15;2;0;12;0
10.05.2017;18;0;35;38;54;57;48;23;34;34;31;48;26;0;10;40;0;42;0;49;0;0;16;20;16;0;24;24;8;0;0;14;0
10.05.2017;19;0;24;42;53;56;43;27;28;32;29;41;31;0;16;37;0;34;0;41;0;2;7;33;9;0;26;29;14;0;0;19;0
10.05.2017;20;0;25;40;48;53;45;30;27;33;26;37;23;0;5;44;0;38;0;42;7;1;0;33;12;0;25;15;26;0;0;16;0
10.05.2017;21;0;21;43;34;39;30;37;29;26;27;32;30;0;0;31;0;30;0;41;6;0;0;24;20;0;35;0;29;0;0;22;0
10.05.2017;22;0;22;34;31;0;39;0;34;0;34;0;38;0;0;31;0;33;0;39;0;0;0;17;10;0;26;0;29;0;0;13;0
10.05.2017;23;0;16;21;24;0;33;0;28;0;21;0;32;0;0;20;0;35;0;47;0;0;0;13;14;0;16;0;20;0;0;14;0
10.05.2017;24;0;9;4;15;0;19;0;18;0;12;0;7;0;0;14;0;9;0;16;0;0;0;10;9;0;14;0;16;0;0;8;0
11.05.2017;1;0;9;5;16;0;26;0;16;0;8;0;6;0;0;23;0;7;0;9;0;0;0;20;12;0;9;0;15;0;0;9;0
11.05.2017;2;0;5;6;26;0;27;0;18;0;15;0;16;0;0;29;0;18;0;23;0;0;0;10;19;0;11;0;21;0;0;17;0
11.05.2017;3;0;2;12;23;0;20;0;17;0;14;0;21;0;0;27;0;21;0;30;0;1;0;17;28;0;15;0;15;0;0;18;0
11.05.2017;4;0;9;22;35;7;31;8;20;8;33;8;21;0;0;31;0;31;1;45;7;0;0;20;26;0;19;0;22;0;0;22;0
11.05.2017;5;1;23;31;42;34;25;28;31;44;26;39;25;0;6;29;0;35;17;45;19;0;0;22;14;0;25;3;29;0;0;17;0
11.05.2017;6;0;36;49;50;54;42;28;38;50;38;35;23;0;12;30;0;26;0;28;8;1;0;25;9;0;33;18;20;0;0;12;1
11.05.2017;7;0;27;45;45;62;44;23;34;46;32;39;25;0;22;40;0;34;0;38;0;0;0;30;12;0;20;13;35;15;0;6;2
11.05.2017;8;0;35;38;46;52;43;26;42;43;34;40;25;0;24;30;32;38;0;45;0;1;0;34;15;0;13;13;36;22;0;8;5
11.05.2017;9;0;28;38;32;50;28;26;31;42;33;28;17;0;27;28;32;22;0;32;0;0;10;32;14;10;24;18;23;16;0;21;2
11.05.2017;10;0;18;34;44;48;45;25;18;34;27;25;21;0;35;33;30;21;0;26;0;2;13;23;16;12;22;19;18;12;0;32;1
11.05.2017;11;0;22;45;43;41;38;46;30;51;41;26;21;0;27;23;32;20;0;23;0;1;22;25;17;14;16;22;35;12;0;26;0
11.05.2017;12;0;20;36;48;52;43;30;27;47;30;15;14;0;27;27;37;11;0;17;0;2;19;25;14;15;20;22;35;9;0;20;3
11.05.2017;13;0;29;30;52;66;53;41;37;29;23;29;21;0;29;23;27;25;0;26;0;0;22;34;10;10;19;20;22;15;0;21;3
11.05.2017;14;0;27;29;41;45;37;35;30;36;25;18;13;0;17;18;19;19;0;29;0;0;25;26;19;14;22;21;18;20;0;17;3
11.05.2017;15;0;35;32;44;54;33;34;41;48;30;26;22;0;29;28;31;30;0;34;0;0;22;18;25;7;34;32;26;15;0;26;2
11.05.2017;16;0;24;36;44;50;37;23;30;46;35;33;27;0;20;31;21;32;0;37;0;1;19;26;21;0;23;30;22;0;0;14;3
11.05.2017;17;1;26;35;42;49;33;24;28;29;31;36;27;0;10;33;1;37;0;36;0;1;13;25;15;0;17;26;13;0;0;14;2
11.05.2017;18;0;21;40;39;53;34;25;24;35;32;30;24;0;10;34;0;36;0;39;0;2;6;31;14;0;30;30;12;0;0;18;0
11.05.2017;19;0;20;37;44;56;44;26;26;41;37;39;19;0;11;34;0;33;0;34;0;1;0;34;8;0;33;31;8;0;0;18;0
11.05.2017;20;0;28;41;43;46;37;31;35;33;37;55;25;0;18;43;0;40;0;36;0;1;0;28;7;0;19;20;14;0;0;19;1
11.05.2017;21;0;18;32;49;41;56;20;26;18;31;35;27;0;0;23;0;39;0;40;0;0;0;26;15;0;28;0;23;0;0;16;0
11.05.2017;22;0;25;24;22;0;40;0;36;0;30;0;35;0;0;23;0;28;0;41;0;0;0;13;13;0;23;0;29;0;0;13;0
11.05.2017;23;0;19;16;29;0;44;0;33;0;26;0;35;0;0;19;0;35;0;40;0;0;0;15;18;0;20;0;30;0;0;14;0
11.05.2017;24;0;5;9;12;0;22;0;11;0;12;0;12;0;0;18;0;14;0;27;0;0;0;9;8;0;14;0;16;0;0;9;0
12.05.2017;1;0;7;7;13;0;29;0;9;0;8;0;11;0;0;24;0;9;0;13;0;0;0;21;8;0;11;0;15;0;0;6;0
12.05.2017;2;0;8;8;26;0;24;0;17;0;21;0;13;0;0;27;0;13;0;24;0;0;0;8;18;0;16;0;21;0;0;14;0
12.05.2017;3;0;2;8;22;0;23;0;13;0;16;0;26;0;0;24;0;21;0;31;0;1;0;16;23;0;21;0;12;0;0;16;0
12.05.2017;4;0;7;22;35;11;35;6;20;13;33;8;20;0;8;28;0;32;7;40;6;0;0;20;28;0;22;8;21;0;0;15;0
12.05.2017;5;1;23;28;42;41;32;35;28;41;27;38;19;0;21;33;0;31;16;40;20;0;0;14;16;0;29;17;15;0;0;14;1
12.05.2017;6;1;30;45;54;60;40;33;36;53;38;39;24;0;17;23;0;24;5;25;10;1;0;25;8;0;38;13;26;0;0;12;2
12.05.2017;7;1;24;47;42;59;36;23;34;39;39;32;22;0;22;34;0;32;0;32;0;0;0;33;14;0;28;13;36;0;0;8;0
12.05.2017;8;1;34;47;40;57;36;36;41;52;39;33;23;0;23;51;0;31;0;40;0;0;0;31;21;0;36;16;39;0;0;11;1
12.05.2017;9;0;25;39;38;53;41;22;29;36;34;32;28;0;34;46;32;27;0;35;0;0;0;34;27;0;36;20;21;0;0;24;1
12.05.2017;10;0;22;41;31;36;31;25;27;33;33;27;23;0;24;29;30;22;0;23;0;1;0;25;25;0;32;26;16;0;0;24;6
12.05.2017;11;0;22;38;40;38;37;38;30;46;33;22;21;0;31;28;31;15;0;16;0;0;0;27;33;0;25;31;28;0;0;27;2
12.05.2017;12;0;28;37;48;67;50;45;36;55;32;28;16;0;33;31;31;16;0;21;0;1;1;43;29;0;30;25;31;0;0;24;1
12.05.2017;13;0;33;33;52;70;52;40;39;48;25;28;17;0;26;30;29;25;0;32;0;0;14;47;21;0;35;18;29;0;0;18;3
12.05.2017;14;0;36;36;40;65;35;53;39;43;31;24;14;0;17;19;18;24;0;42;0;0;30;28;28;0;36;17;26;0;0;18;0
12.05.2017;15;0;32;41;43;65;43;53;40;53;31;41;23;0;33;29;30;32;0;33;0;0;26;19;41;0;38;30;32;0;0;33;2
12.05.2017;16;0;30;35;55;67;55;48;42;47;32;37;15;0;27;27;27;34;0;38;0;1;16;25;26;0;37;24;25;0;0;23;2
12.05.2017;17;0;39;36;49;52;44;43;45;39;31;40;19;0;23;29;18;40;0;44;0;2;1;35;24;0;27;20;16;0;0;29;0
12.05.2017;18;1;30;41;46;57;38;32;37;41;31;38;28;0;12;38;3;37;0;42;0;1;0;43;18;0;31;20;14;0;0;14;2
12.05.2017;19;0;20;41;49;54;44;32;30;39;33;47;17;0;17;39;0;44;0;44;0;1;0;33;11;0;29;24;18;0;0;23;1
12.05.2017;20;0;25;41;47;53;46;22;30;24;22;47;27;0;0;39;0;45;0;41;0;1;0;31;12;0;25;0;27;0;0;24;2
12.05.2017;21;0;26;33;40;41;40;34;23;33;27;33;20;0;0;26;0;34;0;37;0;1;0;22;16;0;26;0;31;0;0;16;0
12.05.2017;22;0;25;39;30;3;43;5;33;4;33;7;49;0;0;25;0;36;0;36;0;0;0;16;11;0;26;0;29;0;0;12;0
12.05.2017;23;0;13;17;27;0;40;0;20;0;17;0;37;0;0;22;0;35;0;42;0;0;0;19;14;0;20;0;25;0;0;10;0
12.05.2017;24;0;4;12;16;0;21;0;13;0;19;0;10;0;0;20;0;10;0;22;0;0;0;11;15;0;12;0;23;0;0;13;0
13.05.2017;1;0;9;11;21;0;27;0;19;0;12;0;11;0;0;29;0;5;0;12;0;0;0;26;15;0;11;0;24;0;0;13;0
13.05.2017;2;0;8;7;30;0;27;0;23;0;22;0;14;0;0;31;0;12;0;24;0;0;0;13;29;0;22;0;22;0;0;20;0
13.05.2017;3;0;6;10;30;0;33;0;21;0;18;0;18;0;0;33;0;21;0;33;0;1;0;19;26;0;26;0;13;0;0;14;0
13.05.2017;4;0;10;21;27;4;27;3;26;5;38;4;23;0;0;49;0;29;0;42;6;0;0;16;31;0;23;0;30;0;0;20;0
13.05.2017;5;0;20;33;41;42;33;22;28;29;29;31;22;0;10;36;0;24;0;46;20;0;0;10;17;0;27;11;21;0;0;20;0
13.05.2017;6;1;24;41;43;48;29;25;32;46;38;35;18;0;20;29;0;22;0;27;8;1;0;21;8;0;27;12;24;0;0;15;1
13.05.2017;7;0;25;46;38;37;33;29;34;48;41;25;14;0;22;36;0;25;0;28;0;0;0;23;16;0;27;10;27;0;0;6;0
13.05.2017;8;0;35;36;40;47;33;39;46;52;29;31;25;0;25;26;22;29;0;35;0;0;0;32;29;0;31;15;33;0;0;10;4
13.05.2017;9;0;20;38;37;34;27;27;27;38;33;1;28;0;36;24;44;26;0;30;0;0;0;31;22;0;27;17;24;0;0;22;2
13.05.2017;10;0;18;36;35;42;23;31;25;40;30;0;23;0;38;28;35;16;0;23;0;1;0;20;25;6;37;15;22;0;0;33;2
13.05.2017;11;0;20;40;40;44;24;45;33;52;37;0;22;0;30;40;34;16;0;21;0;0;0;23;9;18;22;26;35;0;0;29;1
13.05.2017;12;0;21;34;44;48;37;41;36;35;27;0;17;0;32;23;30;14;0;20;0;1;0;33;12;12;20;25;25;0;0;22;0
13.05.2017;13;0;31;34;48;63;45;45;37;33;35;0;25;0;28;23;24;23;0;25;0;0;13;35;19;10;30;26;21;0;0;21;1
13.05.2017;14;0;28;37;42;49;42;38;28;33;32;0;20;0;23;24;25;20;0;28;0;0;23;20;15;18;28;13;18;0;0;23;2
13.05.2017;15;0;33;31;45;55;37;39;42;43;26;24;29;0;35;32;35;32;0;43;0;0;28;19;13;20;34;28;32;0;0;31;1
13.05.2017;16;0;29;36;53;64;49;39;42;42;34;39;22;0;28;41;20;31;0;39;0;1;20;34;18;12;35;26;24;0;0;23;1
13.05.2017;17;0;30;34;48;51;38;24;33;30;31;45;37;0;14;39;0;35;0;39;0;0;0;35;14;0;29;23;19;0;0;13;0
13.05.2017;18;0;17;39;46;47;32;22;23;26;28;42;34;0;12;32;0;36;0;36;0;1;0;37;15;0;26;22;11;0;0;12;0
13.05.2017;19;0;20;32;51;45;32;30;27;31;21;47;41;0;24;42;0;46;0;42;0;0;0;29;10;0;25;21;21;0;0;24;1
13.05.2017;20;1;31;35;48;43;27;32;33;22;21;48;38;0;6;39;0;52;0;44;0;2;0;29;11;0;19;5;23;0;0;19;1
13.05.2017;21;0;17;32;38;13;37;7;26;7;32;16;31;0;0;23;0;39;0;38;0;0;0;22;15;0;18;0;29;0;0;15;0
13.05.2017;22;0;25;23;25;0;24;0;22;0;28;0;43;0;0;29;0;34;0;38;0;0;0;18;15;0;22;0;31;0;0;16;0
13.05.2017;23;0;12;19;20;0;24;0;18;0;15;0;32;0;0;18;0;32;0;38;0;0;0;15;12;0;18;0;20;0;0;13;0
13.05.2017;24;0;6;12;20;0;19;0;17;0;14;0;15;0;0;17;0;14;0;21;0;0;0;9;12;0;15;0;14;0;0;9;0
14.05.2017;1;0;7;10;14;0;28;0;14;0;14;0;10;0;0;28;0;8;0;8;0;0;0;25;12;0;12;0;15;0;0;9;0
14.05.2017;2;0;8;9;28;0;33;0;26;0;24;0;11;0;0;28;0;13;0;19;0;0;0;13;27;0;18;0;25;0;0;16;0
14.05.2017;3;0;4;10;26;0;28;0;15;0;22;0;18;0;0;30;0;22;0;30;0;1;0;11;31;0;22;0;24;0;0;13;0
14.05.2017;4;0;13;20;35;0;39;0;22;0;38;0;27;0;0;39;0;23;6;27;8;0;0;18;27;0;21;0;30;0;0;18;0
14.05.2017;5;0;21;26;37;31;40;19;31;27;28;23;34;0;0;41;0;25;7;34;17;0;0;16;17;0;27;5;24;0;0;19;0
14.05.2017;6;0;30;38;49;51;44;21;28;37;33;35;29;0;10;28;0;22;2;23;10;1;0;20;4;0;28;12;20;0;0;12;0
14.05.2017;7;0;19;37;44;55;36;22;21;30;19;15;29;0;27;29;0;18;0;25;0;0;0;29;19;0;26;2;36;0;0;9;0
14.05.2017;8;0;35;35;39;56;39;26;29;34;28;0;34;0;29;42;13;22;0;32;0;1;0;25;17;0;32;10;29;0;0;10;0
14.05.2017;9;0;28;29;34;47;29;32;35;25;27;0;21;0;30;27;29;20;0;28;0;0;0;32;12;16;37;12;21;0;0;26;0
14.05.2017;10;0;20;38;39;45;35;26;29;27;34;0;22;0;39;23;32;12;0;21;0;0;0;31;18;23;32;15;18;0;0;34;0
14.05.2017;11;0;18;43;38;49;30;45;30;44;45;0;26;0;33;38;27;15;0;23;0;0;0;44;24;16;26;25;29;0;0;30;1
14.05.2017;12;0;28;35;49;50;35;40;34;46;31;0;26;0;24;38;21;15;0;17;0;0;11;26;14;16;25;26;28;0;0;14;0
14.05.2017;13;0;31;42;45;60;38;32;31;43;31;0;35;0;39;32;28;25;0;33;0;0;19;34;22;8;34;22;29;0;0;26;0
14.05.2017;14;0;29;33;43;55;42;29;25;29;30;0;19;0;33;26;29;20;0;33;0;0;29;36;30;0;33;10;22;0;0;27;0
14.05.2017;15;0;31;34;46;60;41;52;33;43;32;4;34;0;28;25;29;29;0;37;0;0;28;28;35;0;30;25;26;0;0;27;0
14.05.2017;16;0;29;32;50;65;46;37;27;38;29;32;21;0;25;35;20;33;0;40;0;1;26;26;25;0;31;21;27;0;0;19;1
14.05.2017;17;0;33;33;52;50;44;34;35;26;27;50;37;0;16;31;4;46;0;49;0;0;21;27;20;0;26;19;14;0;0;16;0
14.05.2017;18;0;25;39;46;53;36;25;30;31;36;39;28;0;14;44;0;40;0;46;0;1;20;19;17;0;27;22;8;0;0;19;0
14.05.2017;19;0;18;41;47;52;35;32;17;45;33;52;35;0;15;40;0;44;0;44;0;1;17;28;13;0;23;27;9;0;0;19;0
14.05.2017;20;0;27;46;46;50;32;34;31;42;33;49;37;0;11;50;0;48;0;45;0;1;0;35;9;0;24;9;26;0;0;26;0
14.05.2017;21;0;25;40;35;4;39;4;33;1;30;7;37;0;0;31;0;32;0;35;0;0;0;20;13;0;26;0;24;0;0;22;0
14.05.2017;22;0;29;33;24;0;35;0;36;0;35;0;46;0;0;30;0;36;0;43;0;0;0;17;13;0;26;0;33;0;0;18;0
14.05.2017;23;0;17;20;23;0;26;0;22;0;23;0;33;0;0;24;0;34;0;41;0;0;0;16;16;0;18;0;24;0;0;14;0
14.05.2017;24;0;11;9;19;0;20;0;15;0;9;0;18;0;0;18;0;16;0;20;0;0;0;9;13;0;16;0;12;0;0;8;0
15.05.2017;1;0;8;10;19;0;23;0;19;0;9;0;9;0;0;27;0;8;0;18;0;0;0;23;11;0;12;0;13;0;0;13;0
15.05.2017;2;0;7;4;30;0;26;0;28;0;14;0;12;0;0;30;0;15;0;34;0;0;0;20;29;0;22;0;21;0;0;26;0
15.05.2017;3;0;5;13;30;0;29;0;18;0;17;0;21;0;0;24;0;23;0;26;0;1;0;21;24;0;22;0;11;0;0;16;0
15.05.2017;4;0;9;18;31;1;36;1;22;2;32;0;23;0;0;38;0;34;0;38;0;0;0;17;23;0;21;1;26;0;0;17;0
15.05.2017;5;0;26;30;43;37;39;24;31;34;29;29;27;0;19;32;0;46;0;41;0;0;0;18;13;0;28;11;20;0;0;20;2
15.05.2017;6;0;32;37;48;46;37;28;31;40;33;40;36;0;18;34;0;35;0;27;0;3;0;21;6;0;29;14;23;0;0;13;2
15.05.2017;7;0;29;50;50;54;31;33;30;39;41;35;31;0;22;35;0;29;0;33;0;2;0;26;20;0;35;13;33;0;0;12;2
15.05.2017;8;0;39;34;45;57;42;35;37;43;33;44;31;0;23;38;9;39;0;41;0;1;0;30;21;0;33;11;31;0;0;10;3
15.05.2017;9;0;19;38;33;53;36;34;25;37;35;30;18;0;36;34;29;27;0;32;0;0;0;37;28;0;30;17;26;0;0;30;3
15.05.2017;10;0;20;42;37;45;45;29;24;39;40;29;18;0;41;37;39;22;0;26;0;1;0;28;31;0;36;18;24;0;0;37;2
15.05.2017;11;0;22;45;37;45;27;39;29;50;43;23;14;0;36;30;31;16;0;19;0;1;0;28;27;0;33;23;30;0;0;32;1
15.05.2017;12;3;22;35;50;57;48;41;32;37;30;25;15;0;20;26;22;18;0;19;0;2;15;31;23;1;29;19;26;9;0;21;2
15.05.2017;13;1;31;35;47;65;53;37;38;30;29;31;23;0;28;23;24;20;0;32;0;0;18;33;12;7;20;14;25;21;0;20;1
15.05.2017;14;1;29;33;43;66;49;42;32;35;30;32;15;0;18;17;17;22;0;37;0;0;37;34;9;9;22;13;17;22;0;14;0
15.05.2017;15;0;31;36;47;63;48;48;43;46;33;47;21;0;22;30;23;35;0;38;0;1;30;21;14;18;21;26;31;16;0;22;3
15.05.2017;16;0;22;35;47;59;52;35;30;46;36;34;15;0;25;37;22;32;0;37;0;1;15;22;19;3;22;26;28;11;0;16;1
15.05.2017;17;0;25;30;46;52;43;21;27;34;31;46;25;0;6;28;5;37;0;40;0;0;16;24;17;0;26;30;11;1;0;11;1
15.05.2017;18;0;21;40;52;58;47;30;28;38;46;51;23;0;11;29;0;52;0;47;0;1;16;23;15;0;23;21;8;0;0;10;0
15.05.2017;19;0;25;41;40;44;36;37;32;36;39;40;25;0;16;37;0;44;0;45;0;1;16;27;6;0;26;31;15;0;0;19;0
15.05.2017;20;1;26;42;52;65;55;25;32;31;35;45;20;0;9;33;0;45;0;48;0;1;0;36;6;0;31;18;19;0;0;16;0
15.05.2017;21;0;26;27;38;18;46;10;35;11;24;25;24;0;0;21;0;34;0;40;0;0;0;22;12;0;23;0;27;0;0;14;0
15.05.2017;22;0;21;34;27;0;46;0;34;0;23;0;40;0;0;18;0;34;0;39;0;0;0;14;10;0;21;0;22;0;0;7;0
15.05.2017;23;0;12;15;22;0;40;0;25;0;12;0;34;0;0;13;0;34;0;47;0;0;0;10;15;0;16;0;16;0;0;10;0
15.05.2017;24;0;6;7;15;0;29;0;14;0;10;0;12;0;0;12;0;9;0;17;0;0;0;10;7;0;12;0;11;0;0;7;0
16.05.2017;1;0;4;7;13;0;29;0;10;0;15;0;9;0;0;24;0;7;0;12;0;0;0;22;11;0;7;0;22;0;0;8;0
16.05.2017;2;0;7;6;25;0;20;0;19;0;17;0;10;0;0;26;0;10;0;21;0;0;0;11;25;0;16;0;24;0;0;17;0
16.05.2017;3;0;8;8;25;0;24;0;17;0;15;0;19;0;0;23;0;22;7;25;0;1;0;15;19;0;16;0;17;0;0;14;0
16.05.2017;4;0;11;22;31;1;29;2;22;3;27;5;30;0;0;37;0;20;16;31;17;0;0;21;30;0;15;0;29;0;0;21;1
16.05.2017;5;0;25;28;38;30;28;20;26;30;20;38;27;0;8;29;0;22;14;30;25;0;0;17;18;0;21;8;22;0;0;13;0
16.05.2017;6;0;29;44;47;59;48;29;34;46;37;42;21;0;14;26;0;25;7;22;8;1;0;23;4;0;30;12;22;0;0;10;0
16.05.2017;7;0;30;46;49;52;47;40;49;53;36;37;20;0;22;33;5;29;0;31;0;0;0;24;13;0;33;10;35;0;0;7;0
16.05.2017;8;0;38;46;46;57;53;33;51;53;38;37;28;0;24;24;31;30;0;31;0;0;0;27;22;0;33;18;38;0;0;8;2
16.05.2017;9;0;27;32;26;47;30;22;30;41;34;26;15;0;29;27;34;28;0;37;0;0;6;21;19;0;30;18;27;12;0;18;3
16.05.2017;10;0;26;33;35;46;37;26;29;48;37;29;16;0;32;30;21;14;0;17;0;1;16;21;18;17;15;25;20;11;0;26;0
16.05.2017;11;0;16;37;33;40;30;33;25;47;35;32;15;0;28;30;30;18;0;25;0;0;20;23;15;12;14;26;26;13;0;21;0
16.05.2017;12;0;31;37;52;56;52;36;38;48;33;27;16;0;27;25;18;17;0;20;0;2;15;20;11;13;17;21;30;12;0;21;1
16.05.2017;13;0;30;30;51;61;51;34;37;35;25;30;15;0;29;26;29;25;0;28;0;2;14;28;7;12;20;20;25;15;0;20;2
16.05.2017;14;0;27;35;45;60;44;30;28;32;29;25;16;0;17;21;22;26;0;33;0;2;23;23;15;12;19;17;22;13;0;13;0
16.05.2017;15;0;26;24;43;59;46;27;30;36;16;32;24;0;25;23;28;35;0;41;0;0;27;18;15;15;23;21;31;19;0;22;1
16.05.2017;16;0;36;34;51;54;48;28;42;38;32;44;24;0;25;46;23;40;0;46;0;3;12;23;16;5;21;29;28;14;0;18;1
16.05.2017;17;1;37;38;49;61;39;23;37;37;34;51;29;0;12;40;2;49;0;46;0;0;17;29;15;0;28;34;10;0;0;15;1
16.05.2017;18;1;21;41;52;52;45;23;23;28;28;41;32;0;11;30;0;47;0;47;0;1;14;24;11;0;27;21;11;0;0;15;0
16.05.2017;19;0;18;45;50;42;39;24;23;44;35;45;28;0;22;41;0;46;0;47;0;1;1;24;6;0;21;23;17;0;0;21;0
16.05.2017;20;0;24;39;49;65;51;30;28;30;24;53;33;0;20;43;0;44;0;46;7;2;0;31;10;0;30;12;27;0;0;20;0
16.05.2017;21;0;22;28;36;32;41;18;29;20;26;28;22;0;0;26;0;35;0;48;5;0;0;18;9;0;23;0;23;0;0;17;0
16.05.2017;22;0;29;27;22;0;40;0;28;0;24;0;37;0;0;16;0;32;0;39;0;0;0;12;8;0;22;0;19;0;0;9;0
16.05.2017;23;0;11;16;26;0;37;0;21;0;14;0;31;0;0;22;0;36;0;40;0;0;0;12;16;0;11;0;20;0;0;15;0
16.05.2017;24;0;9;12;12;0;19;0;14;0;13;0;8;0;0;17;0;14;0;25;0;0;0;6;10;0;16;0;17;0;0;13;0
17.05.2017;1;0;4;9;11;0;17;0;11;0;10;0;11;0;0;20;0;8;0;13;0;0;0;20;9;0;12;0;15;0;0;7;0
17.05.2017;2;0;6;9;27;0;36;0;21;0;16;0;19;0;0;19;0;20;0;29;0;0;0;18;23;0;19;0;18;0;0;17;0
17.05.2017;3;0;5;7;28;0;33;0;14;0;18;0;17;0;0;33;0;21;0;24;0;1;0;17;20;0;18;0;20;0;0;13;0
17.05.2017;4;0;12;19;34;7;35;3;22;7;31;10;26;0;0;42;0;37;0;44;0;0;0;21;32;0;19;0;25;0;0;24;0
17.05.2017;5;0;23;31;44;36;42;25;26;45;29;36;29;0;4;28;0;44;0;47;0;0;0;15;16;0;23;4;29;0;0;14;0
17.05.2017;6;0;27;40;49;51;41;25;26;51;35;37;27;0;15;33;0;33;0;33;0;1;0;16;10;0;34;16;24;6;0;13;1
17.05.2017;7;0;25;54;45;61;36;23;27;37;39;36;29;0;27;34;0;28;0;34;0;0;0;24;16;0;16;9;34;25;0;9;1
17.05.2017;8;0;41;45;41;62;43;31;41;44;34;40;30;0;20;31;11;29;0;35;0;0;0;33;24;0;20;15;31;27;0;7;3
17.05.2017;9;0;21;35;29;37;25;28;25;29;26;25;19;0;28;33;26;24;0;29;0;0;0;30;24;7;24;14;26;15;0;21;0
17.05.2017;10;0;18;35;34;44;31;28;20;33;32;27;23;0;29;32;23;17;0;23;0;1;2;25;17;11;21;21;19;16;0;26;0
17.05.2017;11;1;18;35;37;48;35;42;23;51;29;27;22;0;32;26;31;15;0;19;0;0;13;19;15;16;14;29;27;12;0;30;2
17.05.2017;12;0;23;45;56;57;43;36;26;40;38;29;22;0;26;24;25;15;0;19;0;1;16;24;16;10;20;18;31;13;0;19;1
17.05.2017;13;0;33;33;47;68;45;31;38;39;34;37;28;0;28;28;18;29;0;35;0;0;11;42;15;5;24;17;26;21;0;21;2
17.05.2017;14;0;24;34;43;59;44;29;25;32;28;29;21;0;25;26;21;23;0;29;0;0;24;32;19;7;17;15;22;20;0;16;2
17.05.2017;15;0;43;33;45;62;46;36;42;53;32;34;25;0;28;27;28;32;0;33;0;1;25;13;34;0;36;32;29;5;0;25;2
17.05.2017;16;0;29;37;50;60;52;34;26;39;33;42;27;0;25;39;18;37;0;39;0;1;12;28;23;0;33;22;24;0;0;16;2
17.05.2017;17;0;33;31;46;42;35;24;29;31;27;40;40;0;13;32;1;35;0;31;0;0;0;37;19;0;20;25;11;0;0;16;1
17.05.2017;18;0;18;42;41;44;31;18;17;44;34;46;29;0;10;28;0;49;0;47;0;1;0;33;15;0;24;27;8;0;0;13;1
17.05.2017;19;0;21;40;45;42;38;35;30;47;35;42;31;0;18;41;0;41;0;44;0;1;0;30;14;0;27;29;18;0;0;25;0
17.05.2017;20;0;27;46;49;54;39;30;29;33;27;54;40;0;13;39;0;46;0;45;0;1;0;28;8;0;29;18;24;0;0;19;0
17.05.2017;21;0;24;37;42;31;42;21;27;14;24;30;35;0;0;26;0;36;0;43;0;0;0;22;14;0;23;0;27;0;0;16;0
17.05.2017;22;0;26;30;25;0;31;0;29;0;24;0;44;0;0;19;0;35;0;40;0;0;0;15;11;0;21;0;23;0;0;12;1
17.05.2017;23;0;14;19;17;0;29;0;23;0;17;0;31;0;0;14;0;30;0;43;0;0;0;13;13;0;18;0;19;0;0;13;0
17.05.2017;24;0;10;6;16;0;26;0;16;0;10;0;10;0;0;12;0;13;0;19;0;0;0;8;11;0;12;0;15;0;0;8;0
18.05.2017;1;0;5;8;13;0;30;0;20;0;14;0;10;0;0;21;0;7;0;16;0;0;0;23;15;0;14;0;25;0;0;9;0
18.05.2017;2;0;8;8;30;0;41;0;25;0;26;0;20;0;0;28;0;15;0;28;0;0;0;21;27;0;21;0;37;0;0;19;0
18.05.2017;3;0;3;12;28;0;39;0;19;0;21;0;22;0;0;24;0;24;0;33;0;1;0;20;29;0;17;0;23;0;0;16;0
18.05.2017;4;1;12;23;31;6;30;2;23;8;38;6;25;0;5;33;0;27;10;39;11;0;0;15;28;0;16;8;25;0;0;18;0
18.05.2017;5;0;26;28;41;42;40;23;24;35;32;42;21;0;17;27;0;29;18;33;27;0;0;12;14;0;22;11;18;0;0;18;0
18.05.2017;6;0;29;43;49;55;40;21;26;47;39;37;27;0;14;29;0;22;6;18;7;1;0;21;10;0;32;16;24;0;0;12;0
18.05.2017;7;0;28;44;43;49;35;24;24;49;37;29;31;0;29;42;0;25;0;30;0;0;0;31;22;0;26;19;34;0;0;12;1
18.05.2017;8;2;39;39;45;52;44;22;34;40;29;31;34;0;35;34;14;24;0;27;0;0;0;32;18;0;31;8;34;0;0;12;4
18.05.2017;9;0;29;43;30;49;25;18;30;36;36;31;25;0;34;30;39;25;0;37;0;0;0;39;13;6;36;17;26;0;0;24;1
18.05.2017;10;0;18;30;35;43;40;28;23;22;26;19;19;0;36;30;32;17;0;27;0;1;0;31;14;25;30;16;18;0;0;33;2
18.05.2017;11;0;19;48;41;48;41;38;22;48;45;26;23;0;33;28;33;19;0;25;0;0;0;37;16;21;28;28;34;0;0;29;5
18.05.2017;12;0;22;32;57;56;47;35;24;41;27;25;20;0;26;23;28;17;0;23;0;1;6;41;12;16;25;25;29;0;0;22;4
18.05.2017;13;0;32;32;40;57;43;34;33;42;26;29;28;0;30;23;29;26;0;36;0;0;14;37;11;8;30;20;25;0;0;21;4
18.05.2017;14;0;30;28;46;48;38;28;29;37;30;0;24;0;16;14;20;17;0;33;0;0;25;30;10;9;22;17;21;0;0;15;4
18.05.2017;15;0;28;29;43;50;39;33;31;46;26;1;41;0;27;26;30;34;0;41;0;2;20;24;16;11;35;26;30;0;0;25;2
18.05.2017;16;0;30;40;48;45;43;34;27;48;33;36;24;0;23;30;25;35;0;38;0;2;14;21;18;3;27;28;28;0;0;18;2
18.05.2017;17;1;32;31;44;45;35;28;33;30;27;41;34;0;15;32;7;39;0;38;0;1;9;36;13;0;20;22;14;0;0;19;0
18.05.2017;18;0;29;40;47;47;38;23;27;34;29;41;37;0;14;34;0;48;0;49;0;1;0;37;12;0;34;22;13;0;0;18;1
18.05.2017;19;0;23;40;49;55;43;30;28;42;30;33;29;0;24;37;0;34;0;40;0;2;0;30;9;0;32;25;15;0;0;23;1
18.05.2017;20;2;21;39;49;45;34;25;23;26;22;54;47;0;7;29;0;46;0;40;0;2;0;21;10;0;29;11;28;0;0;22;0
18.05.2017;21;0;17;29;36;20;39;12;23;14;19;24;36;0;0;22;0;35;0;39;0;1;0;13;9;0;22;0;24;0;0;14;1
18.05.2017;22;0;25;23;28;0;30;0;32;0;31;0;34;0;0;26;0;28;0;34;0;0;0;11;8;0;22;0;30;0;0;12;0
18.05.2017;23;0;18;17;22;0;26;0;21;0;16;0;31;0;0;25;0;32;0;37;0;0;0;13;15;0;20;0;20;0;0;14;0
18.05.2017;24;0;7;7;13;0;18;0;11;0;10;0;13;0;0;19;0;11;0;20;0;0;0;5;9;0;17;0;14;0;0;11;0
19.05.2017;1;0;6;12;10;0;24;0;9;0;10;0;9;0;0;23;0;9;0;17;0;0;0;19;13;0;11;0;12;0;0;13;0
19.05.2017;2;0;4;6;28;0;33;0;23;0;21;0;15;0;0;22;0;14;0;26;0;0;0;26;27;0;17;0;23;0;0;23;0
19.05.2017;3;0;2;8;28;0;37;0;14;0;13;0;20;0;0;22;0;28;0;39;0;1;0;19;25;0;21;0;12;0;0;14;0
19.05.2017;4;0;8;29;31;0;29;3;18;2;41;4;29;0;0;32;0;34;0;46;6;0;0;17;23;0;20;0;29;0;0;15;1
19.05.2017;5;0;25;29;45;37;38;18;31;36;27;40;26;0;11;32;0;32;0;52;23;0;0;15;10;0;24;8;23;0;0;15;0
19.05.2017;6;0;30;42;52;56;46;25;33;59;38;38;25;0;15;27;0;26;0;23;8;1;0;28;8;0;32;12;24;0;0;13;0
19.05.2017;7;0;25;51;43;46;34;25;27;48;48;30;27;0;25;36;0;25;0;34;0;0;0;27;17;0;26;13;37;0;0;9;1
19.05.2017;8;0;34;45;46;66;47;24;29;57;43;46;35;0;20;29;27;30;0;33;0;0;0;30;16;8;31;16;39;0;0;6;1
19.05.2017;9;0;31;42;27;43;24;36;31;43;33;0;24;0;27;26;35;26;0;31;0;0;0;34;18;16;34;17;33;0;0;22;2
19.05.2017;10;1;23;36;39;42;30;22;23;33;30;0;24;0;37;26;40;15;0;24;0;1;0;27;10;16;31;19;20;0;0;30;1
19.05.2017;11;0;19;42;38;39;28;38;29;54;37;0;26;0;23;24;32;14;0;18;0;0;0;29;13;13;34;28;29;0;0;27;0
19.05.2017;12;0;24;40;51;61;41;36;26;39;32;0;29;0;25;24;31;16;0;25;0;2;0;43;19;14;39;20;30;0;0;21;1
19.05.2017;13;0;33;33;45;69;43;37;33;34;30;0;41;0;34;29;27;30;0;43;0;0;11;39;17;11;46;23;23;0;0;24;2
19.05.2017;14;0;31;35;46;65;48;36;32;34;36;2;34;0;16;38;13;27;0;42;0;1;22;43;11;14;37;22;24;0;0;16;4
19.05.2017;15;0;23;37;51;63;42;29;26;48;35;41;33;0;23;51;1;35;0;35;0;0;24;29;18;17;49;28;26;0;0;25;3
19.05.2017;16;0;44;43;47;69;52;32;40;50;47;34;25;0;25;56;0;33;0;39;0;1;16;32;17;4;42;27;28;0;0;17;2
19.05.2017;17;0;34;43;44;54;40;28;35;37;37;39;36;0;12;35;0;34;0;43;0;0;14;33;16;0;30;22;15;0;0;21;2
19.05.2017;18;0;25;40;52;52;47;24;28;24;37;38;28;0;18;42;0;38;0;46;0;1;0;31;18;0;30;17;15;0;0;14;1
19.05.2017;19;0;18;43;50;53;41;25;24;42;41;39;28;0;21;45;0;31;0;37;0;2;0;35;14;0;35;29;18;0;0;20;0
19.05.2017;20;0;21;45;47;46;37;15;21;31;38;46;34;0;8;37;0;41;0;41;0;1;0;26;8;0;29;15;24;0;0;17;0
19.05.2017;21;0;19;30;36;9;39;5;32;6;37;13;33;0;0;24;0;28;0;36;0;0;0;19;16;0;25;0;24;0;0;15;0
19.05.2017;22;0;26;28;22;0;28;0;25;0;30;0;41;0;0;33;0;26;0;30;0;0;0;12;11;0;26;0;27;0;0;15;0
19.05.2017;23;0;20;19;23;0;36;0;22;0;17;0;33;0;0;20;0;33;0;38;0;0;0;10;12;0;20;0;20;0;0;13;0
19.05.2017;24;0;8;13;17;0;22;0;13;0;15;0;10;0;0;19;0;16;0;25;0;0;0;10;14;0;15;0;17;0;0;13;0
20.05.2017;1;0;8;9;14;0;23;0;21;0;12;0;8;0;0;29;0;5;0;12;0;0;0;24;20;0;10;0;19;0;0;18;0
20.05.2017;2;0;8;8;34;0;40;0;28;0;22;0;20;0;0;21;0;15;0;33;0;0;0;30;29;0;22;0;26;0;0;21;0
20.05.2017;3;0;5;11;33;0;28;0;23;0;19;0;23;0;0;28;0;28;0;44;0;1;0;30;38;0;20;0;17;0;0;20;0
20.05.2017;4;0;11;21;34;0;28;0;34;0;39;0;30;0;0;38;0;34;7;42;8;0;0;20;33;0;16;0;31;0;0;19;0
20.05.2017;5;0;23;31;41;29;26;19;32;27;28;23;26;0;0;31;0;30;13;36;17;0;0;14;15;0;24;4;20;0;0;15;0
20.05.2017;6;0;22;42;43;39;33;28;26;42;36;32;27;0;11;33;0;20;6;28;8;1;0;21;9;0;24;16;28;0;0;15;2
20.05.2017;7;0;22;43;44;46;38;28;31;37;31;33;27;0;24;44;0;25;0;35;0;0;0;27;16;0;28;9;33;0;0;8;1
20.05.2017;8;0;37;36;49;58;43;41;49;40;25;24;27;0;20;43;0;26;0;34;0;0;0;30;22;0;35;15;31;0;0;11;2
20.05.2017;9;0;25;38;29;40;20;21;30;35;30;0;35;0;31;48;25;31;0;38;0;0;0;32;15;11;24;20;29;0;0;23;0
20.05.2017;10;0;24;38;38;42;29;31;28;31;29;0;27;0;31;31;28;17;0;26;0;1;0;26;13;19;27;22;17;0;0;28;2
20.05.2017;11;0;15;43;35;43;24;36;21;49;36;0;36;0;25;33;24;21;0;29;0;1;0;31;19;7;28;26;26;0;0;23;0
20.05.2017;12;0;17;35;52;55;39;42;31;44;31;0;30;0;21;34;15;22;0;29;0;2;10;37;27;0;28;20;26;0;0;16;1
20.05.2017;13;0;29;40;48;63;47;51;37;49;33;0;38;0;29;34;18;28;0;38;0;0;19;38;26;0;31;16;30;0;0;19;3
20.05.2017;14;0;20;31;44;53;48;34;21;35;28;0;25;0;21;27;19;23;0;34;0;0;21;36;25;0;31;18;16;0;0;16;1
20.05.2017;15;0;28;26;46;55;41;51;40;41;20;0;33;0;23;35;19;23;0;29;0;0;17;32;36;0;38;24;23;0;0;25;0
20.05.2017;16;0;29;39;51;59;43;42;34;44;34;0;30;0;25;39;18;25;0;27;0;0;13;27;24;0;31;26;31;0;0;19;1
20.05.2017;17;0;28;34;43;57;39;27;27;35;30;27;20;0;12;34;10;29;0;37;0;0;11;32;12;0;31;27;19;0;0;12;3
20.05.2017;18;0;18;40;41;55;37;25;23;33;37;34;22;0;11;37;0;28;0;34;0;1;0;36;12;0;23;21;15;0;0;13;2
20.05.2017;19;0;18;32;53;58;53;38;28;33;25;30;26;0;26;45;0;29;0;35;0;1;0;33;10;0;32;23;17;0;0;22;1
20.05.2017;20;1;30;36;47;47;46;27;33;20;21;42;36;0;12;36;0;41;0;41;0;1;0;28;8;0;26;12;15;0;0;16;1
20.05.2017;21;0;19;29;30;0;28;0;35;0;29;0;23;0;0;18;0;30;0;43;0;0;0;12;14;0;16;0;25;0;0;11;0
20.05.2017;22;0;24;25;23;0;27;0;34;0;31;0;38;0;0;31;0;32;0;34;0;0;0;12;11;0;15;0;27;0;0;10;0
20.05.2017;23;0;10;17;21;0;33;0;21;0;16;0;30;0;0;21;0;28;0;36;0;0;0;16;12;0;17;0;14;0;0;14;0
20.05.2017;24;0;9;12;17;0;21;0;16;0;16;0;16;0;0;15;0;11;0;19;0;0;0;10;13;0;16;0;12;0;0;12;0
21.05.2017;1;0;9;14;11;0;25;0;20;0;14;0;15;0;0;28;0;10;0;16;0;0;0;20;16;0;9;0;14;0;0;14;0
21.05.2017;2;0;5;3;26;0;29;0;25;0;22;0;11;0;0;24;0;17;0;27;0;0;0;15;29;0;14;0;27;0;0;27;0
21.05.2017;3;0;5;10;28;0;36;0;21;0;20;0;21;0;0;26;0;26;0;27;0;1;0;18;28;0;14;0;23;0;0;18;0
21.05.2017;4;0;8;19;32;1;36;2;25;5;38;1;24;0;0;39;0;33;0;37;0;0;0;17;24;0;22;0;25;0;0;21;0
21.05.2017;5;0;23;25;42;26;39;16;25;36;28;30;30;0;21;37;0;52;0;50;0;0;0;8;14;0;19;8;21;0;0;15;0
21.05.2017;6;0;26;37;44;47;41;22;26;41;32;31;31;0;21;31;0;32;0;24;0;1;0;20;3;0;22;12;19;0;0;16;0
21.05.2017;7;0;18;38;41;47;37;26;20;36;33;26;21;0;25;25;0;22;0;29;0;0;0;28;16;0;30;9;28;0;0;12;0
21.05.2017;8;0;36;38;40;54;41;24;34;44;33;30;34;0;24;36;14;24;0;31;0;0;0;26;21;0;35;14;32;0;0;10;0
21.05.2017;9;0;23;38;31;42;29;27;28;48;38;0;22;0;28;34;32;21;0;32;0;0;0;34;24;0;24;20;26;0;0;24;3
21.05.2017;10;0;26;34;40;51;37;29;29;37;31;0;28;0;41;33;28;16;0;19;0;1;0;35;40;0;28;18;22;0;0;33;1
21.05.2017;11;0;24;41;40;47;33;47;30;46;40;0;32;0;27;25;32;18;0;26;0;0;0;42;39;0;28;23;34;0;0;24;0
21.05.2017;12;0;26;35;53;44;38;40;33;39;30;0;37;0;30;30;26;24;0;21;0;1;12;32;27;1;20;23;28;3;0;19;0
21.05.2017;13;1;31;34;52;71;45;43;37;43;35;0;36;0;27;28;26;24;0;32;0;0;16;37;19;12;18;20;31;16;0;20;0
21.05.2017;14;0;26;36;43;42;39;32;30;40;37;0;24;0;24;26;24;23;0;35;0;0;24;31;14;14;19;15;29;17;0;16;0
21.05.2017;15;0;32;28;40;51;40;39;30;39;26;0;36;0;33;35;28;29;0;32;0;0;23;20;16;16;23;24;28;19;0;23;0
21.05.2017;16;0;31;37;51;61;49;38;36;46;41;0;38;0;25;33;17;33;0;38;0;1;14;26;16;2;26;21;24;17;0;15;0
21.05.2017;17;0;25;39;46;43;42;31;30;34;35;32;29;0;19;28;13;38;0;44;0;1;15;26;18;0;24;20;13;11;0;18;0
21.05.2017;18;0;23;40;51;54;47;36;36;41;41;40;26;0;15;34;0;40;0;43;0;1;11;28;15;0;28;19;13;0;0;15;0
21.05.2017;19;0;23;40;47;49;38;32;27;40;34;32;23;0;23;43;0;34;0;39;0;1;0;30;13;0;31;24;10;0;0;20;0
21.05.2017;20;0;26;38;49;51;37;28;33;30;30;42;39;0;21;43;0;41;0;39;0;1;0;28;6;0;25;11;25;0;0;25;0
21.05.2017;21;0;28;41;34;34;31;15;26;29;31;27;29;0;0;26;0;29;0;37;0;0;0;23;11;0;27;0;26;0;0;17;0
21.05.2017;22;0;24;40;27;0;33;0;34;0;38;0;43;0;0;28;0;35;0;38;0;0;0;19;11;0;23;0;35;0;0;18;0
21.05.2017;23;0;18;23;20;0;28;0;23;0;19;0;37;0;0;26;0;39;0;48;0;0;0;10;21;0;21;0;23;0;0;16;0
21.05.2017;24;0;6;12;15;0;18;0;10;0;10;0;14;0;0;16;0;13;0;22;0;0;0;11;12;0;11;0;16;0;0;10;0
22.05.2017;1;0;9;13;15;0;27;0;19;0;12;0;11;0;0;26;0;12;0;22;0;0;0;27;17;0;10;0;19;0;0;14;0
22.05.2017;2;0;5;9;33;0;42;0;23;0;20;0;20;0;0;30;0;21;0;30;0;0;0;31;30;0;18;0;27;0;0;18;0
22.05.2017;3;0;7;11;30;0;33;0;16;0;11;0;16;0;0;23;0;21;1;32;0;1;0;21;26;0;24;0;12;0;0;15;0
22.05.2017;4;0;10;22;27;1;36;1;17;5;35;4;24;0;0;38;0;26;19;29;8;0;0;24;28;0;31;0;26;0;0;16;1
22.05.2017;5;0;30;29;45;34;47;21;33;32;26;36;32;0;16;33;0;36;18;39;15;0;0;16;13;0;27;7;20;0;0;15;1
22.05.2017;6;0;30;42;47;49;37;18;28;52;40;32;27;0;16;28;0;30;4;24;5;1;0;21;7;0;33;12;25;0;0;14;1
22.05.2017;7;0;27;51;43;55;35;23;32;49;44;19;43;0;22;39;0;24;0;33;0;0;0;27;12;0;30;11;35;0;0;9;2
22.05.2017;8;2;29;42;46;60;47;21;36;48;45;0;38;0;20;23;23;28;0;38;0;1;0;31;16;0;29;11;34;0;0;9;3
22.05.2017;9;1;24;35;28;48;32;38;31;39;31;0;25;0;37;29;32;24;0;27;0;1;12;36;34;0;21;15;32;13;0;27;7
22.05.2017;10;0;20;34;31;44;31;35;33;36;33;0;26;0;37;30;34;18;0;19;0;0;14;26;25;16;24;14;27;12;0;33;3
22.05.2017;11;0;17;38;36;42;33;42;27;51;36;0;21;0;42;33;35;12;0;22;0;0;24;19;18;17;19;24;29;16;0;27;1
22.05.2017;12;0;26;42;53;61;52;39;33;52;33;12;23;0;24;29;26;12;0;23;0;1;18;21;13;13;24;24;29;21;0;17;0
22.05.2017;13;0;28;32;46;56;46;36;39;29;26;25;15;0;27;28;25;23;0;32;0;1;21;33;18;7;18;14;23;25;0;20;1
22.05.2017;14;0;26;32;44;56;46;25;30;32;25;22;14;0;16;15;18;21;0;39;0;0;30;27;11;7;19;20;18;22;0;14;2
22.05.2017;15;0;25;29;48;57;42;34;30;40;21;33;23;0;27;27;33;33;0;38;0;0;22;24;12;12;21;27;23;22;0;23;2
22.05.2017;16;0;27;38;47;62;41;30;33;38;34;36;26;0;25;33;22;31;0;38;0;0;14;27;13;0;21;21;20;12;0;13;0
22.05.2017;17;1;27;36;46;56;39;28;36;34;32;40;28;0;12;35;0;32;0;42;0;0;15;25;14;0;24;22;17;13;0;12;0
22.05.2017;18;0;19;44;44;57;38;23;25;28;29;38;25;0;13;38;0;34;0;42;0;1;15;23;14;0;29;23;12;0;0;13;1
22.05.2017;19;0;18;39;42;47;39;23;24;31;24;35;20;0;15;43;0;33;0;38;0;2;1;24;8;0;26;29;10;0;0;22;0
22.05.2017;20;1;22;41;51;70;49;35;26;28;28;54;26;0;11;35;0;43;0;53;5;1;0;30;7;0;33;14;16;0;0;24;0
22.05.2017;21;0;23;36;33;26;39;24;23;20;31;33;27;0;0;20;0;34;0;41;1;0;0;16;13;0;20;0;25;0;0;12;0
22.05.2017;22;0;22;33;22;0;23;0;29;0;30;0;43;0;0;20;0;30;0;39;0;0;0;12;12;0;21;0;27;0;0;8;0
22.05.2017;23;0;15;21;20;0;24;0;20;0;12;0;35;0;0;14;0;30;0;37;0;1;0;11;17;0;20;0;19;0;0;12;0
22.05.2017;24;0;11;7;20;0;22;0;12;0;14;0;14;0;0;11;0;16;0;22;0;0;0;12;6;0;17;0;18;0;0;8;0
23.05.2017;1;0;12;7;14;0;22;0;17;0;13;0;8;0;0;25;0;9;0;20;0;0;0;20;16;0;13;0;20;0;0;11;0
23.05.2017;2;0;10;6;24;0;29;0;23;0;17;0;14;0;0;16;0;15;0;26;0;0;0;21;20;0;20;0;26;0;0;17;0
23.05.2017;3;0;4;9;24;0;23;0;21;0;17;0;16;0;0;21;0;25;0;32;0;1;0;18;23;0;17;0;22;0;0;17;0
23.05.2017;4;0;9;22;35;4;26;2;27;8;34;7;20;0;0;35;0;36;0;38;0;0;0;16;25;0;19;0;28;0;0;16;0
23.05.2017;5;0;21;26;40;32;33;21;28;33;24;32;23;0;3;32;0;40;0;47;10;0;0;19;11;0;21;1;22;0;0;14;1
23.05.2017;6;0;31;44;43;53;42;29;30;43;36;30;20;0;15;25;0;26;0;27;6;2;0;23;4;0;33;14;18;7;0;13;0
23.05.2017;7;0;28;49;44;57;44;30;34;41;35;32;21;0;23;36;3;29;0;34;0;1;0;31;17;0;14;10;37;18;0;11;4
23.05.2017;8;0;31;33;43;45;42;27;32;36;31;33;25;0;17;19;26;37;0;40;0;1;0;30;17;0;13;13;27;19;0;10;2
23.05.2017;9;0;23;34;33;42;35;27;32;43;28;29;19;0;28;21;36;25;0;33;0;0;8;26;15;7;13;17;28;18;0;21;2
23.05.2017;10;0;16;36;37;45;34;26;20;38;30;18;18;0;31;23;35;18;0;28;0;1;16;26;20;11;17;23;23;20;0;33;1
23.05.2017;11;0;18;38;37;36;29;38;24;40;34;20;16;0;24;27;30;18;0;24;0;0;19;25;15;8;14;22;30;14;0;24;1
23.05.2017;12;0;19;33;44;47;43;35;23;47;26;20;13;0;16;22;27;23;0;27;0;2;12;23;10;11;18;21;25;13;0;16;0
23.05.2017;13;1;21;37;53;62;48;35;30;37;33;25;10;0;27;24;25;26;0;32;0;0;19;31;17;10;35;21;30;0;0;17;2
23.05.2017;14;0;27;30;39;64;37;31;31;38;23;19;14;0;23;16;28;20;0;28;0;0;29;27;29;0;32;18;24;0;0;19;2
23.05.2017;15;1;34;26;40;56;33;39;39;44;22;31;23;0;22;24;31;25;0;34;0;0;19;27;28;0;37;32;29;11;0;27;2
23.05.2017;16;0;33;32;48;60;47;36;38;44;28;31;22;0;16;41;22;24;0;36;0;0;14;32;24;0;36;23;23;6;0;19;2
23.05.2017;17;0;31;41;48;61;41;25;31;35;35;43;28;0;12;38;0;39;0;37;0;0;1;37;15;0;30;21;10;0;0;16;1
23.05.2017;18;2;12;47;49;56;39;23;14;33;32;41;33;0;8;33;0;41;0;45;0;1;0;35;15;0;34;19;12;0;0;9;4
23.05.2017;19;0;25;41;42;48;36;37;38;44;30;38;26;0;28;47;0;34;0;36;0;1;0;29;13;0;26;29;20;0;0;21;1
23.05.2017;20;1;28;39;48;64;51;46;30;32;24;53;29;0;24;41;0;44;0;42;0;1;0;29;19;0;28;23;13;0;0;26;0
23.05.2017;21;0;22;34;42;31;46;23;30;28;31;22;19;0;1;27;0;34;0;41;0;0;0;19;16;0;18;11;28;0;0;18;0
23.05.2017;22;0;33;25;25;0;46;0;45;0;26;0;44;0;0;22;0;32;0;40;0;0;0;14;12;0;14;0;29;0;0;14;1
23.05.2017;23;0;21;14;19;0;36;0;31;0;7;0;30;0;0;20;0;34;0;43;0;0;0;13;15;0;16;0;21;0;0;17;1
23.05.2017;24;0;8;9;10;0;19;0;18;0;12;0;6;0;0;17;0;7;0;14;0;0;0;12;10;0;18;0;20;0;0;10;1
24.05.2017;1;0;10;12;14;0;31;0;16;0;14;0;12;0;0;25;0;6;0;10;0;0;0;20;15;0;13;0;17;0;0;10;1
24.05.2017;2;0;5;9;24;0;29;0;19;0;20;0;16;0;0;19;0;12;0;25;0;0;0;11;25;0;26;0;21;0;0;16;2
24.05.2017;3;0;3;6;25;0;22;0;9;0;15;0;23;0;0;27;0;24;0;34;0;1;0;17;20;0;20;0;13;0;0;11;0
24.05.2017;4;0;10;23;32;9;30;4;25;12;41;8;25;0;5;34;0;33;6;41;8;0;0;20;28;0;18;7;28;0;0;21;0
24.05.2017;5;0;28;30;44;36;35;31;37;46;29;39;21;0;21;34;0;25;13;36;22;0;0;16;11;0;25;14;25;0;0;12;1
24.05.2017;6;0;29;39;54;52;32;36;36;58;35;31;26;0;15;42;0;23;7;21;10;1;0;15;11;0;37;20;32;0;0;14;0
24.05.2017;7;0;23;47;47;59;34;25;32;48;37;29;27;0;23;40;0;35;0;29;0;0;0;29;15;0;34;7;39;0;0;10;1
24.05.2017;8;1;23;38;49;54;42;28;39;43;34;31;23;0;19;33;21;32;0;38;0;1;0;33;26;0;31;16;34;0;0;8;2
24.05.2017;9;0;22;37;33;40;23;24;28;32;29;28;25;0;39;28;29;30;0;30;0;1;0;36;26;3;30;12;26;0;0;29;2
24.05.2017;10;0;21;36;39;57;36;28;30;32;30;20;19;0;35;34;24;16;0;28;0;2;12;38;24;19;34;15;21;0;0;39;1
24.05.2017;11;0;28;37;39;37;21;45;38;42;32;18;20;0;24;31;27;18;0;20;0;0;21;21;18;19;30;28;30;0;0;24;0
24.05.2017;12;0;27;41;49;58;34;33;34;51;39;22;12;0;19;22;23;16;0;21;0;2;17;19;11;8;31;22;29;0;0;13;1
24.05.2017;13;0;30;34;44;72;44;41;33;49;27;29;16;0;32;31;32;28;0;38;0;1;16;39;13;10;38;30;34;0;0;25;2
24.05.2017;14;0;29;34;44;66;50;30;23;40;29;35;19;0;21;18;19;31;0;37;0;1;38;28;16;11;35;21;19;0;0;17;5
24.05.2017;15;0;33;35;44;58;39;51;39;52;33;36;17;0;25;25;24;37;0;41;0;0;29;17;18;17;33;25;24;0;0;22;0
24.05.2017;16;0;26;35;47;58;47;39;33;49;30;39;23;0;25;45;21;35;0;37;0;1;13;26;18;6;37;31;24;0;0;17;0
24.05.2017;17;1;33;40;45;53;48;38;39;43;32;38;24;0;14;39;2;43;0;43;0;1;18;26;20;1;32;25;17;0;0;14;0
24.05.2017;18;0;25;45;47;56;42;33;31;38;34;42;23;0;15;31;0;46;0;46;0;2;2;40;27;0;33;24;12;0;0;19;1
24.05.2017;19;0;29;42;50;55;42;35;42;39;32;37;15;0;26;44;0;38;0;37;0;1;0;37;14;0;33;26;20;0;0;21;0
24.05.2017;20;1;27;44;55;66;55;23;29;25;25;52;31;0;7;33;0;54;0;53;0;1;0;33;9;0;29;11;30;0;0;17;0
24.05.2017;21;0;19;30;37;17;46;11;31;12;29;22;26;0;0;25;0;37;0;47;0;0;0;23;12;0;25;0;30;0;0;11;0
24.05.2017;22;0;25;29;25;0;49;0;35;0;23;0;52;0;0;28;0;35;0;44;0;0;0;23;12;0;24;0;26;0;0;11;0
24.05.2017;23;0;15;16;21;0;39;0;31;0;18;0;37;0;0;15;0;36;0;41;0;0;0;13;24;0;18;0;18;0;0;17;0
24.05.2017;24;0;9;8;20;0;30;0;19;0;12;0;9;0;0;12;0;12;0;20;0;0;0;14;13;0;13;0;17;0;0;13;0
25.05.2017;1;0;8;5;15;0;24;0;13;0;16;0;9;0;0;28;0;7;0;13;0;0;0;21;13;0;7;0;25;0;0;11;0
25.05.2017;2;0;4;5;32;0;31;0;22;0;19;0;18;0;0;22;0;17;0;25;0;0;0;14;27;0;16;0;22;0;0;20;0
25.05.2017;3;0;5;12;26;0;27;0;18;0;24;0;19;0;0;25;0;20;0;22;0;1;0;16;28;0;15;0;27;0;0;14;0
25.05.2017;4;0;10;20;31;9;32;3;25;4;34;5;28;0;0;35;0;34;0;48;13;0;0;19;27;0;13;0;30;0;0;26;0
25.05.2017;5;0;24;33;42;32;31;24;34;36;30;39;21;0;11;31;0;35;0;54;22;0;0;14;18;0;24;8;24;0;0;21;0
25.05.2017;6;0;31;43;49;53;37;32;34;46;37;41;23;0;14;28;0;28;0;33;10;1;0;25;12;0;33;18;16;0;0;14;0
25.05.2017;7;0;28;48;44;64;36;32;34;50;36;34;21;0;28;37;1;30;0;32;0;0;0;32;21;0;36;14;35;0;0;11;2
25.05.2017;8;0;38;46;48;57;42;33;47;42;36;32;15;0;23;29;27;31;0;35;0;1;0;36;21;0;39;11;34;0;0;13;3
25.05.2017;9;0;30;32;26;35;25;30;33;35;29;27;12;0;34;18;37;26;0;39;0;0;0;37;15;11;36;14;24;0;0;30;0
25.05.2017;10;0;24;34;34;57;36;40;28;48;37;30;14;0;33;25;31;22;0;24;0;2;6;24;15;17;39;22;22;0;0;33;2
25.05.2017;11;1;27;35;40;46;37;51;38;52;36;16;3;0;37;28;26;21;0;29;0;0;21;14;15;14;32;24;29;0;0;33;2
25.05.2017;12;0;30;39;47;57;46;42;36;48;37;27;12;0;34;27;29;20;0;19;0;1;21;23;14;16;24;14;30;0;0;23;3
25.05.2017;13;0;29;45;53;67;55;48;39;39;39;25;19;0;32;24;29;24;0;29;0;0;18;36;11;10;20;19;32;17;0;22;0
25.05.2017;14;0;41;40;44;66;49;52;44;40;34;27;14;0;22;20;26;26;0;33;0;0;32;27;17;12;19;25;31;27;0;17;3
25.05.2017;15;0;33;30;41;46;40;55;41;53;23;30;18;0;29;28;37;35;0;42;0;0;26;23;18;14;32;30;37;19;0;21;2
25.05.2017;16;0;29;35;50;43;52;43;31;36;26;33;31;0;28;32;22;30;0;41;0;1;15;28;29;3;30;22;29;0;0;21;2
25.05.2017;17;0;36;36;44;57;45;26;36;31;31;36;24;0;14;39;3;30;0;33;0;0;4;42;17;0;30;29;13;0;0;16;1
25.05.2017;18;0;25;43;50;60;47;30;30;26;32;35;29;0;13;36;0;38;0;44;0;1;0;40;20;0;34;28;11;0;0;19;0
25.05.2017;19;0;22;43;48;53;42;27;28;39;32;42;36;0;24;50;0;35;0;40;0;2;0;33;15;0;40;34;14;0;0;25;0
25.05.2017;20;0;29;43;50;46;37;27;32;33;27;43;38;0;7;39;0;41;0;44;0;1;0;28;9;0;25;13;30;0;0;19;2
25.05.2017;21;0;18;41;41;39;34;18;20;30;28;32;32;0;0;35;0;38;0;50;0;0;0;18;13;0;37;0;32;0;0;18;1
25.05.2017;22;0;28;34;25;0;37;0;38;0;32;0;34;0;0;26;0;28;0;38;0;0;0;15;12;0;25;0;28;0;0;16;1
25.05.2017;23;0;16;19;25;0;35;0;28;0;12;0;32;0;0;22;0;33;0;44;0;0;0;10;18;0;22;0;17;0;0;18;1
25.05.2017;24;0;11;11;13;0;20;0;23;0;12;0;7;0;0;12;0;11;0;25;0;0;0;9;9;0;22;0;12;0;0;13;1
26.05.2017;1;0;10;9;14;0;24;0;15;0;11;0;9;0;0;18;0;7;0;12;0;1;0;19;10;0;12;0;16;0;0;9;0
26.05.2017;2;0;7;7;28;0;27;0;22;0;22;0;17;0;0;22;0;20;0;25;0;0;0;14;28;0;10;0;27;0;0;19;0
26.05.2017;3;0;7;9;26;0;23;0;16;0;16;0;26;0;0;19;0;34;0;36;0;1;0;22;31;0;13;0;17;0;0;16;0
26.05.2017;4;0;9;19;30;0;26;0;29;0;42;0;31;0;0;36;0;31;11;39;14;0;0;15;29;0;18;4;30;0;0;13;2
26.05.2017;5;0;27;27;47;27;25;18;37;37;31;32;29;0;8;38;0;34;16;36;23;0;0;16;13;0;17;12;17;0;0;11;0
26.05.2017;6;0;32;44;48;51;45;31;37;51;37;31;28;0;16;28;0;31;7;34;11;1;0;28;8;0;30;15;22;0;0;12;0
26.05.2017;7;0;28;46;45;68;41;28;38;38;33;49;30;0;23;36;5;39;0;37;0;1;0;32;17;0;36;10;33;0;0;8;0
26.05.2017;8;0;30;44;42;54;37;34;38;55;40;38;26;0;16;21;29;38;0;39;0;1;0;31;24;0;30;15;35;0;0;13;0
26.05.2017;9;1;35;50;32;49;28;38;42;45;40;38;30;0;27;23;37;29;0;30;0;0;0;39;29;9;30;22;32;0;0;26;2
26.05.2017;10;0;23;34;34;40;25;26;27;37;30;22;20;0;34;35;31;22;0;24;0;1;0;29;19;21;33;31;25;0;0;33;3
26.05.2017;11;0;23;45;44;53;46;52;27;53;37;29;24;0;34;36;28;14;0;21;0;0;21;34;24;21;33;33;29;0;0;35;1
26.05.2017;12;0;34;43;50;54;45;37;36;51;36;30;19;0;23;27;34;20;0;17;0;1;15;22;17;18;26;25;35;0;0;19;0
26.05.2017;13;0;36;37;48;60;49;48;42;38;28;26;13;0;31;31;31;29;0;34;0;0;14;32;21;10;30;22;29;0;0;26;0
26.05.2017;14;0;37;32;43;58;42;40;38;41;33;26;19;0;22;24;25;27;0;41;0;1;23;28;27;1;44;22;26;0;0;15;1
26.05.2017;15;0;33;40;45;70;49;48;34;44;36;34;23;0;41;31;31;31;0;44;0;1;16;24;44;0;48;27;37;0;0;37;3
26.05.2017;16;1;44;38;50;63;50;50;48;54;36;51;29;0;27;35;30;41;0;46;0;1;9;29;33;0;40;26;34;0;0;23;2
26.05.2017;17;0;33;43;53;64;46;39;31;36;39;47;30;0;14;39;5;38;0;40;0;0;12;36;24;0;40;19;14;0;0;12;0
26.05.2017;18;1;22;46;48;62;39;34;32;42;33;41;27;0;22;43;0;40;0;42;0;1;0;40;18;0;42;19;16;0;0;20;0
26.05.2017;19;0;23;37;50;61;46;31;32;46;31;31;17;0;20;44;0;31;0;46;0;1;0;29;16;0;43;25;10;0;0;24;0
26.05.2017;20;0;23;41;49;52;40;33;40;39;32;37;26;0;16;44;0;41;0;41;0;1;0;32;14;0;32;16;22;0;0;27;0
26.05.2017;21;0;26;40;34;11;33;14;38;19;33;19;25;0;0;31;0;30;0;39;0;0;0;24;13;0;31;0;24;0;0;19;0
26.05.2017;22;0;29;43;28;0;42;0;33;0;33;0;45;0;0;26;0;35;0;35;0;0;0;10;9;0;28;0;26;0;0;15;0
26.05.2017;23;0;20;18;19;0;35;0;23;0;21;0;30;0;0;22;0;40;0;48;0;0;0;13;20;0;26;0;22;0;0;19;0
26.05.2017;24;0;8;14;20;0;24;0;18;0;17;0;11;0;0;20;0;13;0;24;0;0;0;8;13;0;16;0;19;0;0;15;0
27.05.2017;1;0;7;16;14;0;24;0;21;0;15;0;9;0;0;28;0;7;0;14;0;1;0;24;21;0;11;0;20;0;0;16;0
27.05.2017;2;0;9;6;34;0;39;0;33;0;14;0;17;0;0;29;0;22;0;32;0;0;0;20;33;0;13;0;25;0;0;26;0
27.05.2017;3;0;5;12;30;0;28;0;27;0;20;0;28;0;0;31;0;36;0;38;0;1;0;27;42;0;14;0;21;0;0;25;0
27.05.2017;4;0;11;26;36;1;25;2;31;3;41;2;29;0;0;37;0;45;0;43;0;0;0;27;33;0;15;0;28;0;0;21;1
27.05.2017;5;0;23;31;45;32;22;21;37;37;32;31;25;0;17;31;0;49;0;49;0;0;0;15;15;0;24;11;23;0;0;15;0
27.05.2017;6;0;26;39;47;46;31;28;34;43;34;36;26;0;18;34;0;40;0;32;0;1;0;21;7;0;24;12;26;0;0;15;1
27.05.2017;7;0;25;47;41;54;34;28;27;42;36;40;27;0;23;37;0;29;0;35;0;0;0;28;18;0;27;17;27;0;0;8;4
27.05.2017;8;0;35;47;41;59;42;32;36;41;40;31;30;0;16;40;0;31;0;42;0;0;0;31;30;0;30;11;35;0;0;12;1
27.05.2017;9;0;26;35;29;43;28;24;27;29;28;0;27;0;28;44;16;22;0;36;0;0;0;35;28;0;29;14;27;0;0;22;1
27.05.2017;10;0;22;41;38;48;36;37;25;28;31;0;28;0;36;36;28;22;0;29;0;1;0;29;24;0;30;20;20;0;0;31;2
27.05.2017;11;0;26;39;42;44;40;48;34;47;36;0;40;0;29;27;32;28;0;34;0;0;0;42;39;0;32;26;34;0;0;26;3
27.05.2017;12;0;29;35;53;54;57;45;41;45;33;0;38;0;30;30;28;29;0;33;0;0;6;37;29;2;22;23;31;5;0;20;2
27.05.2017;13;0;28;40;47;59;49;46;41;43;35;0;29;0;30;29;27;24;0;33;0;2;16;35;18;13;18;23;26;16;0;20;1
27.05.2017;14;0;24;34;43;52;39;36;29;39;30;0;32;0;19;26;15;25;0;36;0;1;22;37;19;12;31;23;19;20;0;15;0
27.05.2017;15;0;23;36;47;52;41;31;28;57;41;11;40;0;26;27;26;27;0;38;0;0;21;25;17;17;23;24;33;22;0;24;0
27.05.2017;16;0;28;41;48;62;50;22;32;50;43;30;16;0;30;41;20;25;0;33;0;1;15;25;23;5;28;25;32;12;0;20;0
27.05.2017;17;0;33;38;45;51;39;39;39;39;34;40;26;0;12;24;15;37;0;36;0;0;18;24;19;0;22;23;13;1;0;16;0
27.05.2017;18;0;18;41;47;50;41;23;22;36;37;36;28;0;18;32;6;35;0;35;0;1;16;26;17;0;23;17;12;0;0;17;0
27.05.2017;19;0;26;35;41;52;36;24;22;31;28;37;33;0;22;48;0;25;0;32;0;1;3;30;10;0;33;26;17;0;0;26;0
27.05.2017;20;0;26;36;51;44;35;27;25;30;27;54;44;0;17;43;0;43;0;38;0;1;0;25;11;0;25;17;18;0;0;21;0
27.05.2017;21;0;20;36;36;9;33;5;27;3;36;14;33;0;0;22;0;40;0;44;0;0;0;13;16;0;22;0;22;0;0;12;0
27.05.2017;22;0;24;30;25;0;27;0;20;0;26;0;39;0;0;32;0;35;0;38;0;0;0;12;18;0;15;0;35;0;0;14;0
27.05.2017;23;0;12;22;23;0;20;0;28;0;25;0;28;0;0;29;0;26;0;32;0;0;0;15;18;0;17;0;26;0;0;19;0
27.05.2017;24;0;10;19;17;0;21;0;21;0;16;0;14;0;0;14;0;11;0;20;0;0;0;8;16;0;13;0;15;0;0;13;0
28.05.2017;1;0;9;14;12;0;22;0;21;0;15;0;7;0;0;23;0;4;0;14;0;0;0;26;17;0;19;0;20;0;0;10;0
28.05.2017;2;0;6;10;31;0;37;0;24;0;23;0;15;0;0;30;0;15;0;29;0;1;0;18;25;0;23;0;31;0;0;20;0
28.05.2017;3;0;6;13;27;0;33;0;25;0;20;0;21;0;0;27;0;20;0;34;0;1;0;19;31;0;23;0;26;0;0;17;0
28.05.2017;4;0;8;20;34;5;36;3;14;3;24;4;27;0;0;31;0;22;6;35;3;0;0;8;27;0;25;1;26;0;0;17;0
28.05.2017;5;0;22;28;41;39;43;20;21;37;27;29;22;0;8;43;0;28;12;29;11;0;0;10;14;0;28;8;25;0;0;10;0
28.05.2017;6;0;25;31;45;51;37;25;23;35;25;31;26;0;22;31;0;25;4;27;4;1;0;18;6;0;29;11;19;0;0;15;0
28.05.2017;7;1;20;33;46;51;39;27;29;41;35;34;26;0;32;39;2;23;0;36;0;0;0;29;15;0;29;7;30;0;0;13;0
28.05.2017;8;1;32;41;42;56;47;28;36;39;43;31;28;0;27;25;24;27;0;33;0;2;0;33;22;0;34;11;26;0;0;15;0
28.05.2017;9;0;27;33;29;47;32;29;31;41;40;25;13;0;30;26;33;28;0;37;0;0;14;32;27;2;20;17;28;15;0;26;0
28.05.2017;10;0;24;33;41;43;43;31;28;37;34;4;22;0;35;30;33;16;0;19;0;1;8;24;12;10;18;20;25;15;0;29;0
28.05.2017;11;0;20;44;36;53;36;49;38;55;46;0;31;0;30;25;40;12;0;16;0;0;14;24;15;14;21;23;29;20;0;25;0
28.05.2017;12;1;24;42;46;58;40;37;26;45;38;0;23;0;25;23;31;14;0;16;0;1;13;23;13;18;23;15;23;11;0;17;0
28.05.2017;13;1;34;40;47;73;47;36;34;44;27;0;31;0;32;27;28;24;0;37;0;0;16;37;13;11;27;21;32;26;0;24;0
28.05.2017;14;0;28;30;44;66;45;38;31;41;24;0;19;0;22;21;23;16;0;28;0;0;27;38;16;8;24;15;27;21;0;13;0
28.05.2017;15;0;29;31;43;53;38;45;34;55;27;2;27;0;39;31;35;17;0;20;0;0;27;23;23;11;24;32;35;20;0;22;0
28.05.2017;16;0;28;32;53;57;50;39;36;49;28;29;26;0;23;33;28;29;0;36;0;1;11;20;25;5;27;29;22;17;0;12;0
28.05.2017;17;0;36;36;47;48;43;32;35;36;30;44;28;0;13;36;7;39;0;36;0;0;11;22;24;0;22;25;17;2;0;14;0
28.05.2017;18;0;20;49;42;51;37;26;17;31;39;36;27;0;18;40;0;35;0;41;0;1;23;18;20;0;25;21;15;0;0;11;0
28.05.2017;19;0;19;41;46;56;39;30;25;41;34;36;21;0;25;53;0;30;0;32;0;1;15;23;8;0;25;30;19;0;0;23;0
28.05.2017;20;1;28;38;45;60;45;27;36;40;29;62;26;0;7;46;0;50;0;43;0;1;0;34;9;0;29;16;23;0;0;18;0
28.05.2017;21;0;24;44;39;54;40;33;23;36;44;42;10;0;0;30;0;32;0;39;0;0;0;30;19;0;26;1;26;0;0;20;0
28.05.2017;22;0;31;36;26;5;39;1;45;7;47;6;40;0;0;38;0;35;0;42;0;0;0;20;18;0;23;0;34;0;0;17;0
28.05.2017;23;0;23;22;17;0;34;0;40;0;30;0;31;0;0;31;0;38;0;43;0;0;0;13;19;0;21;0;20;0;0;22;0
28.05.2017;24;0;9;21;24;0;30;0;31;0;27;0;9;0;0;22;0;9;0;23;0;0;0;11;18;0;17;0;22;0;0;13;0
29.05.2017;1;0;10;13;19;0;28;0;19;0;19;0;15;0;0;32;0;13;0;23;0;0;0;25;14;0;16;0;29;0;0;6;0
29.05.2017;2;0;8;9;33;0;40;0;20;0;17;0;20;0;0;31;0;12;0;24;0;0;0;23;25;0;21;0;28;0;0;19;0
29.05.2017;3;0;6;13;30;0;27;0;15;0;19;0;21;0;0;24;0;20;0;28;0;1;0;16;24;0;18;0;18;0;0;12;0
29.05.2017;4;0;8;19;28;10;23;6;18;6;25;7;25;0;0;31;0;31;9;42;9;0;0;15;16;0;20;0;25;0;0;15;0
29.05.2017;5;0;26;32;41;35;40;33;32;39;31;38;26;0;8;28;0;34;12;39;21;0;0;14;13;0;19;3;32;0;0;16;0
29.05.2017;6;0;29;43;50;49;38;31;33;54;41;25;14;0;21;36;0;23;0;26;7;1;0;24;7;0;32;12;29;6;0;18;2
29.05.2017;7;0;28;48;44;54;43;30;33;35;37;27;14;0;24;38;0;28;0;30;0;0;0;28;15;0;16;11;27;20;0;13;0
29.05.2017;8;0;38;42;46;58;45;35;48;41;35;37;17;0;22;31;23;30;0;37;0;1;0;30;23;0;14;8;39;21;0;12;1
29.05.2017;9;0;26;43;38;53;32;26;30;34;31;28;26;0;38;28;35;22;0;32;0;0;8;34;23;9;12;21;30;16;0;25;5
29.05.2017;10;0;24;37;34;38;31;36;30;42;32;25;20;0;48;30;36;20;0;25;0;1;8;21;13;10;16;21;36;15;0;30;1
29.05.2017;11;0;18;42;44;40;37;48;26;52;38;18;17;0;39;26;38;10;0;12;0;0;20;15;15;14;21;25;37;10;0;24;1
29.05.2017;12;0;24;37;47;50;38;45;38;46;28;29;20;0;39;21;28;22;0;27;0;2;20;27;18;13;24;18;31;16;0;20;4
29.05.2017;13;1;25;35;37;42;32;41;33;36;29;28;32;0;36;24;29;27;0;39;0;0;21;28;11;7;25;19;26;25;0;20;4
29.05.2017;14;1;39;34;44;51;43;32;42;43;36;30;12;0;18;19;19;22;0;30;0;0;28;33;16;11;26;20;19;17;0;16;0
29.05.2017;15;0;31;32;51;52;48;42;34;47;26;29;13;0;32;27;27;23;0;33;0;0;22;26;14;19;33;26;33;4;0;29;1
29.05.2017;16;0;31;39;51;56;46;40;37;41;32;35;25;0;26;34;24;26;0;37;0;0;11;20;18;4;34;20;33;0;0;16;0
29.05.2017;17;0;31;33;45;52;37;25;35;35;30;38;23;0;16;29;17;35;0;35;0;0;1;33;18;0;18;26;21;0;0;17;0
29.05.2017;18;0;18;40;40;49;34;21;23;36;36;37;22;0;16;28;0;37;0;40;0;1;0;40;14;0;24;17;19;0;0;16;0
29.05.2017;19;0;22;41;44;52;40;32;26;29;28;37;22;0;21;38;0;29;0;35;0;1;0;30;12;0;31;23;19;0;0;25;0
29.05.2017;20;1;26;39;50;62;55;40;39;27;23;53;28;0;14;34;0;45;0;47;0;1;0;29;5;0;23;21;19;0;0;18;0
29.05.2017;21;0;23;37;33;20;29;18;33;18;32;24;28;0;0;23;0;27;0;37;0;0;0;14;11;0;15;0;30;0;0;10;2
29.05.2017;22;0;21;33;23;0;40;0;37;0;31;0;39;0;0;30;0;29;0;31;0;0;0;15;10;0;17;0;33;0;0;9;0
29.05.2017;23;0;14;25;22;0;40;0;24;0;23;0;33;0;0;23;0;30;0;41;0;0;0;11;18;0;17;0;20;0;0;15;0
29.05.2017;24;0;8;17;18;0;27;0;18;0;23;0;10;0;0;20;0;7;0;14;0;0;0;7;13;0;16;0;21;0;0;11;0
30.05.2017;1;0;11;5;12;0;26;0;19;0;12;0;5;0;0;23;0;3;0;9;0;0;0;19;13;0;8;0;20;0;0;8;0
30.05.2017;2;0;9;4;27;0;29;0;23;0;10;0;10;0;0;22;0;15;0;24;0;0;0;14;20;0;23;0;22;0;0;14;0
30.05.2017;3;0;4;11;24;0;23;0;14;0;20;0;22;0;0;22;0;22;0;26;0;1;0;16;28;0;19;0;22;0;0;15;0
30.05.2017;4;0;8;22;34;7;35;2;20;8;33;8;19;0;5;34;0;26;8;30;8;0;0;17;21;0;21;6;22;0;0;9;0
30.05.2017;5;0;23;34;37;29;28;31;36;42;33;40;26;0;19;37;0;30;16;34;21;0;0;17;14;0;21;14;22;0;0;12;0
30.05.2017;6;0;30;41;46;52;40;26;34;43;38;40;25;0;13;33;0;28;6;23;7;1;0;23;8;0;31;17;18;0;0;10;0
30.05.2017;7;0;26;49;41;54;34;27;27;43;44;32;30;0;22;34;0;27;0;32;0;0;0;28;16;0;32;15;35;0;0;12;2
30.05.2017;8;0;47;48;47;63;50;27;38;51;45;37;36;0;24;29;29;24;0;29;0;1;0;35;18;0;31;16;37;0;0;14;1
30.05.2017;9;0;26;37;29;49;28;27;29;37;37;27;22;0;36;30;40;30;0;34;0;0;0;41;27;0;32;12;29;0;0;28;3
30.05.2017;10;0;28;39;40;50;41;35;25;43;40;23;23;0;42;33;32;16;0;23;0;0;0;30;19;4;38;22;25;0;0;30;2
30.05.2017;11;0;27;40;34;40;30;49;24;47;41;27;20;0;37;36;31;19;0;26;0;0;0;36;17;21;33;23;40;0;0;30;2
30.05.2017;12;0;21;37;49;48;42;32;24;48;34;23;20;0;26;30;24;18;0;25;0;0;0;42;13;14;30;20;30;0;0;17;2
30.05.2017;13;0;30;38;47;60;47;40;25;51;33;26;24;0;28;39;25;23;0;34;0;0;16;45;20;11;29;31;34;0;0;20;0
30.05.2017;14;1;26;34;46;59;39;38;28;52;33;25;11;0;27;30;21;18;0;34;0;0;25;31;16;12;41;26;30;0;0;14;0
30.05.2017;15;0;34;32;40;43;33;41;43;52;37;34;20;0;30;35;27;26;0;31;0;0;18;23;12;12;35;30;39;0;0;23;2
30.05.2017;16;1;36;34;45;51;36;35;42;46;33;32;25;0;28;35;29;28;0;32;0;1;13;22;18;7;35;30;38;0;0;14;1
30.05.2017;17;0;30;35;44;60;44;36;29;40;32;51;35;0;19;37;13;45;0;42;0;0;21;24;19;1;21;26;19;0;0;18;3
30.05.2017;18;0;24;44;47;52;42;24;30;47;36;35;28;0;19;39;0;36;0;44;0;0;13;27;16;0;23;24;20;0;0;16;2
30.05.2017;19;0;23;41;53;51;39;31;25;41;31;42;39;0;23;48;0;36;0;41;0;2;1;40;11;0;26;26;14;0;0;26;1
30.05.2017;20;2;27;44;52;52;41;23;27;31;29;57;43;0;0;41;0;42;0;43;6;1;0;31;16;0;22;6;37;0;0;15;0
30.05.2017;21;0;21;37;34;11;41;6;27;8;27;20;41;0;0;29;0;38;0;43;0;0;0;18;13;0;24;0;23;0;0;17;0
30.05.2017;22;0;23;36;26;0;35;0;22;0;39;0;54;0;0;26;0;41;0;36;0;0;0;14;14;0;19;0;31;0;0;11;0
30.05.2017;23;0;15;19;19;0;24;0;19;0;27;0;30;0;0;24;0;30;0;35;0;0;0;12;21;0;16;0;26;0;0;17;0
30.05.2017;24;0;8;8;14;0;17;0;17;0;14;0;11;0;0;17;0;10;0;14;0;0;0;11;18;0;16;0;14;0;0;12;0
31.05.2017;1;0;12;11;19;0;28;0;18;0;12;0;8;0;0;23;0;5;0;11;0;0;0;25;12;0;17;0;16;0;0;12;0
31.05.2017;2;0;5;8;30;0;23;0;23;0;14;0;9;0;0;22;0;13;0;22;0;2;0;20;20;0;20;0;18;0;0;17;0
31.05.2017;3;0;5;12;28;0;32;0;21;0;20;0;22;0;0;34;0;21;0;30;0;1;0;22;21;0;23;0;21;0;0;13;0
31.05.2017;4;0;9;22;31;5;35;7;26;7;30;6;27;0;0;46;0;26;0;44;15;0;0;18;31;0;22;0;31;0;0;22;0
31.05.2017;5;0;24;29;40;36;35;21;29;31;25;36;30;0;12;35;0;26;0;47;26;0;0;20;16;0;32;5;26;0;0;18;0
31.05.2017;6;0;37;44;53;62;44;31;37;49;43;36;26;0;16;28;0;23;0;23;7;1;0;23;12;0;38;13;24;0;0;16;0
31.05.2017;7;0;20;48;44;58;40;30;20;44;43;36;22;0;23;37;0;29;0;36;0;0;0;25;20;1;37;10;34;0;0;12;0
31.05.2017;8;0;38;46;44;63;47;38;44;48;47;33;23;0;20;24;16;29;0;32;0;1;0;31;15;9;39;12;32;0;0;14;0
31.05.2017;9;0;27;39;30;42;28;30;32;41;38;25;11;0;32;33;34;25;0;30;0;0;0;37;21;15;30;19;24;0;0;23;1
31.05.2017;10;0;24;40;35;49;31;33;29;37;33;15;13;0;42;31;30;15;0;24;0;1;10;27;19;24;41;19;20;0;0;40;1
31.05.2017;11;0;22;39;45;42;35;51;36;43;30;21;18;0;34;29;27;17;0;17;0;0;21;28;19;18;30;23;31;0;0;35;0
31.05.2017;12;0;32;43;48;57;42;50;42;40;34;18;16;0;27;31;25;17;0;19;0;1;19;25;21;17;31;24;28;0;0;20;1
31.05.2017;13;0;30;38;43;71;42;41;39;31;32;21;12;0;35;48;0;16;0;27;0;0;18;30;18;10;40;21;23;11;0;22;0
31.05.2017;14;0;32;36;45;63;47;40;34;38;34;24;17;0;17;33;0;22;0;32;0;0;34;23;12;10;29;21;18;26;0;9;1
31.05.2017;15;0;30;42;44;58;42;42;33;46;42;34;14;0;29;59;0;37;0;42;0;0;27;18;13;18;25;21;26;17;0;22;1
31.05.2017;16;0;31;36;50;66;47;45;43;46;40;33;16;0;25;51;0;30;0;35;0;1;19;23;20;0;36;27;30;12;0;20;2
31.05.2017;17;0;30;39;51;67;51;34;38;34;32;47;23;0;16;44;0;42;0;46;0;1;12;39;20;0;35;25;18;2;0;18;1
31.05.2017;18;0;28;41;46;53;42;36;31;33;40;44;17;0;13;31;0;43;0;46;0;0;0;35;17;0;39;22;14;0;0;17;0
31.05.2017;19;0;17;46;48;57;40;36;25;36;43;39;21;0;21;44;0;35;0;48;0;2;0;36;11;0;29;27;14;0;0;24;1
31.05.2017;20;0;28;50;49;57;49;40;39;35;49;48;22;0;8;31;0;43;0;43;0;2;0;40;14;0;25;13;27;0;0;19;0
31.05.2017;21;0;23;46;36;20;41;20;32;15;49;21;21;0;0;32;0;30;0;41;0;0;0;22;19;0;30;0;29;0;0;17;0
31.05.2017;22;0;26;33;23;0;38;0;37;0;44;0;38;0;0;35;0;33;0;39;0;0;0;15;17;0;25;0;30;0;0;19;0
31.05.2017;23;0;19;19;23;0;37;0;35;0;28;0;37;0;0;26;0;36;0;46;0;0;0;11;24;0;26;0;25;0;0;26;0
31.05.2017;24;0;7;17;20;0;25;0;21;0;18;0;11;0;0;16;0;13;0;19;0;0;0;15;16;0;16;0;18;0;0;10;0
