01.10.2017;1;0;8;16;16;0;19;0;25;0;15;0;12;0;0;22;0;8;0;22;0;0;0;22;18;0;19;0;21;0;0;10;0
01.10.2017;2;0;8;8;28;0;33;0;28;0;12;0;14;0;0;28;0;17;0;32;0;0;0;33;29;0;18;0;23;0;0;18;0
01.10.2017;3;0;7;18;36;0;36;0;29;0;27;0;23;0;0;24;0;26;0;37;0;0;0;18;32;0;17;0;24;0;0;14;0
01.10.2017;4;0;8;23;42;5;33;1;28;3;33;5;33;0;0;36;0;28;8;40;10;0;0;19;31;0;23;0;32;0;0;16;1
01.10.2017;5;0;26;34;41;34;37;21;27;43;30;32;28;0;7;42;0;26;14;37;19;0;0;12;10;0;26;6;32;0;0;15;0
01.10.2017;6;0;28;33;52;51;42;25;29;53;33;39;25;0;24;38;0;28;2;34;7;0;0;19;9;0;33;15;27;0;0;17;0
01.10.2017;7;0;21;38;43;54;36;29;28;45;38;7;25;0;25;41;0;23;0;34;0;0;0;27;22;0;33;10;34;0;0;13;1
01.10.2017;8;0;28;43;42;48;41;24;34;43;47;0;33;0;20;20;35;29;0;38;0;0;0;27;19;0;23;9;32;8;0;7;0
01.10.2017;9;0;28;44;33;52;38;42;43;45;48;0;29;0;36;35;35;31;0;42;0;0;5;32;20;21;17;16;32;14;0;32;0
01.10.2017;10;0;26;44;48;58;48;41;28;38;39;0;24;0;48;32;39;19;0;21;0;0;14;26;17;25;17;19;18;13;0;44;0
01.10.2017;11;0;23;48;46;48;39;49;37;46;39;0;27;0;29;27;26;18;0;25;0;0;21;32;18;26;18;20;27;16;0;36;0
01.10.2017;12;0;25;42;55;46;44;38;34;41;34;0;30;0;30;28;32;21;0;25;0;0;18;34;16;23;21;17;30;11;0;24;1
01.10.2017;13;0;34;38;48;69;51;44;33;38;31;0;28;0;34;33;23;25;0;36;0;0;20;39;18;8;22;19;26;22;0;26;1
01.10.2017;14;0;32;31;50;74;49;43;34;45;30;0;26;0;26;23;33;18;0;26;0;0;29;40;19;14;29;20;26;21;0;24;0
01.10.2017;15;0;35;33;56;64;49;41;35;53;24;0;35;0;36;27;35;25;0;31;0;0;32;28;20;19;24;31;35;18;0;30;0
01.10.2017;16;0;35;37;53;62;46;37;38;38;33;34;31;0;27;32;27;40;0;42;0;0;24;26;21;13;26;24;28;19;0;20;0
01.10.2017;17;0;37;42;51;56;40;31;37;37;43;46;29;0;17;42;12;42;0;44;0;0;22;22;28;0;16;23;26;10;0;23;0
01.10.2017;18;0;22;51;61;64;51;28;27;29;40;38;29;0;21;46;0;37;0;41;0;0;21;25;22;0;25;18;21;9;0;19;0
01.10.2017;19;0;26;40;50;49;36;31;30;32;26;37;32;0;30;53;0;34;0;31;0;0;19;28;16;0;28;23;24;0;0;28;0
01.10.2017;20;0;38;41;48;42;39;34;40;36;32;47;43;0;23;56;0;47;0;45;0;0;2;35;15;0;26;27;21;0;0;30;0
01.10.2017;21;0;23;37;36;17;35;18;26;19;33;24;29;0;0;33;0;27;0;37;0;0;0;21;13;0;21;0;31;0;0;21;0
01.10.2017;22;0;25;38;34;0;43;0;46;0;45;0;47;0;0;32;0;34;0;33;0;0;0;20;17;0;25;0;41;0;0;13;0
01.10.2017;23;0;18;24;28;0;27;0;32;0;31;0;35;0;0;34;0;33;0;41;0;0;0;17;32;0;15;0;26;0;0;23;0
01.10.2017;24;0;11;17;19;0;20;0;22;0;18;0;15;0;0;24;0;15;0;26;0;0;0;10;14;0;15;0;15;0;0;15;0
02.10.2017;1;0;8;17;17;0;23;0;24;0;24;0;9;0;0;27;0;9;0;13;0;0;0;29;15;0;12;0;23;0;0;9;0
02.10.2017;2;0;14;6;31;0;32;0;27;0;17;0;18;0;0;33;0;21;0;35;0;0;0;24;24;0;15;0;28;0;0;26;0
02.10.2017;3;0;8;16;34;0;45;0;23;0;22;0;27;0;0;29;0;27;0;37;0;0;0;26;27;0;20;0;20;0;0;17;0
02.10.2017;4;0;9;26;38;7;36;4;19;12;33;10;32;0;0;38;0;39;0;51;2;0;0;21;29;0;16;0;26;0;0;21;1
02.10.2017;5;0;27;36;43;36;36;27;37;58;35;44;27;0;21;38;0;33;0;49;20;0;0;21;15;0;20;16;32;0;0;20;0
02.10.2017;6;0;32;45;56;53;47;34;38;56;38;35;24;0;26;45;0;29;0;35;3;0;0;29;9;0;35;15;33;3;0;16;1
02.10.2017;7;0;31;48;41;55;39;34;35;51;37;30;22;0;27;54;0;30;0;35;0;0;0;25;15;0;16;17;44;19;0;9;2
02.10.2017;8;0;35;35;50;57;48;34;40;42;30;39;24;0;19;39;18;40;0;36;0;0;0;30;22;2;17;9;35;21;0;10;1
02.10.2017;9;0;26;31;31;50;35;34;27;37;30;25;18;0;35;28;46;30;0;35;0;0;10;47;22;10;19;17;29;12;0;32;0
02.10.2017;10;0;21;42;40;31;36;32;26;36;39;30;19;0;40;29;44;25;0;23;0;0;20;25;31;13;15;21;19;13;0;40;0
02.10.2017;11;0;16;48;42;53;43;38;25;46;39;29;22;0;31;27;29;17;0;23;0;0;22;30;20;12;24;23;25;23;0;32;1
02.10.2017;12;0;27;38;53;58;46;32;32;40;29;24;20;0;26;28;30;24;0;26;0;0;14;25;10;12;23;19;28;14;0;20;0
02.10.2017;13;0;33;40;50;67;43;38;37;38;33;25;24;0;30;25;31;28;0;41;0;0;19;32;10;4;24;20;30;27;0;26;1
02.10.2017;14;0;27;34;45;59;39;38;31;44;36;27;14;0;26;22;35;25;0;38;0;0;25;33;34;0;24;32;26;21;0;24;3
02.10.2017;15;0;27;36;51;54;44;39;32;65;34;32;25;0;22;24;33;30;0;32;0;0;22;29;30;0;34;40;30;20;0;24;3
02.10.2017;16;0;27;43;51;58;45;27;29;49;41;38;27;0;25;33;26;37;0;36;0;0;3;37;14;0;33;24;28;0;0;15;2
02.10.2017;17;0;31;37;50;58;46;28;33;33;38;37;26;0;20;44;1;39;0;36;0;0;0;41;24;0;22;24;21;0;0;16;1
02.10.2017;18;0;16;49;50;47;42;24;19;36;40;30;32;0;17;38;0;37;0;37;0;0;0;34;19;0;20;20;22;0;0;18;0
02.10.2017;19;0;21;33;43;50;39;27;28;33;29;35;23;0;14;43;0;36;0;36;0;0;0;33;7;0;31;25;15;0;0;18;0
02.10.2017;20;0;33;39;54;60;40;41;31;26;34;58;30;0;21;51;0;47;0;44;0;0;0;30;11;0;31;27;16;0;0;21;0
02.10.2017;21;0;28;41;39;30;36;28;28;29;37;26;20;0;5;27;0;30;0;36;0;0;0;14;12;0;22;11;27;0;0;12;0
02.10.2017;22;0;25;31;30;0;31;0;35;0;39;0;43;0;0;29;0;32;0;33;0;0;0;13;10;0;21;0;32;0;0;11;0
02.10.2017;23;0;17;21;26;0;34;0;32;0;24;0;34;0;0;25;0;27;0;43;0;0;0;16;24;0;13;0;28;0;0;17;0
02.10.2017;24;0;10;12;19;0;27;0;19;0;15;0;13;0;0;18;0;12;0;20;0;0;0;10;12;0;18;0;19;0;0;10;0
03.10.2017;1;0;11;10;12;0;23;0;14;0;18;0;8;0;0;26;0;8;0;18;0;0;0;22;8;0;18;0;25;0;0;9;0
03.10.2017;2;0;5;8;28;0;27;0;15;0;21;0;16;0;0;21;0;14;0;25;0;0;0;20;20;0;21;0;26;0;0;13;0
03.10.2017;3;0;2;12;27;0;31;0;11;0;17;0;28;0;0;20;0;27;0;28;0;0;0;14;22;0;12;0;16;0;0;17;0
03.10.2017;4;0;11;22;36;9;36;5;27;8;27;16;30;0;6;32;0;23;10;36;9;0;0;20;30;0;16;8;20;0;0;17;0
03.10.2017;5;0;24;30;42;38;45;27;31;41;25;47;32;0;18;36;0;30;20;34;20;0;0;19;15;0;27;13;20;0;0;11;0
03.10.2017;6;0;27;49;52;58;38;31;33;45;47;39;26;0;21;40;0;31;4;36;11;0;0;23;9;0;33;18;30;0;0;13;0
03.10.2017;7;0;32;47;46;53;41;31;41;45;41;34;21;0;26;45;0;32;0;37;0;0;0;28;17;0;34;19;33;0;0;8;2
03.10.2017;8;0;39;42;47;55;44;35;46;38;42;39;21;0;21;32;27;34;0;41;0;0;0;39;22;0;29;19;32;0;0;15;0
03.10.2017;9;1;40;40;36;52;38;33;43;50;41;33;27;0;31;24;45;33;0;39;0;0;0;44;27;0;29;24;31;0;0;25;0
03.10.2017;10;0;24;35;40;41;35;37;28;40;34;19;18;0;43;32;46;20;0;26;0;0;0;35;35;0;26;27;24;0;0;41;0
03.10.2017;11;0;17;53;46;50;40;46;30;44;51;23;18;0;30;28;29;19;0;26;0;0;0;35;33;0;27;20;33;0;0;32;4
03.10.2017;12;0;26;32;50;57;47;39;34;44;31;25;17;0;34;25;39;29;0;30;0;0;13;22;24;0;23;16;35;9;0;20;1
03.10.2017;13;0;26;30;45;58;48;38;35;38;28;25;19;0;29;22;34;29;0;39;0;0;22;22;20;0;23;18;20;12;0;23;1
03.10.2017;14;0;26;30;46;62;47;49;29;41;28;28;14;0;18;13;26;28;0;36;0;0;30;25;37;0;26;21;16;16;0;19;0
03.10.2017;15;0;33;28;40;54;30;54;37;49;22;32;22;0;26;23;30;33;0;38;0;0;25;16;33;0;30;27;30;11;0;22;0
03.10.2017;16;0;31;35;52;58;55;44;41;46;29;33;19;0;25;49;24;34;0;39;0;0;16;17;22;0;27;28;27;0;0;23;0
03.10.2017;17;0;40;35;51;61;44;47;46;45;28;35;21;0;20;49;0;37;0;37;0;0;16;26;17;0;28;23;19;0;0;19;1
03.10.2017;18;2;22;43;58;59;52;24;28;44;45;35;23;0;15;47;0;38;0;40;0;0;0;43;14;0;29;16;20;0;0;13;0
03.10.2017;19;0;31;43;50;55;43;43;40;48;38;42;20;0;21;52;0;42;0;40;0;0;0;35;11;0;28;22;25;0;0;25;1
03.10.2017;20;0;31;36;56;57;55;27;37;31;31;47;20;0;0;46;0;49;0;42;0;0;0;29;21;0;21;5;36;0;0;18;0
03.10.2017;21;0;26;34;33;24;35;24;30;29;34;30;25;0;0;31;0;35;0;41;0;0;0;18;21;0;20;0;37;0;0;16;0
03.10.2017;22;0;23;32;26;0;48;0;32;0;32;0;47;0;0;33;0;34;0;41;0;0;0;13;9;0;21;0;31;0;0;15;0
03.10.2017;23;0;19;18;21;0;26;0;32;0;27;0;21;0;0;28;0;25;0;36;0;0;0;11;24;0;16;0;26;0;0;19;0
03.10.2017;24;0;10;11;18;0;22;0;20;0;14;0;8;0;0;19;0;11;0;22;0;0;0;9;14;0;19;0;18;0;0;14;0
04.10.2017;1;0;8;13;18;0;25;0;23;0;23;0;9;0;0;26;0;5;0;11;0;0;0;22;15;0;12;0;21;0;0;10;0
04.10.2017;2;0;7;6;25;0;29;0;24;0;13;0;11;0;0;28;0;21;0;30;0;0;0;13;27;0;17;0;19;0;0;23;0
04.10.2017;3;0;7;8;32;0;37;0;16;0;13;0;26;0;0;27;0;31;0;34;0;0;0;17;21;0;14;0;14;0;0;16;0
04.10.2017;4;0;13;22;38;6;39;5;26;7;31;9;31;0;3;33;0;34;0;44;1;0;0;21;28;0;17;6;26;0;0;16;0
04.10.2017;5;0;23;32;45;33;35;27;33;47;31;35;21;0;22;39;0;27;0;49;22;0;0;20;10;0;24;16;22;0;0;15;0
04.10.2017;6;2;30;42;55;57;37;37;42;45;40;27;15;0;24;37;0;28;0;30;7;0;0;23;7;0;34;13;30;0;0;16;1
04.10.2017;7;1;22;41;43;55;33;29;33;38;34;5;33;0;26;41;0;31;0;41;0;0;0;29;14;0;32;12;30;0;0;10;1
04.10.2017;8;0;41;47;46;50;43;34;45;44;40;0;43;0;15;36;18;39;0;41;0;0;0;31;21;0;35;17;29;0;0;9;3
04.10.2017;9;1;32;32;40;46;39;40;36;34;30;0;29;0;34;30;38;30;0;33;0;0;0;36;29;0;28;13;23;0;0;27;1
04.10.2017;10;0;25;40;49;48;43;38;36;48;33;0;31;0;37;34;42;23;0;27;0;0;6;30;35;0;23;27;23;3;0;35;1
04.10.2017;11;0;21;47;48;53;40;53;28;55;42;0;28;0;41;31;34;23;0;24;0;0;15;22;30;0;11;22;28;18;0;35;0
04.10.2017;12;0;24;36;54;49;42;32;20;38;28;0;33;0;22;28;23;23;0;18;0;0;12;24;28;0;21;15;27;12;0;18;3
04.10.2017;13;0;26;36;47;54;43;42;31;34;30;0;26;0;37;26;35;26;0;33;0;0;22;25;17;0;16;16;30;14;0;25;2
04.10.2017;14;0;35;31;47;68;49;51;38;33;22;0;38;0;21;21;29;31;0;38;0;0;31;28;35;0;18;24;16;17;0;22;2
04.10.2017;15;0;36;31;48;52;44;36;41;52;26;13;34;0;21;37;17;34;0;45;0;0;26;21;32;0;30;34;29;22;0;19;3
04.10.2017;16;0;35;42;49;59;49;38;40;43;41;40;23;0;27;37;27;36;0;39;0;0;15;32;29;0;21;28;23;7;0;18;0
04.10.2017;17;0;26;39;49;59;52;28;30;31;29;38;27;0;20;34;7;37;0;38;0;0;0;37;19;0;24;26;14;0;0;19;0
04.10.2017;18;0;29;45;54;70;58;29;32;38;43;50;23;0;11;32;0;44;0;42;0;0;0;39;18;0;29;26;14;0;0;12;1
04.10.2017;19;0;26;41;48;57;48;26;33;45;42;37;21;0;19;41;0;37;0;43;0;0;0;36;12;0;32;30;21;0;0;21;1
04.10.2017;20;0;31;45;51;64;49;30;34;34;41;56;24;0;10;40;0;53;0;49;0;0;0;37;15;0;32;11;29;0;0;15;1
04.10.2017;21;0;33;37;39;33;43;27;37;23;35;30;17;0;0;32;0;38;0;40;0;0;0;26;18;0;32;0;35;0;0;18;0
04.10.2017;22;0;30;25;28;0;37;0;43;0;39;0;39;0;0;27;0;35;0;42;0;0;0;15;16;0;22;0;25;0;0;15;0
04.10.2017;23;0;16;19;23;0;33;0;30;0;27;0;27;0;0;21;0;32;0;41;0;0;0;13;25;0;21;0;26;0;0;22;0
04.10.2017;24;0;9;9;21;0;26;0;22;0;15;0;10;0;0;19;0;8;0;17;0;0;0;16;16;0;22;0;19;0;0;14;0
05.10.2017;1;0;8;13;20;0;26;0;26;0;24;0;12;0;0;27;0;11;0;17;0;0;0;22;16;0;10;0;26;0;0;7;0
05.10.2017;2;0;10;7;23;0;23;0;21;0;17;0;16;0;0;33;0;18;0;27;0;0;0;19;24;0;13;0;24;0;0;10;0
05.10.2017;3;0;5;12;32;0;36;0;17;0;21;0;31;0;0;23;0;30;0;34;0;0;0;17;21;0;12;0;16;0;0;11;0
05.10.2017;4;0;10;20;35;2;30;4;28;7;27;2;28;0;2;32;0;30;7;32;9;0;0;17;19;0;15;0;27;0;0;18;1
05.10.2017;5;0;24;35;37;35;30;31;30;42;34;27;23;0;17;26;0;28;17;31;23;0;0;17;15;0;25;9;32;0;0;15;1
05.10.2017;6;0;29;47;53;51;50;39;37;50;38;37;22;0;16;29;0;26;7;29;18;0;0;20;11;0;30;18;27;0;0;11;0
05.10.2017;7;0;32;48;47;60;49;31;35;43;35;36;22;0;26;40;0;35;0;36;0;0;0;28;17;0;30;16;38;0;0;8;2
05.10.2017;8;0;38;44;50;52;51;41;41;49;35;40;20;0;22;31;24;38;0;41;0;0;0;30;21;0;27;19;33;0;0;12;2
05.10.2017;9;0;38;43;40;55;43;31;39;43;35;35;23;0;35;33;35;37;0;41;0;0;0;37;31;0;25;22;37;0;0;36;2
05.10.2017;10;0;24;44;43;47;46;40;27;47;36;0;32;0;42;29;48;20;0;25;0;0;0;33;35;0;35;34;28;0;0;35;0
05.10.2017;11;0;24;49;42;49;43;45;28;55;50;0;34;0;28;20;31;20;0;30;0;0;0;29;29;0;33;25;36;0;0;24;0
05.10.2017;12;0;24;35;45;60;47;37;27;34;31;0;32;0;30;23;31;24;0;25;0;0;2;43;30;0;30;13;31;2;0;17;0
05.10.2017;13;0;24;39;52;70;54;45;30;38;34;0;37;0;31;21;39;31;0;39;0;0;19;32;21;0;18;21;25;16;0;25;2
05.10.2017;14;0;30;27;53;66;50;42;38;38;18;0;33;0;22;16;19;22;0;31;0;0;33;30;27;0;22;19;27;16;0;21;2
05.10.2017;15;0;28;28;47;53;49;50;34;58;25;9;32;0;30;27;35;27;0;31;0;0;24;17;39;0;30;37;34;23;0;22;6
05.10.2017;16;0;30;39;53;49;51;47;37;59;44;39;16;0;25;30;32;30;0;31;0;0;12;35;25;0;18;34;29;10;0;16;3
05.10.2017;17;1;30;36;46;47;47;28;29;37;32;35;17;0;16;33;18;28;0;30;0;0;0;39;19;0;25;29;18;0;0;19;1
05.10.2017;18;1;32;47;56;65;61;40;34;45;44;40;17;0;11;41;0;39;0;37;0;0;0;47;17;0;36;28;20;0;0;15;0
05.10.2017;19;1;24;38;55;60;47;35;35;40;35;44;16;0;23;44;0;40;0;47;0;0;0;41;12;0;34;21;23;0;0;23;0
05.10.2017;20;0;31;37;53;54;42;41;42;29;27;42;14;0;18;52;0;42;0;50;0;0;0;31;16;0;29;15;27;0;0;23;1
05.10.2017;21;0;27;39;34;18;40;30;32;11;45;22;20;0;0;33;0;34;0;38;0;0;0;24;24;0;23;0;30;0;0;20;1
05.10.2017;22;0;27;30;32;0;49;0;44;0;40;0;39;0;0;34;0;33;0;36;0;0;0;18;25;0;26;0;34;0;0;20;0
05.10.2017;23;0;18;24;24;0;33;0;38;0;28;0;30;0;0;29;0;37;0;47;0;0;0;13;24;0;20;0;23;0;0;23;0
05.10.2017;24;0;7;14;16;0;19;0;21;0;17;0;8;0;0;23;0;13;0;27;0;0;0;6;10;0;19;0;18;0;0;11;0
06.10.2017;1;0;9;5;14;0;23;0;22;0;15;0;12;0;0;23;0;11;0;12;0;0;0;26;11;0;10;0;15;0;0;7;0
06.10.2017;2;0;7;8;25;0;28;0;23;0;15;0;14;0;0;30;0;18;0;28;0;0;0;17;20;0;14;0;21;0;0;13;0
06.10.2017;3;0;4;9;29;0;20;0;11;0;17;0;25;0;0;22;0;29;0;30;0;0;0;18;14;0;13;0;11;0;0;9;0
06.10.2017;4;0;12;24;34;0;30;0;32;7;33;0;24;0;0;36;0;33;0;41;7;0;0;21;19;0;21;0;28;0;0;16;0
06.10.2017;5;0;26;31;48;31;38;27;41;46;28;22;27;0;17;39;0;31;0;48;21;0;0;20;16;0;25;14;32;0;0;15;0
06.10.2017;6;0;32;47;46;55;45;40;34;53;42;38;13;0;25;38;0;31;0;29;8;0;0;25;12;0;34;16;33;0;0;15;0
06.10.2017;7;0;25;43;50;50;47;33;25;36;35;39;24;0;27;40;1;32;0;36;0;0;0;21;15;0;27;16;38;0;0;12;0
06.10.2017;8;0;44;35;53;57;52;42;41;48;35;40;25;0;21;23;22;42;0;40;0;0;0;27;24;0;29;18;39;0;0;14;0
06.10.2017;9;0;34;37;47;61;43;36;37;43;39;30;23;0;30;25;44;31;0;30;0;0;0;50;20;0;26;17;36;0;0;29;2
06.10.2017;10;2;23;42;47;47;46;33;28;38;36;17;27;0;43;36;40;25;0;24;0;0;0;44;35;0;29;26;33;0;0;43;2
06.10.2017;11;0;20;47;37;43;38;47;23;50;52;0;29;0;30;26;31;21;0;19;0;0;13;26;26;0;28;26;33;0;0;28;2
06.10.2017;12;0;33;44;49;54;51;29;29;44;44;0;40;0;33;27;30;23;0;22;0;0;16;22;19;10;23;14;37;10;0;25;2
06.10.2017;13;0;30;43;57;70;52;47;39;44;42;0;41;0;33;22;33;28;0;38;0;0;21;31;15;6;21;18;31;22;0;23;3
06.10.2017;14;0;30;27;49;71;49;41;37;37;19;17;27;0;22;18;31;23;0;36;0;0;28;37;9;15;20;19;29;19;0;16;1
06.10.2017;15;0;38;34;50;49;42;53;42;51;27;42;24;0;33;22;33;31;0;39;0;0;25;20;20;21;32;31;33;18;0;31;1
06.10.2017;16;0;38;39;50;60;49;40;39;58;30;42;26;0;28;35;30;30;0;41;0;0;21;26;23;1;25;39;33;13;0;25;3
06.10.2017;17;0;36;38;47;60;47;34;40;48;33;48;26;0;25;24;24;39;0;40;0;0;14;31;19;0;39;30;25;0;0;20;0
06.10.2017;18;0;22;50;54;57;46;30;31;38;36;39;27;0;13;31;9;42;0;46;0;0;14;20;18;0;31;21;23;0;0;17;2
06.10.2017;19;0;26;38;52;70;52;39;33;43;29;51;26;0;20;46;0;48;0;51;0;0;18;30;11;0;33;28;19;0;0;18;0
06.10.2017;20;0;31;42;53;73;53;30;31;33;23;56;36;0;19;42;0;50;0;46;0;0;0;29;13;0;37;13;31;0;0;17;0
06.10.2017;21;0;24;36;34;32;35;24;28;25;30;29;33;0;0;28;0;40;0;43;0;0;0;23;18;0;26;0;31;0;0;11;1
06.10.2017;22;0;30;30;31;0;53;0;47;0;31;0;47;0;0;30;0;36;0;37;0;0;0;19;13;0;26;0;32;0;0;15;0
06.10.2017;23;0;18;21;18;0;36;0;34;0;21;0;32;0;0;27;0;34;0;45;0;0;0;21;28;0;15;0;24;0;0;27;0
06.10.2017;24;0;9;14;19;0;28;0;21;0;15;0;12;0;0;20;0;13;0;20;0;0;0;9;15;0;15;0;22;0;0;15;0
07.10.2017;1;0;9;14;20;0;27;0;25;0;23;0;6;0;0;34;0;8;0;12;0;0;0;20;18;0;11;0;33;0;0;11;0
07.10.2017;2;0;6;8;34;0;37;0;18;0;26;0;18;0;0;25;0;20;0;22;0;0;0;17;20;0;16;0;29;0;0;12;0
07.10.2017;3;0;3;9;30;0;27;0;19;0;14;0;23;0;0;23;0;27;0;25;0;0;0;20;26;0;14;0;9;0;0;16;0
07.10.2017;4;0;7;22;35;6;34;4;26;6;33;8;20;0;0;32;0;26;5;33;6;0;0;24;26;0;20;0;22;0;0;19;0
07.10.2017;5;0;23;33;44;38;34;28;33;40;30;34;18;0;5;32;0;28;13;32;12;0;0;18;9;0;27;10;25;0;0;11;0
07.10.2017;6;0;31;38;50;52;43;36;42;39;33;36;15;0;16;34;0;28;3;36;12;0;0;21;9;0;34;12;27;0;0;13;1
07.10.2017;7;0;25;44;43;53;39;29;32;46;39;37;22;0;27;48;0;22;0;28;0;0;0;27;13;0;34;19;36;0;0;8;0
07.10.2017;8;0;35;37;49;61;45;34;41;49;34;35;20;0;23;29;32;33;0;33;0;0;0;35;21;6;31;16;33;0;0;12;1
07.10.2017;9;0;34;37;40;56;46;28;42;57;42;34;20;0;20;31;44;27;0;31;0;0;4;37;13;11;28;24;38;6;0;26;0
07.10.2017;10;0;16;47;49;44;47;33;30;52;44;31;22;0;45;42;51;22;0;27;0;0;15;23;18;16;15;27;36;16;0;31;0
07.10.2017;11;0;23;46;46;49;38;52;38;58;40;30;20;0;32;26;36;24;0;28;0;0;15;25;16;12;22;23;27;19;0;26;1
07.10.2017;12;0;22;35;51;56;44;31;22;45;24;21;12;0;30;21;33;17;0;20;0;0;18;28;13;18;17;18;32;8;0;22;1
07.10.2017;13;0;27;35;46;63;47;42;31;36;31;32;22;0;22;19;35;30;0;39;0;0;17;32;31;1;24;27;24;24;0;23;0
07.10.2017;14;0;30;22;41;60;45;34;30;38;20;22;11;0;19;21;23;15;0;29;0;0;32;26;25;0;18;26;16;15;0;17;0
07.10.2017;15;0;30;28;47;82;50;40;35;53;26;49;17;0;25;29;24;36;0;44;0;0;35;22;31;0;27;31;26;15;0;21;0
07.10.2017;16;0;29;43;58;70;56;30;32;49;30;46;17;0;20;39;28;39;0;47;0;0;22;26;26;0;14;31;26;9;0;13;0
07.10.2017;17;0;30;37;46;45;45;20;32;40;30;43;23;0;13;37;11;25;0;26;0;0;15;21;21;0;15;34;18;1;0;17;0
07.10.2017;18;0;21;42;52;64;51;25;23;26;31;46;18;0;11;35;0;34;0;35;0;0;23;21;19;0;23;20;13;0;0;13;0
07.10.2017;19;0;23;35;53;56;54;33;32;41;25;41;18;0;20;42;0;42;0;43;0;0;8;39;20;0;28;26;22;0;0;24;0
07.10.2017;20;0;28;35;52;58;48;31;31;23;18;59;30;0;0;59;0;53;0;47;0;0;0;32;12;0;27;4;36;0;0;23;0
07.10.2017;21;0;29;30;36;32;39;39;36;35;24;25;21;0;0;31;0;38;0;43;0;0;0;25;17;0;25;0;37;0;0;23;0
07.10.2017;22;0;32;21;29;0;41;0;40;0;26;0;29;0;0;26;0;30;0;38;0;0;0;13;13;0;19;0;30;0;0;14;0
07.10.2017;23;0;15;14;24;0;42;0;28;0;17;0;28;0;0;21;0;33;0;40;0;0;0;13;18;0;13;0;23;0;0;16;0
07.10.2017;24;0;13;16;17;0;23;0;31;0;26;0;13;0;0;15;0;11;0;20;0;0;0;10;21;0;17;0;23;0;0;9;0
08.10.2017;1;0;10;15;17;0;26;0;23;0;24;0;13;0;0;33;0;9;0;11;0;0;0;22;15;0;8;0;27;0;0;13;0
08.10.2017;2;0;6;6;31;0;31;0;18;0;17;0;12;0;0;32;0;11;0;23;0;0;0;12;21;0;17;0;23;0;0;17;0
08.10.2017;3;0;4;14;25;0;15;0;22;0;19;0;19;0;0;25;0;21;0;24;0;0;0;15;25;0;17;0;20;0;0;17;0
08.10.2017;4;0;10;18;38;5;32;5;29;5;36;5;21;0;0;34;0;32;0;33;0;0;0;21;29;0;21;0;30;0;0;20;0
08.10.2017;5;1;25;27;39;35;27;32;32;39;27;27;20;0;8;41;0;33;0;45;16;0;0;18;14;0;23;3;32;0;0;14;0
08.10.2017;6;0;25;47;47;52;35;33;32;45;36;33;26;0;23;44;0;29;0;28;10;0;0;20;8;0;30;14;29;2;0;16;1
08.10.2017;7;0;28;42;51;56;48;29;34;34;22;31;24;0;22;29;0;33;0;34;0;0;0;27;19;0;13;8;28;17;0;9;0
08.10.2017;8;0;36;40;42;51;40;28;43;48;36;29;17;0;22;40;23;28;0;28;0;0;0;27;19;0;10;14;38;18;0;9;0
08.10.2017;9;0;22;38;41;39;33;47;37;50;35;18;14;0;38;36;43;23;0;31;0;0;4;28;26;0;14;21;41;13;0;34;0
08.10.2017;10;0;31;44;47;48;50;38;37;49;36;26;21;0;52;38;45;22;0;24;0;0;16;27;30;0;19;30;29;15;0;37;0
08.10.2017;11;0;29;54;45;42;44;49;30;53;46;20;17;0;39;33;31;16;0;22;0;0;19;26;32;0;17;18;42;17;0;36;0
08.10.2017;12;0;25;36;57;61;47;41;38;41;34;17;15;0;28;35;31;16;0;16;0;0;12;29;27;0;21;12;34;11;0;18;2
08.10.2017;13;0;31;43;44;63;46;43;34;44;33;25;16;0;35;30;34;26;0;33;0;0;18;33;20;0;20;25;34;17;0;27;1
08.10.2017;14;0;28;34;47;60;44;30;24;37;31;24;21;0;31;18;37;24;0;42;0;0;34;31;30;0;22;15;21;25;0;20;1
08.10.2017;15;0;39;27;53;73;46;39;38;49;33;33;21;0;31;27;33;26;0;40;0;0;31;22;32;0;31;21;23;25;0;32;1
08.10.2017;16;0;35;32;55;62;50;33;30;50;40;40;20;0;29;29;28;40;0;45;0;0;16;29;18;0;28;20;26;8;0;19;1
08.10.2017;17;0;31;41;51;51;49;29;27;35;41;44;26;0;18;34;15;36;0;36;0;0;12;44;19;0;31;17;21;0;0;18;0
08.10.2017;18;0;24;44;51;59;53;32;24;35;49;36;22;0;15;39;0;38;0;46;0;0;0;40;22;0;35;18;17;0;0;14;0
08.10.2017;19;0;23;42;52;54;44;29;26;35;38;34;24;0;30;48;0;36;0;37;0;0;0;42;9;0;31;15;17;0;0;29;0
08.10.2017;20;0;33;43;49;59;40;25;32;27;41;49;28;0;19;49;0;47;0;48;0;0;0;32;10;0;33;22;21;0;0;23;1
08.10.2017;21;0;26;39;41;27;50;19;35;18;43;28;29;0;0;30;0;30;0;46;0;0;0;30;18;0;28;0;31;0;0;19;0
08.10.2017;22;0;30;32;26;0;31;0;31;0;41;0;44;0;0;35;0;29;0;38;0;0;0;21;8;0;24;0;31;0;0;13;0
08.10.2017;23;0;21;15;20;0;30;0;24;0;19;0;33;0;0;28;0;35;0;42;0;0;0;16;16;0;23;0;21;0;0;17;0
08.10.2017;24;0;9;10;13;0;16;0;22;0;19;0;8;0;0;15;0;11;0;23;0;0;0;10;13;0;17;0;17;0;0;8;0
09.10.2017;1;0;7;15;13;0;25;0;17;0;16;0;10;0;0;30;0;6;0;10;0;0;0;28;17;0;10;0;19;0;0;13;0
09.10.2017;2;0;4;5;33;0;40;0;28;0;16;0;17;0;0;31;0;18;0;25;0;0;0;20;27;0;14;0;21;0;0;25;0
09.10.2017;3;0;3;10;30;0;36;0;22;0;15;0;22;0;0;29;0;27;0;32;0;0;0;22;29;0;12;0;18;0;0;17;0
09.10.2017;4;0;9;22;34;6;38;4;25;10;26;10;33;0;8;44;0;30;6;34;10;0;0;25;21;0;19;9;27;0;0;16;0
09.10.2017;5;0;23;35;43;49;41;37;32;37;28;45;19;0;23;35;0;28;25;26;26;0;0;18;14;0;18;13;21;0;0;21;0
09.10.2017;6;0;32;41;54;63;48;26;28;47;38;45;24;0;20;32;0;33;7;27;9;0;0;25;10;0;36;8;24;0;0;14;1
09.10.2017;7;0;32;48;45;50;41;34;31;47;49;40;34;0;26;41;6;37;0;39;0;0;0;25;20;0;28;9;34;0;0;11;2
09.10.2017;8;1;47;41;47;63;54;23;36;42;37;43;31;0;25;18;34;31;0;35;0;0;0;31;21;0;35;12;39;0;0;12;1
09.10.2017;9;0;26;36;39;50;38;31;34;38;41;28;21;0;36;31;40;23;0;33;0;0;0;51;32;0;30;16;39;0;0;35;1
09.10.2017;10;0;17;38;45;46;46;23;20;28;39;21;19;0;39;32;38;19;0;22;0;0;0;42;33;0;25;22;20;0;0;40;2
09.10.2017;11;0;21;46;38;55;36;44;24;50;48;26;18;0;31;26;31;19;0;23;0;0;0;40;28;0;24;26;32;0;0;30;3
09.10.2017;12;0;19;39;55;53;41;26;21;41;37;38;29;0;28;22;28;28;0;29;0;0;8;33;19;0;34;15;28;0;0;21;3
09.10.2017;13;0;32;38;52;68;52;36;32;42;36;36;22;0;29;23;31;30;0;36;0;0;18;24;13;0;31;17;27;0;0;23;1
09.10.2017;14;0;30;25;45;63;45;38;28;30;21;25;17;0;21;17;26;22;0;34;0;0;33;35;27;0;27;23;15;0;0;21;1
09.10.2017;15;0;32;31;51;77;47;51;33;55;31;41;19;0;29;30;25;26;0;34;0;0;32;33;24;0;48;26;27;0;0;27;1
09.10.2017;16;0;31;41;50;48;45;36;31;49;36;39;24;0;29;34;28;31;0;40;0;0;12;28;14;0;31;24;29;0;0;20;1
09.10.2017;17;0;26;35;45;50;43;21;22;35;34;31;19;0;14;34;10;27;0;32;0;0;20;30;13;0;31;24;20;0;0;16;0
09.10.2017;18;0;24;43;55;69;52;20;21;41;45;39;16;0;16;37;0;35;0;42;0;0;0;43;12;0;30;20;16;0;0;12;0
09.10.2017;19;0;17;42;48;54;44;19;22;42;36;39;26;0;19;38;0;35;0;41;0;0;0;41;6;0;40;21;14;0;0;19;0
09.10.2017;20;0;31;36;53;55;41;29;36;24;21;46;35;0;6;40;0;37;0;44;0;0;0;29;7;0;40;5;25;0;0;22;0
09.10.2017;21;0;16;31;32;28;36;19;19;19;32;17;16;0;0;20;0;25;0;38;0;0;0;19;12;0;28;0;30;0;0;9;0
09.10.2017;22;0;21;26;25;0;38;0;21;0;35;0;32;0;0;20;0;27;0;30;0;0;0;13;11;0;28;0;29;0;0;8;0
09.10.2017;23;0;16;17;22;0;37;0;22;0;15;0;28;0;0;19;0;26;0;31;0;0;0;17;17;0;23;0;23;0;0;16;0
09.10.2017;24;0;7;8;20;0;16;0;13;0;10;0;4;0;0;12;0;6;0;21;0;0;0;8;9;0;23;0;17;0;0;9;0
10.10.2017;1;0;9;17;19;0;25;0;19;0;20;0;12;0;0;26;0;11;0;20;0;0;0;20;16;0;11;0;28;0;0;6;0
10.10.2017;2;0;6;5;29;0;31;0;20;0;21;0;18;0;0;25;0;18;0;28;0;0;0;24;23;0;16;0;24;0;0;12;0
10.10.2017;3;0;2;12;28;0;17;0;19;0;28;0;28;0;0;25;0;30;0;36;0;0;0;15;33;0;8;0;23;0;0;14;0
10.10.2017;4;0;13;29;40;17;34;15;17;19;26;20;26;0;0;36;0;36;0;51;11;0;0;26;25;0;14;0;22;0;0;24;0
10.10.2017;5;0;23;30;43;37;43;32;35;46;33;36;21;0;15;32;0;38;0;48;17;0;0;18;10;0;27;13;22;0;0;18;0
10.10.2017;6;0;27;43;51;47;43;31;33;47;41;35;20;0;23;33;0;28;0;29;9;0;0;25;11;0;29;11;29;0;0;18;1
10.10.2017;7;0;27;47;49;67;38;37;34;43;36;38;20;0;27;38;0;38;0;42;0;0;0;33;19;0;33;11;36;0;0;14;0
10.10.2017;8;0;34;44;48;48;32;38;46;47;35;33;24;0;23;42;14;33;0;37;0;0;0;34;20;0;26;15;33;0;0;15;2
10.10.2017;9;0;30;33;37;50;28;37;38;40;32;32;22;0;30;32;35;32;0;39;0;0;0;40;32;0;31;15;28;0;0;35;4
10.10.2017;10;0;18;35;39;42;29;44;25;46;35;26;17;0;41;31;43;20;0;29;0;0;0;26;26;0;31;28;23;0;0;40;1
10.10.2017;11;0;18;49;53;54;34;51;31;61;43;22;22;0;33;26;29;20;0;29;0;0;0;30;25;0;38;23;30;0;0;33;0
10.10.2017;12;0;27;37;52;56;39;45;36;46;37;25;18;0;26;23;25;27;0;29;0;0;11;29;21;0;30;11;34;0;0;22;0
10.10.2017;13;0;30;40;49;70;46;37;41;39;40;27;19;0;34;22;33;28;0;37;0;0;18;31;19;0;32;19;33;0;0;24;2
10.10.2017;14;0;32;32;46;63;53;33;31;35;29;22;15;0;21;30;15;20;0;32;0;0;26;32;27;0;35;23;21;0;0;15;2
10.10.2017;15;0;37;23;45;61;42;36;40;50;22;32;22;0;24;53;0;30;0;40;0;0;22;28;34;0;45;36;24;0;0;21;0
10.10.2017;16;0;31;38;51;62;48;33;34;48;33;25;23;0;23;53;0;22;0;32;0;0;12;38;24;0;32;23;30;0;0;20;1
10.10.2017;17;0;26;38;46;52;51;25;27;38;29;39;24;0;16;45;0;34;0;36;0;0;0;39;20;0;31;28;17;0;0;13;0
10.10.2017;18;0;23;42;65;64;69;21;27;32;32;40;22;0;14;33;0;47;0;43;0;0;0;41;13;0;37;22;15;0;0;11;0
10.10.2017;19;0;21;33;51;55;53;30;28;39;31;25;18;0;19;46;0;31;0;43;0;0;0;30;5;0;41;24;16;0;0;19;0
10.10.2017;20;0;24;42;55;56;51;35;32;28;34;55;19;0;24;43;0;49;0;50;0;0;0;25;14;0;32;10;21;0;0;23;0
10.10.2017;21;0;27;34;39;40;41;35;32;29;29;30;13;0;3;27;0;31;0;43;0;0;0;16;14;0;32;0;26;0;0;16;0
10.10.2017;22;0;25;27;30;17;36;10;35;14;34;0;31;0;0;25;0;23;0;30;0;0;0;14;10;0;28;0;29;0;0;11;0
10.10.2017;23;0;16;12;22;0;39;0;29;0;23;0;29;0;0;25;0;30;0;41;0;0;0;16;16;0;19;0;22;0;0;16;0
10.10.2017;24;0;6;15;15;0;22;0;17;0;15;0;9;0;0;18;0;5;0;22;0;0;0;11;11;0;23;0;13;0;0;10;0
11.10.2017;1;0;8;10;17;0;22;0;21;0;23;0;9;0;0;30;0;9;0;16;0;0;0;21;18;0;9;0;26;0;0;13;0
11.10.2017;2;0;5;4;29;0;35;0;16;0;14;0;20;0;0;33;0;18;0;24;0;0;0;15;26;0;12;0;22;0;0;21;0
11.10.2017;3;0;4;9;28;0;24;0;14;0;19;0;29;0;0;31;0;31;0;41;0;0;0;19;25;0;15;0;16;0;0;19;0
11.10.2017;4;0;12;25;36;10;42;8;23;17;26;14;33;0;2;24;0;28;7;34;12;0;0;28;24;0;21;0;26;0;0;16;0
11.10.2017;5;0;24;28;42;35;36;26;31;42;27;39;29;0;23;37;0;26;12;35;26;0;0;16;8;0;22;5;34;0;0;12;0
11.10.2017;6;0;32;38;63;63;61;37;43;50;42;35;24;0;15;29;0;17;9;21;20;0;0;23;10;0;31;13;26;0;0;10;1
11.10.2017;7;0;23;44;49;57;45;34;32;45;43;44;18;0;25;39;0;37;9;36;5;0;0;30;21;0;26;8;37;0;0;6;1
11.10.2017;8;0;31;39;54;59;57;31;42;50;36;29;19;0;25;37;18;36;0;40;0;0;0;30;24;0;34;18;36;0;0;10;3
11.10.2017;9;0;35;40;39;49;41;42;36;40;31;25;25;0;31;47;40;29;0;28;0;0;0;44;31;0;27;26;29;0;0;32;1
11.10.2017;10;0;17;30;49;53;41;29;22;52;28;41;22;0;23;65;0;29;0;33;0;0;0;22;24;0;41;40;18;0;0;20;1
11.10.2017;11;0;23;44;49;51;48;56;32;53;39;27;21;0;33;56;0;19;0;18;0;0;0;26;29;0;32;28;32;0;0;29;1
11.10.2017;12;0;26;28;52;57;54;34;35;34;21;25;16;0;20;46;0;18;0;17;0;0;0;30;21;0;31;15;24;0;0;13;1
11.10.2017;13;0;31;39;51;62;51;46;37;43;28;31;14;0;37;51;0;34;0;41;0;0;7;42;18;0;29;21;26;0;0;22;0
11.10.2017;14;0;27;23;49;52;47;35;26;27;17;24;15;0;17;35;0;25;0;34;0;0;28;37;32;0;27;23;13;17;0;18;5
11.10.2017;15;0;33;42;49;56;49;48;43;51;26;28;10;0;31;22;30;30;0;44;0;0;22;20;27;0;26;35;27;20;0;26;3
11.10.2017;16;0;32;62;51;48;52;33;36;64;47;45;16;0;30;22;34;38;0;43;0;0;15;22;16;0;24;29;27;13;0;17;1
11.10.2017;17;0;30;40;48;49;52;39;30;40;34;41;18;0;19;24;24;32;0;38;0;0;17;26;20;0;24;30;20;5;0;22;0
11.10.2017;18;0;20;67;53;49;48;33;25;46;47;51;17;0;7;28;12;41;0;43;0;0;15;30;20;0;29;25;16;0;0;15;1
11.10.2017;19;0;25;48;52;58;48;37;31;47;38;38;12;0;19;39;0;32;0;45;0;0;12;31;10;0;38;24;18;0;0;25;0
11.10.2017;20;0;28;40;55;65;57;39;31;31;35;49;19;0;21;43;0;40;0;49;12;0;0;36;14;0;33;11;23;0;0;20;0
11.10.2017;21;0;23;43;43;11;44;14;40;11;52;13;23;0;3;34;0;32;0;41;7;0;0;28;18;0;27;0;41;0;0;16;0
11.10.2017;22;0;24;31;27;0;32;0;33;0;39;0;41;0;0;30;0;34;0;41;0;0;0;19;11;0;29;0;26;0;0;12;0
11.10.2017;23;0;24;16;23;0;30;0;33;0;27;0;26;0;0;24;0;32;0;38;0;0;0;14;22;0;19;0;22;0;0;25;0
11.10.2017;24;0;9;15;10;0;18;0;20;0;17;0;12;0;0;25;0;13;0;26;0;0;0;13;14;0;19;0;20;0;0;13;0
12.10.2017;1;0;10;9;21;0;24;0;21;0;20;0;14;0;0;24;0;10;0;13;0;0;0;19;19;0;10;0;26;0;0;17;0
12.10.2017;2;0;9;6;27;0;33;0;30;0;14;0;14;0;0;33;0;18;0;30;0;0;0;18;36;0;19;0;30;0;0;31;0
12.10.2017;3;0;5;8;29;0;33;0;17;0;13;0;25;0;0;29;0;28;0;29;0;0;0;20;35;0;15;0;17;0;0;20;0
12.10.2017;4;0;12;24;36;0;38;0;32;0;41;0;34;0;2;29;0;32;0;43;7;0;0;16;23;0;24;0;32;0;0;14;0
12.10.2017;5;0;21;34;43;29;31;20;32;41;41;24;27;0;17;30;0;36;0;50;16;0;0;12;7;0;22;18;25;0;0;14;0
12.10.2017;6;0;34;50;52;54;46;31;37;57;48;36;24;0;20;30;0;29;0;31;13;0;0;24;12;0;28;18;28;0;0;16;0
12.10.2017;7;0;25;45;50;60;45;37;30;42;38;34;20;0;30;36;0;32;0;36;0;0;0;31;17;0;31;14;29;0;0;11;3
12.10.2017;8;0;40;43;48;49;35;39;53;44;29;32;16;0;21;32;21;29;0;30;0;0;0;25;21;0;30;12;34;0;0;12;3
12.10.2017;9;0;28;32;41;61;41;30;39;40;25;34;21;0;29;27;39;33;0;40;0;0;0;43;25;0;25;20;40;0;0;31;2
12.10.2017;10;0;24;36;42;54;42;41;30;39;36;25;12;0;41;31;42;19;0;27;0;0;0;33;32;0;32;27;23;0;0;36;3
12.10.2017;11;0;14;45;41;49;37;42;25;52;38;28;20;0;35;25;32;25;0;29;0;0;8;35;28;0;25;25;30;5;0;29;2
12.10.2017;12;0;20;33;41;52;40;26;28;45;30;24;15;0;32;20;36;26;0;18;0;0;13;23;22;8;16;21;37;9;0;15;4
12.10.2017;13;0;29;28;49;74;54;42;39;33;21;29;19;0;28;19;36;26;0;33;0;0;22;35;21;0;20;24;24;15;0;25;3
12.10.2017;14;0;36;24;44;60;44;43;36;39;21;36;21;0;21;17;22;31;0;42;0;0;27;33;27;0;26;24;20;16;0;16;1
12.10.2017;15;0;30;32;47;61;59;56;36;57;24;39;14;0;29;24;34;27;0;35;0;0;24;25;34;0;34;31;28;23;0;23;1
12.10.2017;16;0;41;37;55;61;60;47;47;54;32;38;17;0;25;27;29;28;0;33;0;0;12;25;21;0;30;28;26;14;0;21;1
12.10.2017;17;0;40;40;51;55;56;42;46;49;38;34;25;0;21;30;18;32;0;35;0;0;20;27;17;0;25;30;24;0;0;20;0
12.10.2017;18;0;36;38;58;67;65;38;41;49;35;45;27;0;11;39;7;34;0;41;0;0;18;29;24;0;31;29;23;0;0;17;0
12.10.2017;19;0;17;40;61;63;65;27;26;39;35;41;23;0;19;45;0;34;0;45;0;0;9;34;10;0;37;25;19;0;0;18;0
12.10.2017;20;0;29;39;56;62;51;27;40;27;28;51;14;0;12;43;0;43;0;47;0;0;0;28;9;0;31;13;24;0;0;20;0
12.10.2017;21;0;30;32;38;24;41;16;40;7;35;25;28;0;0;28;0;34;0;42;0;0;0;19;21;0;28;0;25;0;0;21;0
12.10.2017;22;0;26;32;28;0;45;0;40;0;45;0;44;0;0;26;0;34;0;43;0;0;0;17;11;0;23;0;29;0;0;14;0
12.10.2017;23;0;15;18;24;0;37;0;26;0;13;0;31;0;0;26;0;31;0;44;0;0;0;16;19;0;18;0;20;0;0;18;0
12.10.2017;24;0;7;17;20;0;25;0;22;0;21;0;11;0;0;19;0;14;0;31;0;0;0;7;11;0;18;0;23;0;0;12;0
13.10.2017;1;0;6;7;17;0;23;0;18;0;18;0;13;0;0;25;0;13;0;19;0;0;0;20;12;0;11;0;24;0;0;6;0
13.10.2017;2;0;10;5;28;0;33;0;18;0;20;0;24;0;0;27;0;21;0;27;0;0;0;25;25;0;18;0;29;0;0;13;0
13.10.2017;3;0;3;9;31;0;29;0;9;0;15;0;26;0;0;19;0;26;0;33;0;0;0;24;15;0;16;0;21;0;0;9;0
13.10.2017;4;0;14;25;32;5;34;3;33;1;39;30;30;0;0;33;0;34;10;41;14;0;0;28;23;0;18;0;36;0;0;15;0
13.10.2017;5;0;23;38;44;30;43;27;30;35;32;46;39;0;0;40;0;26;15;32;30;0;0;18;11;0;20;18;25;0;0;13;0
13.10.2017;6;0;36;41;56;59;48;38;45;49;46;48;26;0;18;36;0;26;9;31;15;0;0;31;12;0;34;18;28;0;0;14;0
13.10.2017;7;0;37;47;52;65;55;28;48;55;49;40;19;0;26;39;3;33;0;37;0;0;0;33;15;0;37;9;40;0;0;9;1
13.10.2017;8;0;40;40;51;58;53;36;56;46;44;36;26;0;24;23;32;36;0;39;0;0;1;37;25;0;33;19;35;6;0;17;0
13.10.2017;9;0;29;44;45;62;52;41;38;46;46;40;24;0;25;33;35;31;0;34;0;0;12;37;27;0;21;18;34;13;0;30;0
13.10.2017;10;0;19;40;44;59;44;31;22;37;37;28;18;0;39;31;40;23;0;30;0;0;19;29;23;19;18;25;26;14;0;29;1
13.10.2017;11;0;21;43;43;61;49;50;38;48;39;42;26;0;39;31;27;31;0;34;0;0;23;27;18;18;22;26;26;21;0;36;0
13.10.2017;12;0;30;50;55;69;57;48;38;46;39;33;14;0;29;31;29;24;0;22;0;0;21;31;12;13;22;20;30;11;0;25;1
13.10.2017;13;0;40;50;52;72;56;46;43;38;33;30;23;0;34;25;25;29;0;36;0;0;18;22;11;6;20;19;28;23;0;27;1
13.10.2017;14;0;30;33;56;77;59;46;35;40;28;30;19;0;24;24;24;32;0;40;0;0;27;44;13;10;25;26;23;23;0;21;1
13.10.2017;15;0;43;50;45;70;51;70;52;63;37;41;24;0;32;25;27;31;0;36;0;0;23;25;34;7;42;33;36;29;0;34;2
13.10.2017;16;0;33;55;55;66;57;46;35;53;30;36;11;0;24;26;35;32;0;43;0;0;15;21;24;0;25;35;35;19;0;18;0
13.10.2017;17;0;38;63;56;72;59;28;37;36;31;49;26;0;18;35;11;38;0;35;0;0;17;31;17;0;27;24;20;17;0;18;0
13.10.2017;18;0;25;61;58;62;59;21;27;39;34;48;29;0;10;34;0;47;0;50;0;0;15;35;15;0;17;21;16;23;0;13;0
13.10.2017;19;0;26;42;49;65;50;27;30;35;30;32;21;0;24;45;0;26;0;39;0;0;0;30;9;0;34;23;17;0;0;24;0
13.10.2017;20;0;25;55;53;68;59;32;31;32;26;50;26;0;21;40;0;46;0;55;0;0;0;28;8;0;34;10;27;0;0;21;0
13.10.2017;21;0;21;49;45;29;43;21;31;17;32;19;25;0;0;29;0;37;0;54;0;0;0;20;16;0;30;0;31;0;0;16;0
13.10.2017;22;0;26;30;27;0;45;0;39;0;37;0;39;0;0;32;0;30;0;31;0;0;0;17;9;0;23;0;35;0;0;16;0
13.10.2017;23;0;22;25;26;0;40;0;33;0;21;0;36;0;0;23;0;35;0;43;0;0;0;18;17;0;17;0;19;0;0;18;0
13.10.2017;24;0;7;18;22;0;28;0;18;0;17;0;6;0;0;17;0;8;0;24;0;0;0;9;13;0;18;0;21;0;0;13;0
14.10.2017;1;0;9;13;15;0;25;0;22;0;19;0;12;0;0;25;0;7;0;21;0;0;0;19;14;0;17;0;27;0;0;14;0
14.10.2017;2;0;5;4;30;0;39;0;18;0;24;0;29;0;0;23;0;24;0;36;0;0;0;27;26;0;20;0;26;0;0;17;0
14.10.2017;3;0;8;14;41;0;44;0;23;0;27;0;33;0;0;30;0;34;0;34;0;0;0;22;30;0;14;0;23;0;0;19;0
14.10.2017;4;0;8;24;33;5;34;4;27;11;43;8;27;0;0;41;0;41;0;46;0;0;0;22;31;0;23;0;35;0;0;19;0
14.10.2017;5;0;26;47;47;46;37;30;31;44;31;33;22;0;15;35;0;32;0;44;11;0;0;17;13;0;28;5;32;0;0;14;0
14.10.2017;6;0;28;63;53;46;43;25;29;46;34;36;26;0;19;36;0;27;0;28;8;0;0;18;10;0;26;14;25;0;0;15;0
14.10.2017;7;0;25;51;46;49;38;26;33;39;34;26;17;0;26;38;0;29;0;31;0;0;0;26;18;0;20;12;35;13;0;9;0
14.10.2017;8;0;41;46;53;52;44;37;51;43;33;38;24;0;22;40;14;40;0;43;0;0;0;34;23;0;18;14;35;18;0;11;0
14.10.2017;9;0;28;53;43;46;40;33;37;46;33;27;19;0;33;27;46;26;0;30;0;0;6;31;28;0;17;23;41;13;0;25;1
14.10.2017;10;0;22;51;44;51;44;34;26;38;34;25;17;0;27;28;36;25;0;34;0;0;7;20;26;0;15;36;19;21;0;21;1
14.10.2017;11;0;26;74;50;47;49;47;37;55;45;32;24;0;34;31;30;25;0;33;0;0;14;19;39;0;21;28;32;22;0;29;3
14.10.2017;12;0;24;39;50;56;53;47;34;47;37;19;16;0;30;27;28;18;0;27;0;0;12;27;31;0;20;17;35;12;0;21;3
14.10.2017;13;0;28;40;51;62;53;35;32;40;38;26;23;0;27;23;33;22;0;38;0;0;18;23;23;0;21;19;27;19;0;20;3
14.10.2017;14;0;27;28;45;53;53;47;33;38;21;26;13;0;14;16;22;21;0;46;0;0;23;43;26;0;40;19;17;26;0;19;6
14.10.2017;15;0;34;28;49;64;57;45;46;54;25;41;26;0;24;24;34;33;0;49;0;0;27;24;34;0;35;33;26;26;0;21;1
14.10.2017;16;0;36;43;60;55;62;40;42;66;44;44;30;0;29;28;43;28;0;35;0;0;4;34;26;0;31;36;34;8;0;15;0
14.10.2017;17;0;31;36;50;45;46;31;37;50;33;31;26;0;14;36;15;25;0;28;0;0;0;39;18;0;25;29;24;0;0;15;0
14.10.2017;18;0;25;42;54;65;56;24;31;39;36;31;23;0;17;40;0;27;0;26;0;0;0;38;16;0;26;25;21;0;0;12;1
14.10.2017;19;0;20;31;50;55;50;28;24;38;20;35;17;0;23;47;0;39;0;43;0;0;0;30;11;0;32;23;21;0;0;21;0
14.10.2017;20;0;28;33;51;55;53;39;34;29;20;57;27;0;18;42;0;49;0;48;0;0;0;27;15;0;29;16;12;0;0;21;0
14.10.2017;21;0;27;36;43;39;41;24;37;27;27;20;19;0;1;35;0;29;0;38;0;0;0;19;17;0;26;2;32;0;0;16;0
14.10.2017;22;0;27;25;32;10;40;0;44;0;35;0;37;0;0;35;0;29;0;36;0;0;0;13;14;0;24;0;36;0;0;9;0
14.10.2017;23;0;15;21;27;0;40;0;28;0;19;0;30;0;0;26;0;31;0;41;0;0;0;9;17;0;16;0;20;0;0;11;0
14.10.2017;24;0;8;13;16;0;30;0;22;0;16;0;8;0;0;21;0;11;0;33;0;0;0;14;22;0;22;0;15;0;0;10;0
15.10.2017;1;0;9;20;15;0;35;0;22;0;26;0;16;0;0;30;0;14;0;19;0;0;0;24;14;0;13;0;27;0;0;12;0
15.10.2017;2;0;8;11;33;0;33;0;15;0;21;0;20;0;0;30;0;23;0;37;0;0;0;29;22;0;17;0;26;0;0;16;0
15.10.2017;3;0;4;14;33;0;41;0;21;0;25;0;30;0;0;26;0;31;0;32;0;0;0;28;26;0;13;0;26;0;0;18;0
15.10.2017;4;0;13;19;44;9;46;6;30;11;33;10;19;0;5;26;0;28;8;42;7;0;0;19;24;0;17;10;23;0;0;14;0
15.10.2017;5;0;20;26;47;28;29;31;31;44;32;39;17;0;19;39;0;28;11;38;20;0;0;9;9;0;23;16;19;0;0;11;0
15.10.2017;6;0;25;40;55;52;44;36;35;49;32;41;23;0;24;41;0;22;4;28;12;0;0;24;10;0;30;13;24;0;0;20;0
15.10.2017;7;0;30;40;43;59;39;32;38;42;32;28;13;0;30;31;7;30;0;37;0;0;0;30;16;0;30;14;30;0;0;15;0
15.10.2017;8;0;36;39;50;54;46;39;47;50;35;30;28;0;20;13;35;33;0;40;0;0;0;30;13;0;35;11;31;0;0;10;0
15.10.2017;9;0;21;38;35;49;37;29;32;49;35;22;17;0;31;34;39;32;0;35;0;0;0;35;30;0;28;20;26;0;0;28;1
15.10.2017;10;0;27;38;53;55;55;43;37;47;34;28;21;0;39;33;42;17;0;23;0;0;0;28;30;0;24;35;28;0;0;32;1
15.10.2017;11;0;18;45;44;50;52;52;30;48;43;31;22;0;40;23;40;24;0;27;0;0;0;28;35;0;30;23;29;0;0;33;0
15.10.2017;12;0;25;35;53;61;48;40;31;42;35;29;21;0;37;26;32;21;0;28;0;0;11;24;32;0;32;13;27;0;0;27;0
15.10.2017;13;0;30;42;52;73;53;58;34;46;28;36;27;0;36;29;30;34;0;51;0;0;19;34;27;0;41;22;31;0;0;25;0
15.10.2017;14;0;35;29;51;61;44;53;40;51;28;26;16;0;25;18;26;24;0;37;0;0;22;33;30;0;35;18;27;0;0;20;0
15.10.2017;15;0;40;25;47;65;41;56;44;44;18;31;24;0;33;25;33;23;0;34;0;0;29;25;33;0;35;21;28;0;0;30;0
15.10.2017;16;0;42;31;55;68;50;53;48;48;31;46;20;0;25;33;24;40;0;44;0;0;23;31;15;0;41;25;29;0;0;18;0
15.10.2017;17;0;30;38;54;50;40;36;35;39;35;40;27;0;22;46;0;42;0;39;0;0;22;25;22;0;23;20;29;0;0;21;0
15.10.2017;18;0;35;46;57;73;40;43;40;44;36;41;20;0;17;41;0;27;0;34;0;0;18;31;25;0;34;21;19;0;0;19;1
15.10.2017;19;0;26;60;47;64;40;36;36;42;30;32;14;0;30;51;0;30;0;38;0;0;0;40;8;0;31;23;21;0;0;25;1
15.10.2017;20;0;31;52;51;64;51;29;34;30;27;60;32;0;22;52;0;44;0;47;0;0;0;34;15;0;30;17;34;0;0;25;0
15.10.2017;21;0;27;43;44;28;40;19;27;17;31;19;23;0;1;31;0;30;0;36;0;0;0;19;15;0;20;0;30;0;0;23;0
15.10.2017;22;0;28;40;33;0;52;0;49;0;42;0;50;0;0;35;0;34;0;36;0;0;0;20;20;0;25;0;36;0;0;20;0
15.10.2017;23;0;18;22;24;0;45;0;29;0;15;0;38;0;0;29;0;41;0;51;0;0;0;16;23;0;17;0;20;0;0;20;0
15.10.2017;24;0;9;14;19;0;24;0;21;0;14;0;11;0;0;22;0;10;0;29;0;0;0;15;17;0;21;0;19;0;0;16;0
16.10.2017;1;0;11;14;15;0;26;0;20;0;18;0;11;0;0;25;0;10;0;21;0;0;0;30;14;0;14;0;24;0;0;10;0
16.10.2017;2;0;7;12;31;0;37;0;20;0;22;0;17;0;0;35;0;14;0;29;0;0;0;28;18;0;24;0;29;0;0;13;0
16.10.2017;3;0;9;15;32;0;45;0;25;0;19;0;28;0;0;20;0;24;0;33;0;0;0;20;26;0;24;0;14;0;0;15;0
16.10.2017;4;0;10;37;39;8;39;7;25;17;34;12;17;0;0;29;0;35;0;41;5;0;0;15;21;0;23;0;28;0;0;15;0
16.10.2017;5;0;21;60;50;41;37;25;34;37;33;32;17;0;14;35;0;38;0;50;11;0;0;19;13;0;32;10;24;0;0;17;0
16.10.2017;6;0;32;44;54;56;36;41;44;51;36;32;10;0;28;41;0;28;0;29;3;0;0;27;8;0;39;9;31;0;0;23;0
16.10.2017;7;0;33;49;45;54;41;43;38;50;37;33;15;0;26;39;0;30;0;37;0;0;0;30;18;0;34;12;29;0;0;14;1
16.10.2017;8;0;45;40;49;62;43;31;54;60;38;43;25;0;27;34;19;35;0;37;0;0;0;29;15;0;35;10;39;0;0;12;0
16.10.2017;9;0;27;30;39;52;32;31;35;40;28;22;24;0;34;27;38;22;0;31;0;0;0;51;28;0;33;18;33;0;0;28;2
16.10.2017;10;0;20;37;41;44;29;44;26;49;34;0;21;0;33;26;43;19;0;30;0;0;0;34;31;0;30;20;32;0;0;30;2
16.10.2017;11;0;19;38;41;46;32;49;39;49;38;0;33;0;32;24;33;25;0;24;0;0;2;29;27;0;33;14;35;0;0;26;0
16.10.2017;12;0;22;35;54;65;43;43;35;40;28;0;28;0;30;29;34;21;0;25;0;0;12;24;18;0;41;16;28;0;0;22;1
16.10.2017;13;0;27;40;55;67;58;39;37;31;32;0;30;0;29;34;18;29;0;49;0;0;17;32;16;0;45;14;20;0;0;22;0
16.10.2017;14;0;30;26;50;73;59;39;36;31;23;0;30;0;23;34;0;21;0;39;0;0;26;46;24;0;41;24;18;0;0;24;1
16.10.2017;15;0;38;35;47;61;53;42;41;48;30;0;31;0;30;58;0;22;0;26;0;0;25;24;35;0;42;26;28;0;0;26;3
16.10.2017;16;0;27;42;53;61;54;36;32;45;39;5;32;0;24;55;0;30;0;35;0;0;7;35;19;0;37;30;24;0;0;21;0
16.10.2017;17;0;29;37;51;56;46;30;35;41;36;37;25;0;12;39;0;36;0;39;0;0;0;42;15;0;20;23;22;0;0;14;1
16.10.2017;18;0;28;48;54;59;55;25;29;40;38;38;33;0;11;41;0;34;0;40;0;0;0;35;17;0;27;26;26;0;0;17;0
16.10.2017;19;0;21;44;51;62;56;27;32;44;30;40;29;0;14;36;0;36;0;38;0;0;0;40;13;0;32;35;19;0;0;14;0
16.10.2017;20;0;27;33;49;52;47;24;28;29;20;52;32;0;18;42;0;54;0;47;0;0;0;23;8;0;29;11;29;0;0;23;0
16.10.2017;21;0;25;28;33;10;35;5;37;5;41;9;21;0;0;21;0;27;0;35;0;0;0;9;12;0;16;0;29;0;0;13;0
16.10.2017;22;0;22;29;31;0;45;0;34;0;36;0;34;0;0;24;0;27;0;32;0;0;0;14;10;0;25;0;31;0;0;9;0
16.10.2017;23;0;17;17;25;0;39;0;31;0;20;0;28;0;0;19;0;31;0;41;0;0;0;14;17;0;11;0;24;0;0;16;0
16.10.2017;24;0;3;9;20;0;30;0;18;0;19;0;6;0;0;25;0;5;0;22;0;0;0;10;10;0;23;0;23;0;0;9;0
17.10.2017;1;0;12;8;14;0;29;0;24;0;20;0;11;0;0;30;0;15;0;23;0;0;0;27;10;0;16;0;25;0;0;8;0
17.10.2017;2;0;6;1;28;0;32;0;27;0;21;0;16;0;0;28;0;21;0;28;0;0;0;31;26;0;19;0;25;0;0;19;0
17.10.2017;3;0;1;8;29;0;31;0;15;0;25;0;22;0;0;19;0;25;0;30;0;0;0;15;23;0;15;0;24;0;0;15;0
17.10.2017;4;0;10;22;35;3;33;2;26;5;39;1;22;0;0;28;0;31;5;37;9;0;0;11;27;0;19;0;29;0;0;15;0
17.10.2017;5;0;24;33;50;43;40;31;34;57;38;35;22;0;18;32;0;36;13;34;14;0;0;14;9;0;27;10;36;0;0;15;0
17.10.2017;6;0;28;48;47;54;38;26;33;49;41;30;24;0;20;36;0;21;2;25;7;0;0;24;14;0;34;14;28;0;0;12;0
17.10.2017;7;0;26;43;48;64;44;35;34;53;35;31;24;0;29;47;0;25;0;38;0;0;0;28;19;0;28;17;37;0;0;14;4
17.10.2017;8;0;42;38;51;58;39;43;46;45;32;40;26;0;21;45;0;38;0;46;0;0;0;32;23;0;32;12;28;0;0;12;2
17.10.2017;9;0;28;36;39;48;34;35;38;36;29;29;23;0;32;59;0;31;0;39;0;0;0;46;20;0;26;13;31;0;0;25;1
17.10.2017;10;0;17;47;47;45;36;36;22;46;33;0;28;0;29;59;0;17;0;21;0;0;0;28;25;0;28;28;29;0;0;25;1
17.10.2017;11;0;15;45;48;49;42;50;27;57;42;0;39;0;26;44;26;23;0;25;0;0;0;36;29;0;31;21;43;0;0;21;0
17.10.2017;12;0;26;32;54;55;48;41;32;44;24;0;29;0;24;29;28;24;0;26;0;0;0;43;23;0;29;20;37;0;0;17;1
17.10.2017;13;0;26;41;49;63;50;34;34;31;23;0;35;0;28;23;33;32;0;40;0;0;9;32;14;0;21;15;22;14;0;21;0
17.10.2017;14;0;27;48;41;57;45;36;28;33;28;0;29;0;18;18;21;23;0;33;0;0;27;30;28;0;28;18;17;20;0;23;0
17.10.2017;15;0;36;41;49;51;47;50;45;46;28;0;39;0;25;23;30;33;0;39;0;0;24;29;29;0;34;22;29;27;0;30;0
17.10.2017;16;0;28;55;57;52;57;46;32;40;32;0;42;0;26;28;27;34;0;46;0;0;13;21;25;0;30;22;25;13;0;23;0
17.10.2017;17;0;32;43;53;46;55;41;36;46;34;25;38;0;18;32;10;33;0;35;0;0;13;18;24;0;27;25;16;0;0;18;0
17.10.2017;18;0;21;55;55;51;61;32;25;35;32;44;32;0;14;39;0;41;0;44;0;0;17;19;15;0;28;20;14;0;0;14;0
17.10.2017;19;0;19;45;61;59;55;30;28;47;31;31;20;0;20;41;0;31;0;38;0;0;4;34;10;0;31;25;18;0;0;21;0
17.10.2017;20;0;29;41;56;53;47;34;34;33;28;54;32;0;12;49;0;44;0;41;11;0;0;26;17;0;27;13;24;0;0;22;0
17.10.2017;21;0;23;38;31;11;36;8;39;5;37;12;30;0;0;24;0;31;0;36;2;0;0;14;10;0;24;0;26;0;0;18;0
17.10.2017;22;0;25;24;34;0;37;0;40;0;32;0;38;0;0;25;0;34;0;34;0;0;0;13;13;0;18;0;28;0;0;13;0
17.10.2017;23;0;14;13;22;0;33;0;25;0;12;0;29;0;0;23;0;32;0;39;0;0;0;14;18;0;12;0;19;0;0;19;0
17.10.2017;24;0;7;13;15;0;18;0;14;0;11;0;10;0;0;11;0;9;0;20;0;0;0;10;13;0;15;0;16;0;0;9;0
18.10.2017;1;0;8;10;18;0;22;0;22;0;13;0;6;0;0;22;0;6;0;19;0;0;0;20;15;0;17;0;18;0;0;11;0
18.10.2017;2;0;6;4;31;0;23;0;26;0;15;0;10;0;0;29;0;17;0;33;0;0;0;20;22;0;24;0;24;0;0;22;0
18.10.2017;3;0;5;7;31;0;29;0;17;0;11;0;17;0;0;18;0;25;0;32;0;0;0;19;22;0;17;0;12;0;0;10;0
18.10.2017;4;0;8;19;35;0;23;0;25;0;26;0;25;0;0;32;0;32;0;38;9;0;0;19;26;0;18;3;23;0;0;18;0
18.10.2017;5;0;23;32;49;33;33;33;42;43;38;29;27;0;20;37;0;34;0;55;19;0;0;14;10;0;26;16;24;0;0;16;0
18.10.2017;6;0;33;37;56;55;51;44;31;56;30;29;13;0;21;35;0;22;0;28;8;0;0;21;9;0;39;17;23;0;0;13;0
18.10.2017;7;0;31;50;47;54;42;42;33;61;47;32;15;0;25;40;0;32;0;41;0;0;0;26;18;0;32;11;33;0;0;7;1
18.10.2017;8;0;35;36;52;56;50;36;39;47;29;33;15;0;22;37;18;32;0;44;0;0;0;34;26;0;34;15;29;0;0;10;1
18.10.2017;9;0;23;37;42;54;36;38;31;36;35;19;26;0;25;28;33;29;0;31;0;0;0;44;25;0;23;17;32;0;0;19;0
18.10.2017;10;0;20;38;42;50;37;31;27;33;30;0;29;0;30;32;30;26;0;24;0;0;0;43;20;0;28;20;21;0;0;23;0
18.10.2017;11;0;24;44;45;53;42;55;30;52;40;0;32;0;29;27;26;25;0;26;0;0;3;36;26;0;27;18;33;4;0;31;2
18.10.2017;12;0;26;32;54;67;51;40;32;31;28;0;29;0;27;23;30;23;0;22;0;0;12;23;17;0;26;12;29;16;0;18;0
18.10.2017;13;0;25;29;58;64;58;46;39;44;26;15;17;0;35;22;26;27;0;40;0;0;16;31;17;2;31;21;27;22;0;19;0
18.10.2017;14;0;33;23;48;60;49;48;39;34;21;31;6;0;21;22;19;24;0;32;0;0;38;37;19;10;26;22;12;20;0;18;0
18.10.2017;15;0;45;31;53;76;59;58;47;52;30;37;7;0;31;28;22;34;0;44;0;0;33;26;16;12;29;21;28;21;0;26;0
18.10.2017;16;0;43;34;58;71;58;55;53;55;33;41;11;0;24;29;31;36;0;35;0;0;20;23;26;0;23;30;25;19;0;24;0
18.10.2017;17;0;37;44;48;65;50;34;37;51;37;50;19;0;15;21;17;36;0;35;0;0;15;37;19;0;24;30;14;9;0;15;0
18.10.2017;18;0;38;44;60;69;61;35;40;50;34;50;31;0;9;36;4;46;0;41;0;0;0;36;15;0;28;23;19;0;0;12;0
18.10.2017;19;0;22;51;55;66;58;33;30;38;31;41;26;0;21;47;0;38;0;43;0;0;0;39;9;0;33;23;18;0;0;25;0
18.10.2017;20;0;27;41;60;59;56;31;32;26;24;54;26;0;23;40;0;45;0;47;0;0;0;25;7;0;26;15;19;0;0;20;0
18.10.2017;21;0;24;39;44;26;39;24;39;17;28;31;23;0;0;29;0;42;0;45;0;0;0;19;17;0;23;0;31;0;0;17;0
18.10.2017;22;0;26;30;33;0;40;0;50;0;29;0;40;0;0;29;0;35;0;42;0;0;0;16;16;0;29;0;31;0;0;16;0
18.10.2017;23;0;17;19;25;0;37;0;30;0;24;0;29;0;0;20;0;28;0;40;0;0;0;16;25;0;19;0;26;0;0;20;0
18.10.2017;24;0;5;12;14;0;23;0;15;0;16;0;6;0;0;13;0;8;0;21;0;0;0;11;16;0;15;0;24;0;0;13;0
19.10.2017;1;0;8;12;20;0;28;0;16;0;21;0;9;0;0;18;0;5;0;10;0;0;0;22;18;0;10;0;26;0;0;11;0
19.10.2017;2;0;3;4;24;0;24;0;16;0;18;0;14;0;0;20;0;9;0;21;0;0;0;13;18;0;20;0;22;0;0;12;0
19.10.2017;3;0;4;14;24;0;22;0;12;0;11;0;18;0;0;20;0;20;0;30;0;0;0;12;19;0;16;0;16;0;0;11;0
19.10.2017;4;0;10;17;38;0;36;0;23;3;28;0;21;0;0;24;0;28;7;31;3;0;0;12;18;0;17;0;19;0;0;10;0
19.10.2017;5;0;21;31;37;38;42;18;29;32;29;30;18;0;2;26;0;33;22;37;18;0;0;13;10;0;21;16;20;0;0;14;0
19.10.2017;6;0;33;42;55;62;59;36;39;52;39;36;19;0;19;33;0;25;6;19;11;0;0;22;10;0;35;21;24;0;0;14;0
19.10.2017;7;0;23;50;55;58;52;35;36;61;49;31;15;0;34;45;3;26;0;30;0;0;0;29;15;0;34;17;39;0;0;14;0
19.10.2017;8;0;37;38;55;60;58;49;52;57;33;35;23;0;31;24;35;34;0;39;0;0;0;32;19;0;32;16;51;0;0;18;0
19.10.2017;9;0;34;31;39;51;42;34;41;41;28;23;17;0;25;30;38;24;0;35;0;0;7;35;23;0;21;15;33;5;0;24;0
19.10.2017;10;0;21;38;37;54;37;38;34;49;38;31;15;0;31;33;37;23;0;31;0;0;15;27;32;0;19;34;22;19;0;25;1
19.10.2017;11;0;21;42;48;49;50;53;32;46;38;35;15;0;24;23;29;25;0;31;0;0;20;23;25;0;19;25;31;16;0;24;0
19.10.2017;12;0;24;32;55;66;52;45;29;45;26;24;13;0;27;36;19;20;0;20;0;0;17;23;21;0;22;17;32;12;0;16;0
19.10.2017;13;0;27;47;50;57;50;32;30;35;28;27;17;0;30;26;26;30;0;33;0;0;15;30;17;0;19;20;20;17;0;24;0
19.10.2017;14;0;24;39;46;59;46;42;26;38;23;25;16;0;25;18;16;24;0;32;0;0;32;24;27;0;19;19;19;16;0;23;0
19.10.2017;15;0;30;28;48;83;51;44;34;40;16;40;12;0;32;28;22;40;0;35;0;0;28;19;28;0;28;27;22;17;0;31;0
19.10.2017;16;0;30;50;56;65;57;46;33;39;33;34;13;0;19;34;11;34;0;36;0;0;16;18;25;0;21;31;20;14;0;20;0
19.10.2017;17;0;31;53;51;49;48;23;32;37;30;44;23;0;17;36;0;30;0;34;0;0;18;18;21;0;21;36;21;2;0;19;0
19.10.2017;18;0;24;58;60;68;61;21;30;31;29;45;23;0;13;34;0;39;0;40;0;0;18;27;16;0;33;22;16;0;0;13;0
19.10.2017;19;0;20;41;53;54;49;26;27;33;28;44;28;0;22;34;0;46;0;47;0;0;10;36;13;0;23;23;18;0;0;26;0
19.10.2017;20;0;25;32;63;69;56;32;33;32;22;53;29;0;21;47;0;48;0;43;0;0;0;32;10;0;27;23;24;0;0;21;0
19.10.2017;21;0;30;33;39;28;37;27;38;27;30;29;29;0;0;35;0;36;0;43;0;0;0;20;16;0;26;1;35;0;0;19;0
19.10.2017;22;0;24;29;26;0;36;0;38;0;32;0;48;0;0;37;0;36;0;37;0;0;0;19;11;0;19;0;30;0;0;14;0
19.10.2017;23;0;22;18;26;0;44;0;32;0;18;0;35;0;0;20;0;39;0;45;0;0;0;21;20;0;15;0;21;0;0;22;0
19.10.2017;24;0;6;10;15;0;19;0;13;0;13;0;8;0;0;23;0;7;0;20;0;0;0;9;9;0;18;0;23;0;0;9;0
20.10.2017;1;0;6;9;13;0;18;0;19;0;13;0;7;0;0;25;0;6;0;17;0;0;0;20;13;0;11;0;21;0;0;3;0
20.10.2017;2;0;4;2;23;0;32;0;20;0;10;0;10;0;0;25;0;15;0;26;0;0;0;21;12;0;20;0;17;0;0;14;0
20.10.2017;3;0;3;10;34;0;41;0;13;0;14;0;25;0;0;16;0;25;0;22;0;0;0;24;11;0;18;0;14;0;0;7;0
20.10.2017;4;0;9;21;34;4;33;2;23;4;27;3;22;0;0;29;0;31;0;40;2;0;0;17;14;0;25;0;20;0;0;8;0
20.10.2017;5;0;23;32;46;46;41;33;32;40;30;30;22;0;13;37;0;33;0;49;14;0;0;22;7;0;28;4;27;0;0;15;0
20.10.2017;6;0;31;55;62;53;58;38;39;52;40;37;20;0;24;36;0;31;0;30;6;0;0;25;7;0;31;15;27;0;0;15;0
20.10.2017;7;0;25;68;50;57;52;35;31;42;37;32;14;0;26;37;0;30;0;30;0;0;0;30;17;0;15;10;32;14;0;14;0
20.10.2017;8;0;37;53;44;57;45;29;43;44;33;39;24;0;25;36;18;40;0;47;0;0;0;31;21;0;16;20;32;20;0;11;0
20.10.2017;9;0;33;38;42;59;45;35;33;37;27;28;19;0;24;21;32;26;0;34;0;0;0;46;30;0;15;21;32;10;0;26;0
20.10.2017;10;0;24;40;44;51;39;27;25;45;32;27;21;0;32;31;27;20;0;24;0;0;7;34;32;0;15;28;28;18;0;24;0
20.10.2017;11;0;19;66;42;45;42;41;30;46;40;25;18;0;31;27;25;21;0;27;0;0;14;15;22;0;21;20;31;12;0;34;0
20.10.2017;12;0;27;36;55;62;57;42;38;37;29;25;15;0;43;32;25;19;0;25;0;0;16;26;23;0;23;17;30;13;0;22;0
20.10.2017;13;0;36;40;54;78;59;37;41;50;36;32;21;0;33;28;32;35;0;39;0;0;19;39;19;0;26;25;26;25;0;19;0
20.10.2017;14;0;28;31;45;65;50;43;39;47;34;32;12;0;20;23;22;28;0;36;0;0;30;40;30;0;26;25;20;19;0;21;2
20.10.2017;15;0;44;39;54;76;57;62;55;56;35;41;18;0;34;23;30;37;0;41;0;0;27;20;44;0;34;33;33;21;0;31;2
20.10.2017;16;0;38;36;56;66;55;39;42;49;35;42;23;0;23;28;28;35;0;38;0;0;15;23;25;0;28;30;26;18;0;20;0
20.10.2017;17;0;37;45;50;61;53;36;39;39;38;43;34;0;13;29;9;39;0;40;0;0;15;24;24;0;19;26;20;10;0;20;0
20.10.2017;18;0;27;41;57;61;55;28;34;43;33;58;29;0;17;45;0;49;0;49;0;0;19;20;21;0;27;24;19;8;0;15;0
20.10.2017;19;0;24;39;54;56;45;45;32;50;35;44;20;0;22;45;0;41;0;43;0;0;24;15;19;0;26;26;18;0;0;24;0
20.10.2017;20;0;28;44;58;58;56;33;33;39;26;57;32;0;15;37;0;52;0;42;0;0;11;24;10;0;23;27;12;0;0;16;0
20.10.2017;21;0;21;38;35;22;44;14;35;11;33;27;30;0;0;24;0;43;0;41;0;0;0;22;19;0;17;6;28;0;0;17;0
20.10.2017;22;0;27;28;27;0;47;0;43;0;31;0;43;0;0;27;0;33;0;40;0;0;0;19;17;0;24;0;34;0;0;19;0
20.10.2017;23;0;17;16;24;0;41;0;26;0;21;0;42;0;0;29;0;38;0;42;0;0;0;19;23;0;11;0;29;0;0;19;0
20.10.2017;24;0;6;11;19;0;29;0;17;0;16;0;10;0;0;23;0;11;0;21;0;0;0;15;17;0;13;0;15;0;0;15;0
21.10.2017;1;0;9;9;22;0;30;0;24;0;14;0;12;0;0;22;0;11;0;17;0;0;0;18;13;0;12;0;21;0;0;13;0
21.10.2017;2;0;9;3;33;0;34;0;21;0;14;0;21;0;0;22;0;21;0;23;0;0;0;16;16;0;14;0;20;0;0;14;0
21.10.2017;3;0;6;13;32;0;32;0;17;0;19;0;23;0;0;26;0;25;0;30;0;0;0;11;15;0;20;0;18;0;0;17;0
21.10.2017;4;0;7;24;37;8;36;6;21;15;25;9;19;0;6;29;0;26;6;32;9;0;0;16;24;0;19;10;13;0;0;18;0
21.10.2017;5;0;19;37;42;40;30;25;31;46;34;35;16;0;19;30;0;30;14;28;13;0;0;20;14;0;29;22;19;0;0;13;0
21.10.2017;6;0;22;45;53;59;49;30;29;43;35;38;22;0;20;37;0;28;5;21;4;0;0;22;8;0;30;14;27;0;0;13;0
21.10.2017;7;0;27;41;45;57;46;26;39;41;37;29;23;0;24;37;0;25;0;26;0;0;0;27;14;0;16;11;33;23;0;11;0
21.10.2017;8;0;32;36;48;62;55;33;46;52;40;31;25;0;26;43;34;28;0;29;0;0;0;35;22;0;18;16;36;19;0;12;0
21.10.2017;9;0;27;31;38;48;38;37;40;38;30;28;20;0;33;31;38;31;0;32;0;0;7;34;20;0;14;21;27;10;0;31;0
21.10.2017;10;0;19;41;46;37;37;28;25;41;34;22;16;0;37;29;35;23;0;21;0;0;10;20;28;0;25;26;22;2;0;24;1
21.10.2017;11;0;17;50;48;46;36;42;31;60;49;32;24;0;37;31;39;23;0;22;0;0;18;24;23;0;25;28;36;0;0;25;0
21.10.2017;12;0;22;35;54;61;42;35;31;44;30;23;14;0;31;30;35;20;0;17;0;0;14;29;23;0;29;20;26;0;0;21;0
21.10.2017;13;0;30;33;49;65;46;43;36;45;26;26;18;0;27;19;33;23;0;37;0;0;24;35;23;0;28;19;26;0;0;21;0
21.10.2017;14;0;24;29;52;60;45;47;28;47;27;28;18;0;21;27;20;20;0;35;0;0;31;32;29;0;40;20;25;0;0;24;0
21.10.2017;15;0;36;27;55;68;50;54;38;46;19;52;27;0;30;27;30;43;0;46;0;0;33;25;35;0;40;24;33;0;0;27;2
21.10.2017;16;0;32;36;53;62;40;36;36;52;31;46;24;0;24;42;16;34;0;41;0;0;18;25;19;0;32;26;27;0;0;20;0
21.10.2017;17;0;25;35;48;47;33;23;25;30;28;40;30;0;17;39;0;32;0;36;0;0;13;27;16;0;23;26;22;0;0;21;0
21.10.2017;18;0;20;45;55;52;39;30;23;38;35;49;38;0;15;37;0;38;0;31;0;0;17;30;23;0;20;25;20;0;0;22;0
21.10.2017;19;0;23;36;54;56;44;35;34;33;23;33;20;0;22;42;0;38;0;41;0;0;0;37;16;0;23;28;18;0;0;27;0
21.10.2017;20;0;32;44;44;56;46;23;32;16;18;61;32;0;3;38;0;49;0;52;0;0;0;26;12;0;24;9;26;0;0;25;0
21.10.2017;21;0;24;42;38;29;32;25;26;27;26;28;26;0;0;30;0;33;0;44;0;0;0;18;14;0;22;0;34;0;0;14;0
21.10.2017;22;0;24;30;31;0;38;0;27;0;31;0;36;0;0;26;0;33;0;40;0;0;0;14;13;0;19;0;30;0;0;14;0
21.10.2017;23;0;17;18;27;0;34;0;19;0;26;0;37;0;0;28;0;35;0;36;0;0;0;11;17;0;11;0;36;0;0;16;0
21.10.2017;24;0;8;24;21;0;33;0;19;0;18;0;14;0;0;16;0;17;0;26;0;0;0;15;12;0;16;0;20;0;0;11;0
22.10.2017;1;0;4;14;12;0;25;0;14;0;13;0;13;0;0;25;0;13;0;22;0;0;0;26;10;0;15;0;18;0;0;10;0
22.10.2017;2;0;4;6;32;0;36;0;16;0;14;0;13;0;0;21;0;11;0;25;0;0;0;17;16;0;14;0;15;0;0;14;0
22.10.2017;3;0;3;12;25;0;26;0;17;0;18;0;15;0;0;28;0;22;0;31;0;0;0;15;20;0;19;0;16;0;0;15;0
22.10.2017;4;0;12;21;36;8;37;6;23;11;32;4;21;0;1;32;0;35;0;36;0;0;0;19;23;0;19;0;25;0;0;20;0
22.10.2017;5;0;23;29;47;36;27;23;32;37;29;34;20;0;19;34;0;36;0;53;14;0;0;19;15;0;30;11;24;0;0;16;0
22.10.2017;6;0;24;38;54;52;38;31;33;44;31;36;12;0;25;38;0;26;0;31;5;0;0;23;11;0;33;9;28;0;0;17;0
22.10.2017;7;0;17;44;47;50;35;25;29;38;34;33;21;0;27;41;0;24;0;35;0;0;0;29;13;0;35;9;32;0;0;13;0
22.10.2017;8;0;34;38;42;44;35;25;45;38;29;30;18;0;20;35;14;27;0;31;0;0;0;31;14;0;32;12;35;0;0;12;0
22.10.2017;9;0;29;27;37;43;31;33;39;38;22;27;14;0;32;33;29;28;0;30;0;0;0;39;21;0;22;16;29;0;0;25;0
22.10.2017;10;0;16;43;48;45;36;35;30;46;37;32;25;0;39;34;33;25;0;24;0;0;1;25;30;0;27;28;22;0;0;38;0
22.10.2017;11;0;28;51;48;54;27;55;47;53;43;32;20;0;43;32;39;23;0;23;0;0;17;24;32;0;29;18;35;0;0;39;0
22.10.2017;12;0;25;36;54;57;44;33;40;35;29;16;8;0;29;26;30;18;0;24;0;0;12;26;25;0;30;11;29;0;0;23;0
22.10.2017;13;0;27;41;51;66;48;39;38;40;35;30;23;0;35;31;32;25;0;37;0;0;20;32;19;0;31;23;31;0;0;25;0
22.10.2017;14;0;31;31;51;69;53;43;38;35;29;18;10;0;28;45;5;22;0;35;0;0;28;41;31;0;35;19;21;0;0;23;0
22.10.2017;15;0;39;35;51;68;49;50;43;52;29;38;28;0;32;61;0;32;0;37;0;0;29;19;36;0;39;30;30;0;0;28;0
22.10.2017;16;0;33;35;55;71;53;37;31;47;31;39;22;0;20;56;0;43;0;53;0;0;21;26;19;0;38;28;23;0;0;19;0
22.10.2017;17;0;33;42;55;56;42;35;41;42;32;44;21;0;21;42;0;37;0;35;0;0;5;29;18;0;21;24;24;0;0;22;0
22.10.2017;18;0;17;49;55;64;48;31;23;33;35;43;28;0;17;44;0;40;0;36;0;0;0;39;20;0;34;21;19;0;0;18;0
22.10.2017;19;0;22;41;53;63;43;38;30;44;29;42;32;0;18;45;0;46;0;39;0;0;0;37;13;0;30;29;13;0;0;23;0
22.10.2017;20;0;30;45;48;58;42;30;33;34;27;56;30;0;13;47;0;48;0;40;0;0;0;33;7;0;25;23;26;0;0;27;0
22.10.2017;21;0;22;41;41;24;41;23;40;22;37;23;29;0;0;31;0;39;0;43;0;0;0;20;16;0;23;0;33;0;0;21;0
22.10.2017;22;0;29;30;30;0;48;0;43;0;36;0;49;0;0;31;0;38;0;40;0;0;0;24;17;0;27;0;30;0;0;16;0
22.10.2017;23;0;22;19;22;0;38;0;36;0;19;0;35;0;0;29;0;37;0;42;0;0;0;20;22;0;17;0;22;0;0;20;0
22.10.2017;24;0;12;11;21;0;22;0;20;0;13;0;12;0;0;19;0;14;0;24;0;0;0;10;10;0;15;0;13;0;0;10;0
23.10.2017;1;0;6;6;18;0;32;0;15;0;18;0;13;0;0;23;0;10;0;20;0;0;0;25;10;0;12;0;20;0;0;5;0
23.10.2017;2;0;6;6;33;0;37;0;16;0;20;0;15;0;0;30;0;15;0;24;0;0;0;19;18;0;16;0;27;0;0;18;0
23.10.2017;3;0;5;7;34;0;39;0;17;0;19;0;19;0;0;17;0;22;0;26;0;0;0;16;23;0;18;0;18;0;0;10;0
23.10.2017;4;0;6;21;30;8;35;3;20;6;27;4;16;0;3;30;0;27;5;35;9;0;0;16;22;0;20;0;21;0;0;12;0
23.10.2017;5;0;23;35;48;41;45;32;36;49;32;39;24;0;22;35;0;29;16;33;16;0;0;15;19;0;29;9;36;0;0;21;0
23.10.2017;6;0;32;45;56;58;49;36;38;46;38;35;23;0;19;36;0;25;6;23;5;0;0;23;6;0;40;10;29;0;0;15;0
23.10.2017;7;0;22;48;50;65;48;24;23;44;40;36;22;0;24;43;0;31;0;32;0;0;0;28;15;0;38;10;33;0;0;7;2
23.10.2017;8;0;37;34;51;56;44;35;40;43;24;39;30;0;20;39;11;37;0;35;0;0;0;28;22;0;36;9;35;0;0;13;0
23.10.2017;9;0;31;29;39;57;43;29;38;39;26;19;32;0;29;31;34;35;0;33;0;0;0;49;22;0;30;22;34;0;0;26;0
23.10.2017;10;0;15;36;46;47;42;34;23;41;30;0;26;0;33;35;33;21;0;19;0;0;0;28;23;0;33;26;19;0;0;30;0
23.10.2017;11;0;15;45;47;44;29;34;27;54;39;0;31;0;27;51;17;21;0;23;0;0;0;29;20;0;31;28;39;0;0;25;0
23.10.2017;12;0;28;36;53;62;53;32;39;36;27;0;31;0;23;61;0;19;0;19;0;0;9;26;23;0;26;12;27;12;0;24;0
23.10.2017;13;0;26;35;53;63;48;39;33;38;24;0;30;0;36;64;0;25;0;36;0;0;23;29;17;0;26;21;24;24;0;24;0
23.10.2017;14;0;33;33;45;67;42;44;39;30;28;0;33;0;21;34;13;26;0;33;0;0;34;30;30;0;24;23;14;14;0;28;0
23.10.2017;15;0;30;50;47;68;50;45;31;43;30;0;43;0;32;19;35;34;0;38;0;0;29;20;37;0;26;31;22;14;0;31;1
23.10.2017;16;0;27;44;53;70;49;41;35;54;38;0;45;0;31;26;31;33;0;43;0;0;15;22;23;0;25;25;25;15;0;24;0
23.10.2017;17;0;29;68;57;57;55;32;31;47;43;0;41;0;15;24;22;39;0;38;0;0;16;29;14;0;20;23;26;6;0;16;0
23.10.2017;18;0;18;52;56;51;55;35;24;35;31;23;34;0;19;38;15;47;0;42;0;0;16;24;15;0;27;28;23;0;0;19;0
23.10.2017;19;0;22;42;52;55;52;32;28;38;22;51;24;0;18;39;0;47;0;39;0;0;7;32;16;0;22;27;20;0;0;23;0
23.10.2017;20;0;25;34;57;46;44;31;27;25;19;60;43;0;11;37;0;54;0;54;8;0;0;27;8;0;22;12;27;0;0;19;0
23.10.2017;21;0;23;31;36;9;33;2;32;5;36;14;31;0;0;19;0;32;0;38;5;0;0;22;12;0;21;0;27;0;0;13;0
23.10.2017;22;0;22;27;25;0;28;0;37;0;29;0;40;0;0;20;0;34;0;37;0;0;0;16;12;0;29;0;26;0;0;13;0
23.10.2017;23;0;15;14;20;0;25;0;24;0;15;0;33;0;0;23;0;33;0;40;0;0;0;8;23;0;15;0;24;0;0;20;0
23.10.2017;24;0;6;8;18;0;15;0;11;0;10;0;9;0;0;19;0;9;0;18;0;0;0;13;9;0;13;0;19;0;0;7;0
24.10.2017;1;0;9;8;14;0;21;0;20;0;17;0;8;0;0;20;0;9;0;16;0;0;0;22;14;0;13;0;20;0;0;7;0
24.10.2017;2;0;6;2;22;0;25;0;22;0;4;0;10;0;0;14;0;15;0;26;0;0;0;23;8;0;18;0;10;0;0;14;0
24.10.2017;3;0;5;9;27;0;19;0;14;0;11;0;16;0;0;15;0;23;0;27;0;0;0;17;5;0;19;0;14;0;0;6;0
24.10.2017;4;0;11;25;31;0;35;0;22;0;30;0;28;0;0;37;0;34;0;42;8;0;0;18;14;0;19;0;21;0;0;15;0
24.10.2017;5;0;20;39;43;30;42;21;33;27;38;25;26;0;13;36;0;29;0;44;15;0;0;18;13;0;29;7;23;0;0;17;0
24.10.2017;6;0;26;58;54;54;38;24;27;34;31;38;31;0;18;28;0;25;0;28;8;0;0;23;9;0;34;13;22;0;0;14;0
24.10.2017;7;0;27;48;55;64;47;32;27;54;34;32;30;0;30;42;5;29;0;31;0;0;0;24;18;0;29;15;40;0;0;12;0
24.10.2017;8;0;42;52;45;50;36;20;39;51;37;43;38;0;26;28;31;30;0;32;0;0;0;31;16;0;26;15;40;0;0;13;0
24.10.2017;9;0;27;37;41;50;34;25;31;41;33;33;23;0;27;24;41;31;0;37;0;0;0;34;18;0;23;12;31;0;0;22;0
24.10.2017;10;0;25;47;44;48;39;36;27;46;34;28;19;0;45;38;45;21;0;23;0;0;0;30;35;0;29;23;29;0;0;38;0
24.10.2017;11;0;19;49;43;51;38;38;25;58;38;36;21;0;38;26;30;19;0;26;0;0;0;41;23;0;30;17;34;0;0;31;1
24.10.2017;12;0;29;31;52;64;47;33;29;39;28;18;27;0;30;29;23;26;0;24;0;0;8;27;15;0;23;14;29;10;0;19;0
24.10.2017;13;0;26;29;51;75;51;42;33;34;27;0;27;0;37;25;35;30;0;36;0;0;20;29;17;4;18;23;22;20;0;27;0
24.10.2017;14;0;22;32;42;60;48;38;27;39;37;0;32;0;24;24;19;21;0;28;0;0;24;29;17;22;23;28;23;15;0;24;0
24.10.2017;15;0;31;33;50;57;53;50;37;50;30;0;44;0;24;25;28;36;0;44;0;0;29;19;20;17;27;36;39;17;0;32;0
24.10.2017;16;0;27;36;53;55;53;30;30;41;33;0;37;0;26;40;32;34;0;37;0;0;12;22;19;0;13;34;31;12;0;22;0
24.10.2017;17;0;32;36;50;65;50;28;28;41;30;0;51;0;15;30;1;39;0;33;0;0;18;23;15;0;23;29;15;2;0;17;0
24.10.2017;18;0;24;34;60;61;55;27;25;35;28;19;32;0;12;37;0;38;0;43;0;0;17;20;18;0;31;21;15;0;0;16;0
24.10.2017;19;0;20;34;54;67;51;35;26;43;32;43;24;0;19;49;0;36;0;34;0;0;10;24;16;0;28;27;20;0;0;22;0
24.10.2017;20;0;26;38;62;68;57;26;34;30;24;56;34;0;20;44;0;46;0;42;0;0;0;25;16;0;25;17;21;0;0;21;0
24.10.2017;21;0;25;30;36;15;40;11;30;10;22;23;31;0;0;24;0;39;0;41;0;0;0;21;15;0;21;0;27;0;0;19;0
24.10.2017;22;0;27;26;30;0;48;0;45;0;37;0;43;0;0;22;0;34;0;34;0;0;0;21;16;0;22;0;34;0;0;12;0
24.10.2017;23;0;8;16;21;0;36;0;26;0;20;0;29;0;0;22;0;30;0;36;0;0;0;13;22;0;11;0;28;0;0;16;0
24.10.2017;24;0;7;8;15;0;26;0;14;0;8;0;12;0;0;17;0;11;0;19;0;0;0;7;16;0;15;0;15;0;0;14;0
25.10.2017;1;0;4;7;14;0;24;0;15;0;11;0;10;0;0;22;0;10;0;16;0;0;0;21;11;0;11;0;15;0;0;7;0
25.10.2017;2;0;6;4;31;0;26;0;12;0;18;0;22;0;0;22;0;16;0;27;0;0;0;16;14;0;22;0;21;0;0;10;0
25.10.2017;3;0;4;6;29;0;21;0;8;0;15;0;22;0;0;22;0;22;0;29;0;0;0;14;12;0;19;0;12;0;0;8;0
25.10.2017;4;0;15;19;33;6;41;4;28;6;26;4;25;0;0;36;0;32;5;39;6;0;0;20;21;0;26;0;16;0;0;22;0
25.10.2017;5;0;20;34;45;36;37;21;26;41;35;35;32;0;0;28;0;32;17;31;17;0;0;19;9;0;35;10;24;0;0;12;0
25.10.2017;6;0;25;43;60;63;51;32;33;55;40;37;15;0;20;37;0;27;4;23;4;0;0;20;13;0;37;15;35;0;0;11;0
25.10.2017;7;0;27;44;51;68;51;30;36;51;39;38;22;0;20;39;0;29;0;39;0;0;0;26;16;0;36;14;35;0;0;8;0
25.10.2017;8;0;35;36;50;51;49;32;45;48;40;20;27;0;15;27;26;26;0;29;0;0;0;31;15;0;31;14;40;0;0;8;0
25.10.2017;9;0;27;25;34;51;34;37;30;43;29;0;27;0;37;35;43;23;0;27;0;0;6;39;25;0;23;17;31;4;0;29;0
25.10.2017;10;0;21;37;44;53;39;39;34;43;31;0;24;0;39;37;38;19;0;25;0;0;10;34;34;0;26;28;17;18;0;43;0
25.10.2017;11;0;21;44;42;53;40;46;34;50;38;14;32;0;31;27;29;20;0;21;0;0;8;33;34;0;32;24;33;8;0;33;0
25.10.2017;12;0;26;46;59;57;54;47;35;40;29;22;15;0;30;28;28;18;0;25;0;0;13;30;26;0;20;13;35;16;0;21;0
25.10.2017;13;0;23;42;54;67;58;34;37;37;28;23;14;0;32;25;28;23;0;39;0;0;13;42;18;0;20;20;27;26;0;22;0
25.10.2017;14;0;27;28;48;69;47;34;36;26;22;27;15;0;17;24;24;23;0;23;0;0;28;31;31;0;17;18;19;13;0;21;0
25.10.2017;15;0;39;42;51;69;53;38;44;45;21;31;20;0;22;32;23;32;0;33;0;0;28;15;32;0;28;36;28;20;0;24;0
25.10.2017;16;0;26;63;52;58;49;33;32;49;35;48;20;0;27;31;26;40;0;41;0;0;11;27;25;0;27;29;24;11;0;22;0
25.10.2017;17;0;30;43;63;58;57;36;34;35;25;40;25;0;16;26;12;32;0;34;0;0;13;22;14;0;21;25;16;0;0;17;0
25.10.2017;18;0;31;40;51;55;44;27;32;40;31;42;23;0;10;35;0;37;0;36;0;0;14;23;15;0;27;29;16;0;0;12;0
25.10.2017;19;0;19;41;49;57;51;23;28;39;23;46;26;0;17;45;0;46;0;42;0;0;7;34;16;0;27;33;22;0;0;26;0
25.10.2017;20;0;29;42;51;60;55;29;32;41;28;60;34;0;21;42;0;51;0;45;0;0;0;29;14;0;31;22;26;0;0;24;0
25.10.2017;21;0;28;52;39;38;34;40;31;30;24;36;21;0;0;24;0;38;0;38;0;0;0;22;17;0;21;0;32;0;0;22;0
25.10.2017;22;0;23;29;30;16;31;7;27;9;17;19;34;0;0;20;0;34;0;25;0;0;0;11;9;0;16;0;24;0;0;12;0
25.10.2017;23;0;13;17;19;0;28;0;21;0;17;0;30;0;0;24;0;39;0;42;0;0;0;13;19;0;12;0;24;0;0;17;0
25.10.2017;24;0;9;10;19;0;29;0;13;0;17;0;10;0;0;17;0;10;0;18;0;0;0;13;11;0;20;0;15;0;0;8;0
26.10.2017;1;0;7;11;18;0;20;0;17;0;14;0;6;0;0;24;0;11;0;18;0;0;0;24;13;0;11;0;19;0;0;8;0
26.10.2017;2;0;7;3;25;0;31;0;19;0;9;0;12;0;0;27;0;17;0;29;0;0;0;22;15;0;22;0;14;0;0;18;0
26.10.2017;3;0;7;8;27;0;41;0;20;0;15;0;24;0;0;19;0;27;0;38;0;0;0;14;16;0;21;0;14;0;0;8;0
26.10.2017;4;0;9;20;37;9;40;4;19;16;32;5;17;0;2;31;0;30;0;45;4;0;0;15;18;0;18;0;22;0;0;15;0
26.10.2017;5;0;20;38;43;31;37;27;24;40;30;34;21;0;17;39;0;33;0;48;18;0;0;21;17;0;22;5;26;0;0;16;0
26.10.2017;6;0;37;63;55;57;51;36;37;55;44;35;26;0;23;30;0;26;0;30;7;0;0;29;12;0;32;16;22;0;0;13;0
26.10.2017;7;0;29;50;45;69;48;27;27;53;38;40;23;0;28;42;1;29;0;41;0;0;0;31;14;0;21;22;35;23;0;9;0
26.10.2017;8;1;36;49;51;57;46;22;30;38;27;32;26;0;21;37;19;27;0;31;0;0;0;38;16;0;17;17;30;19;0;12;0
26.10.2017;9;1;35;37;37;53;40;24;36;37;20;28;21;0;31;25;34;26;0;35;0;0;7;40;19;0;22;12;29;6;0;29;0
26.10.2017;10;3;22;55;40;42;39;36;28;31;36;26;18;0;35;36;32;24;0;28;0;0;22;25;33;0;31;21;21;0;0;36;0
26.10.2017;11;0;19;40;54;52;45;37;18;51;38;31;29;0;28;26;24;21;0;20;0;0;23;25;26;0;28;20;33;0;0;24;0
26.10.2017;12;0;20;27;54;53;51;28;21;38;24;27;21;0;26;25;26;21;0;23;0;0;17;29;18;0;24;15;27;9;0;17;0
26.10.2017;13;0;30;28;48;66;47;35;28;37;26;31;25;0;30;20;27;27;0;34;0;0;17;36;18;0;17;16;25;18;0;26;0
26.10.2017;14;0;33;22;44;62;46;36;32;31;23;21;15;0;20;17;18;19;0;30;0;0;31;25;29;0;16;18;13;16;0;24;0
26.10.2017;15;0;33;24;43;73;48;49;32;53;22;26;16;0;29;23;26;25;0;27;0;0;28;17;34;0;25;36;25;18;0;30;0
26.10.2017;16;0;33;31;52;69;56;30;29;51;34;31;18;0;33;30;32;31;0;35;0;0;21;29;31;0;23;38;28;9;0;27;1
26.10.2017;17;0;40;40;26;45;30;35;37;49;51;37;27;0;19;36;17;28;0;32;0;0;11;36;19;0;20;30;27;0;0;24;0
26.10.2017;18;0;27;43;38;60;40;31;23;34;45;39;18;0;13;33;0;36;0;37;0;0;13;16;17;0;29;18;14;0;0;14;0
26.10.2017;19;0;18;34;51;76;48;31;17;35;35;48;14;0;17;33;0;42;0;38;0;0;17;27;17;0;26;23;13;0;0;24;0
26.10.2017;20;0;26;32;58;64;48;28;23;26;31;41;22;0;23;37;0;39;0;37;0;0;13;25;10;0;24;21;14;0;0;23;0
26.10.2017;21;0;37;31;60;56;47;45;39;30;32;56;32;0;7;31;0;49;0;45;0;0;0;31;12;0;22;8;24;0;0;22;0
26.10.2017;22;0;24;27;55;16;41;17;27;5;41;4;47;0;0;28;0;33;0;40;0;0;0;18;12;0;23;0;32;0;0;10;0
26.10.2017;23;0;19;22;41;0;33;0;28;0;31;0;54;0;0;30;0;46;0;49;0;0;0;12;18;0;25;0;33;0;0;16;0
26.10.2017;24;0;8;10;20;0;26;0;17;0;17;0;19;0;0;26;0;18;0;36;0;0;0;12;6;0;24;0;18;0;0;10;0
27.10.2017;1;0;13;11;14;0;26;0;19;0;12;0;13;0;0;19;0;9;0;16;0;0;0;24;9;0;18;0;18;0;0;6;0
27.10.2017;2;0;3;3;30;0;33;0;20;0;10;0;11;0;0;25;0;15;0;27;0;0;0;25;22;0;16;0;15;0;0;18;0
27.10.2017;3;0;5;9;22;0;29;0;19;0;16;0;18;0;0;27;0;21;0;27;0;0;0;21;22;0;16;0;18;0;0;14;0
27.10.2017;4;0;11;16;32;8;41;5;19;5;29;8;27;0;9;36;0;22;5;31;9;0;0;16;22;0;18;9;21;0;0;16;0
27.10.2017;5;0;21;28;39;32;32;21;29;35;30;40;14;0;27;36;0;17;16;37;25;0;0;19;17;0;34;14;15;0;0;18;0
27.10.2017;6;0;35;39;56;71;58;31;37;55;48;43;22;0;19;38;0;25;3;29;10;0;0;24;9;0;48;16;25;0;0;15;0
27.10.2017;7;0;23;48;54;62;51;25;19;46;53;42;22;0;24;38;0;34;0;38;0;0;0;23;12;0;19;9;26;12;0;12;0
27.10.2017;8;0;40;41;54;60;47;31;47;51;56;48;38;0;21;27;26;41;0;39;0;0;0;31;25;0;18;15;37;17;0;16;0
27.10.2017;9;0;31;42;42;59;47;35;34;46;42;30;17;0;25;34;34;27;0;31;0;0;0;46;29;0;19;16;43;5;0;26;0
27.10.2017;10;0;22;32;40;55;39;30;27;40;28;24;15;0;31;38;27;21;0;24;0;0;16;28;28;0;31;24;28;0;0;26;0
27.10.2017;11;1;15;50;53;64;54;44;18;56;48;35;24;0;33;33;28;24;0;19;0;0;18;23;25;0;29;20;36;0;0;35;0
27.10.2017;12;0;27;34;59;71;52;44;25;41;30;25;18;0;35;27;35;19;0;21;0;0;20;27;25;0;30;15;31;0;0;30;0
27.10.2017;13;0;26;40;56;68;53;30;30;37;30;20;23;0;30;23;24;24;0;32;0;0;22;39;20;0;26;13;25;22;0;32;0
27.10.2017;14;0;35;31;45;64;40;46;35;40;24;0;35;0;15;20;23;28;0;39;0;0;34;35;36;0;27;22;23;16;0;25;0
27.10.2017;15;0;33;26;51;58;42;52;33;48;22;0;30;0;31;25;35;22;0;29;0;0;28;23;45;0;38;33;33;0;0;32;1
27.10.2017;16;0;37;37;62;66;54;44;40;56;47;32;45;0;27;65;11;44;0;48;0;0;25;23;22;0;37;34;28;0;0;23;1
27.10.2017;17;0;33;41;48;52;42;37;30;51;40;50;30;0;19;46;0;48;0;46;0;0;14;25;21;0;31;26;21;0;0;17;2
27.10.2017;18;0;18;39;58;57;51;24;17;40;38;42;21;0;17;38;0;44;0;48;0;0;6;36;16;0;33;19;14;0;0;18;0
27.10.2017;19;1;23;61;49;58;39;31;24;42;40;49;31;0;25;46;0;38;0;39;0;0;0;37;17;0;32;22;24;0;0;33;0
27.10.2017;20;0;29;50;50;47;35;23;29;30;29;51;36;0;0;36;0;47;0;47;0;0;0;26;11;0;25;0;36;0;0;22;0
27.10.2017;21;0;27;34;43;33;37;21;24;24;36;39;30;0;0;25;0;41;0;43;0;0;0;18;15;0;25;0;30;0;0;16;0
27.10.2017;22;0;29;33;25;0;30;0;26;0;43;0;38;0;0;28;0;28;0;36;0;0;0;15;9;0;24;0;40;0;0;12;0
27.10.2017;23;0;15;20;30;0;24;0;27;0;20;0;36;0;0;27;0;35;0;43;0;0;0;19;22;0;16;0;25;0;0;15;0
27.10.2017;24;0;6;13;25;0;28;0;19;0;20;0;13;0;0;22;0;13;0;27;0;0;0;20;16;0;17;0;24;0;0;17;0
28.10.2017;1;0;8;11;15;0;18;0;14;0;15;0;7;0;0;29;0;6;0;16;0;0;0;26;10;0;15;0;24;0;0;9;0
28.10.2017;2;0;5;4;33;0;39;0;21;0;18;0;15;0;0;23;0;20;0;31;0;0;0;25;19;0;22;0;23;0;0;14;0
28.10.2017;3;0;4;12;33;0;40;0;13;0;15;0;26;0;0;24;0;26;0;25;0;0;0;23;19;0;17;0;19;0;0;11;0
28.10.2017;4;7;9;33;32;6;33;5;20;6;23;5;26;0;0;31;0;28;0;43;9;0;0;13;23;0;20;0;19;0;0;15;0
28.10.2017;5;1;20;51;46;37;39;28;26;25;19;34;25;0;15;41;0;30;0;41;10;0;0;14;14;0;28;7;22;0;0;20;0
28.10.2017;6;0;28;37;53;52;46;34;37;37;24;33;25;0;22;38;0;36;0;38;0;0;0;19;6;0;32;19;21;0;0;17;0
28.10.2017;7;0;26;40;50;54;36;30;33;41;34;27;16;0;23;36;0;27;0;27;0;0;0;30;15;0;33;14;29;0;0;10;0
28.10.2017;8;0;38;39;54;53;39;43;56;60;32;35;15;0;16;40;0;32;0;32;0;0;0;31;22;0;29;16;34;0;0;9;0
28.10.2017;9;0;29;32;37;46;28;26;36;42;27;27;12;0;27;52;15;31;0;33;0;0;0;39;24;0;26;18;28;0;0;20;0
28.10.2017;10;0;16;44;51;47;39;30;28;46;42;29;20;0;28;25;34;28;0;28;0;0;0;32;23;0;28;29;27;0;0;19;0
28.10.2017;11;0;17;43;44;37;36;48;31;47;43;24;14;0;31;37;23;19;0;17;0;0;5;25;24;0;26;18;28;0;0;24;0
28.10.2017;12;0;17;28;57;55;44;36;27;38;25;19;16;0;20;44;0;22;0;26;0;0;20;28;17;0;31;20;24;0;0;19;0
28.10.2017;13;0;24;32;52;61;49;40;35;39;28;23;17;0;32;52;0;24;0;36;0;0;23;25;17;0;24;18;30;13;0;19;0
28.10.2017;14;0;27;33;50;66;51;48;31;38;29;29;13;0;12;51;0;17;0;30;0;0;30;27;26;0;22;23;20;15;0;15;0
28.10.2017;15;0;30;29;54;68;59;37;39;45;25;37;15;0;21;54;0;33;0;36;0;0;38;21;33;0;41;34;30;0;0;23;0
28.10.2017;16;0;26;38;55;58;55;39;32;49;33;29;19;0;29;58;0;30;0;32;0;0;15;31;25;0;32;31;28;0;0;17;0
28.10.2017;17;0;25;29;54;49;51;20;26;35;25;35;20;0;17;42;0;30;0;27;0;0;0;36;19;0;19;28;17;0;0;15;0
28.10.2017;18;0;20;40;56;62;52;30;32;30;39;38;16;0;10;34;0;37;0;32;0;0;0;36;23;0;25;22;17;0;0;14;0
28.10.2017;19;0;14;35;53;54;49;23;19;36;32;38;18;0;13;37;0;33;0;30;0;0;0;31;11;0;22;27;24;0;0;18;0
28.10.2017;20;0;30;30;49;64;55;32;31;26;27;56;23;0;12;44;0;54;0;46;0;0;0;29;10;0;24;0;31;0;0;23;0
28.10.2017;21;0;20;24;39;10;52;8;32;5;39;15;25;0;0;26;0;36;0;39;0;0;0;18;11;0;20;0;33;0;0;12;0
28.10.2017;22;0;21;18;26;0;29;0;20;0;37;0;44;0;0;24;0;36;0;34;0;0;0;12;7;0;17;0;31;0;0;7;0
28.10.2017;23;0;9;16;23;0;28;0;16;0;21;0;31;0;0;21;0;36;0;36;0;0;0;13;18;0;13;0;22;0;0;14;0
28.10.2017;24;0;5;13;16;0;24;0;17;0;12;0;11;0;0;14;0;15;0;22;0;0;0;14;13;0;16;0;15;0;0;9;0
29.10.2017;1;0;8;11;13;0;21;0;15;0;15;0;11;0;0;21;0;9;0;11;0;0;0;22;8;0;12;0;15;0;0;7;0
29.10.2017;2;0;4;5;27;0;33;0;15;0;16;0;10;0;0;27;0;12;0;22;0;0;0;13;11;0;10;0;14;0;0;14;0
29.10.2017;3;0;3;8;25;0;35;0;12;0;13;0;20;0;0;43;0;25;0;27;0;0;0;14;19;0;18;0;17;0;0;20;0
29.10.2017;4;0;9;17;32;6;40;3;11;2;20;3;29;0;0;32;0;26;5;38;9;0;0;19;30;0;18;0;21;0;0;23;0
29.10.2017;5;0;20;27;42;26;31;16;18;29;24;43;34;0;14;27;0;26;13;38;25;0;0;14;9;0;20;6;18;0;0;11;0
29.10.2017;6;0;27;38;52;52;49;22;18;37;30;38;31;0;17;32;0;23;7;22;14;0;0;15;6;0;32;12;29;0;0;11;0
29.10.2017;7;0;19;30;49;56;47;25;19;35;28;27;22;0;13;31;0;24;0;31;0;0;0;25;9;0;35;7;29;0;0;6;0
29.10.2017;8;0;35;42;44;64;44;28;28;38;34;27;19;0;24;46;0;28;0;29;0;0;0;33;17;0;32;9;31;0;0;11;0
29.10.2017;9;0;15;35;44;38;36;28;21;37;33;27;22;0;30;65;0;25;0;30;0;0;0;28;30;0;24;12;26;0;0;21;0
29.10.2017;10;0;21;32;43;44;38;27;22;35;26;20;31;0;38;44;32;25;0;26;0;0;0;41;31;0;25;23;23;0;0;32;0
29.10.2017;11;0;14;40;49;44;42;42;22;33;27;0;29;0;25;42;3;20;0;24;0;0;0;29;31;0;26;11;23;0;0;30;0
29.10.2017;12;4;26;40;51;50;39;45;39;34;28;0;33;0;26;57;0;22;0;23;0;0;0;37;24;0;20;13;24;0;0;26;0
29.10.2017;13;1;25;44;56;56;51;43;29;35;28;0;36;0;29;53;0;31;0;38;0;0;0;43;23;0;39;21;24;0;0;28;0
29.10.2017;14;0;26;40;53;49;44;44;30;42;28;0;31;0;18;48;0;24;0;26;0;0;26;35;25;0;35;22;17;0;0;18;0
29.10.2017;15;3;27;55;48;55;45;44;34;45;33;0;32;0;24;46;0;19;0;36;0;0;29;28;38;0;32;28;24;0;0;20;0
29.10.2017;16;0;25;39;54;54;56;48;32;48;31;25;33;0;24;48;0;41;0;51;0;0;27;16;25;0;32;29;21;0;0;17;0
29.10.2017;17;1;28;52;45;44;42;35;28;37;33;33;17;0;15;47;0;34;0;41;0;0;19;21;23;0;25;21;21;0;0;16;0
29.10.2017;18;0;16;48;53;75;57;22;21;46;39;46;6;0;16;44;0;39;0;34;0;0;13;27;18;0;33;30;12;0;0;15;0
29.10.2017;19;0;21;45;58;66;55;31;24;39;43;38;13;0;18;31;0;35;0;35;0;0;0;39;12;0;30;22;5;0;0;23;0
29.10.2017;20;0;29;48;62;57;43;40;31;34;40;69;29;0;4;34;0;49;0;56;9;0;0;33;6;0;29;15;21;0;0;28;0
29.10.2017;21;0;20;25;53;8;42;7;25;6;32;13;25;0;0;26;0;32;0;36;3;0;0;32;11;0;23;0;30;0;0;18;0
29.10.2017;22;0;28;24;28;0;33;0;36;0;32;0;43;0;0;32;0;35;0;43;0;0;0;22;10;0;23;0;30;0;0;14;0
29.10.2017;23;0;11;14;25;0;24;0;23;0;20;0;29;0;0;23;0;28;0;46;0;0;0;12;13;0;23;0;15;0;0;11;0
29.10.2017;24;0;2;5;9;0;13;0;9;0;11;0;14;0;0;11;0;12;0;24;0;0;0;13;11;0;15;0;12;0;0;9;0
30.10.2017;1;0;2;6;17;0;19;0;6;0;8;0;6;0;0;12;0;5;0;13;0;0;0;21;3;0;6;0;10;0;0;9;0
30.10.2017;2;0;4;7;24;0;26;0;12;0;11;0;10;0;0;24;0;10;0;18;0;0;0;20;13;0;8;0;12;0;0;19;0
30.10.2017;3;0;2;8;26;0;39;0;15;0;20;0;27;0;0;38;0;36;0;42;0;0;0;24;32;0;6;0;21;0;0;31;0
30.10.2017;4;0;6;17;43;0;43;0;13;0;27;0;34;0;0;36;0;35;0;47;10;0;0;27;37;0;21;0;26;0;0;29;0
30.10.2017;5;1;22;35;45;33;40;18;25;43;36;42;29;0;19;31;0;33;0;55;22;0;0;13;16;0;25;11;18;0;0;19;0
30.10.2017;6;5;26;67;46;52;41;26;23;48;44;42;16;0;13;28;0;31;0;27;9;0;0;16;11;0;31;12;23;0;0;10;0
30.10.2017;7;0;21;43;43;52;38;31;21;40;35;36;27;0;17;27;0;27;0;33;0;0;0;28;14;0;27;13;33;0;0;9;0
30.10.2017;8;7;31;50;50;53;45;30;35;41;33;43;25;0;20;47;0;42;0;48;0;0;0;28;24;0;32;11;33;0;0;12;0
30.10.2017;9;1;18;36;58;62;48;32;21;41;32;27;19;0;41;46;32;28;0;34;0;0;0;39;34;0;35;22;36;0;0;34;0
30.10.2017;10;8;10;54;41;48;36;27;12;42;31;32;21;0;40;28;38;26;0;24;0;0;0;41;36;0;41;26;29;0;0;36;0
30.10.2017;11;0;11;33;41;42;35;29;16;30;27;24;16;0;27;17;21;21;0;19;0;0;0;29;19;0;27;10;23;0;0;23;0
30.10.2017;12;0;25;26;40;46;31;29;25;31;24;28;20;0;23;27;27;21;0;24;0;0;12;29;18;0;19;15;24;4;0;17;0
30.10.2017;13;0;27;30;47;66;47;36;32;45;31;42;22;0;22;28;28;33;0;38;0;0;21;26;15;2;18;29;21;17;0;20;0
30.10.2017;14;0;32;32;46;65;43;39;31;44;27;35;18;0;19;19;25;24;0;28;0;0;27;27;14;14;21;31;20;20;0;17;0
30.10.2017;15;0;29;42;47;61;44;45;37;50;41;33;18;0;29;23;31;22;0;35;0;0;29;25;12;21;26;25;29;18;0;20;0
30.10.2017;16;0;36;35;48;64;45;43;39;54;42;41;16;0;36;37;33;34;0;41;0;0;19;20;18;14;27;27;28;13;0;32;0
30.10.2017;17;0;29;34;54;59;56;23;25;39;32;38;14;0;11;23;23;34;0;44;0;0;10;21;15;0;31;21;15;0;0;9;0
30.10.2017;18;0;16;42;54;53;46;22;20;39;42;36;8;0;11;29;0;32;0;38;0;0;8;17;10;0;34;23;11;0;0;12;0
30.10.2017;19;0;15;44;54;54;48;28;22;35;42;47;25;0;18;37;0;32;0;37;0;0;4;33;14;0;30;29;13;0;0;23;0
30.10.2017;20;0;27;38;58;49;44;28;31;29;36;62;35;0;19;35;0;45;0;57;0;0;0;35;11;0;31;20;15;0;0;23;0
30.10.2017;21;0;22;28;51;31;43;13;24;11;31;18;27;0;0;18;0;24;0;36;0;0;0;23;10;0;25;0;27;0;0;13;0
30.10.2017;22;0;19;24;17;0;24;0;27;0;32;0;39;0;0;19;0;31;0;41;0;0;0;16;9;0;23;0;28;0;0;5;0
30.10.2017;23;0;7;10;25;0;28;0;8;0;15;0;25;0;0;23;0;23;0;29;0;0;0;9;7;0;16;0;20;0;0;7;0
30.10.2017;24;0;3;7;9;0;13;0;8;0;12;0;5;0;0;15;0;5;0;17;0;0;0;9;8;0;16;0;12;0;0;5;0
31.10.2017;1;0;1;4;14;0;17;0;6;0;5;0;4;0;0;17;0;6;0;17;0;0;0;17;4;0;5;0;10;0;0;4;0
31.10.2017;2;0;3;3;24;0;29;0;10;0;10;0;20;0;0;23;0;18;0;32;0;0;0;25;11;0;9;0;20;0;0;13;0
31.10.2017;3;0;3;12;38;0;44;0;13;0;23;0;33;0;0;34;0;37;0;42;0;0;0;22;29;0;10;0;31;0;0;20;0
31.10.2017;4;0;11;21;38;4;40;4;18;3;34;3;31;0;0;33;0;40;8;36;9;0;0;26;32;0;18;0;29;0;0;20;0
31.10.2017;5;0;17;36;50;36;40;22;20;41;33;40;14;0;5;26;0;36;15;33;17;0;0;17;12;0;14;6;25;0;0;13;0
31.10.2017;6;0;27;40;55;52;42;24;32;43;31;34;17;0;15;26;0;25;6;25;6;0;0;19;7;0;30;8;23;0;0;9;0
31.10.2017;7;0;21;36;54;60;50;32;33;38;30;30;28;0;23;38;0;28;0;32;0;0;0;31;16;0;28;15;25;0;0;12;0
31.10.2017;8;0;40;49;41;65;44;31;52;60;46;0;38;0;25;32;22;29;0;32;0;0;0;24;12;0;34;11;41;0;0;16;0
31.10.2017;9;0;24;32;44;41;34;31;37;37;30;0;31;0;33;31;48;29;0;33;0;0;5;21;24;0;24;15;32;7;0;26;0
31.10.2017;10;0;11;32;47;44;36;23;19;36;32;0;31;0;31;22;38;28;0;30;0;0;17;33;30;0;17;27;21;12;0;26;0
31.10.2017;11;0;16;35;38;44;37;29;26;35;32;17;18;0;29;15;23;19;0;24;0;0;11;22;26;0;16;14;25;12;0;25;0
31.10.2017;12;0;28;30;47;41;42;38;34;25;19;28;16;0;30;27;26;19;0;25;0;0;16;19;19;0;15;12;22;9;0;26;0
31.10.2017;13;0;29;46;44;58;47;32;30;24;30;29;11;0;23;22;25;28;0;37;0;0;19;22;18;0;20;14;17;21;0;23;0
31.10.2017;14;0;26;44;46;54;45;41;32;39;28;17;8;0;21;25;24;15;0;27;0;0;28;29;25;0;21;24;14;20;0;21;0
31.10.2017;15;0;20;49;54;60;53;48;30;45;32;26;15;0;25;21;24;19;0;37;0;0;32;21;41;0;23;30;25;16;0;28;0
31.10.2017;16;0;35;50;47;64;48;38;36;39;30;48;23;0;23;28;28;37;0;44;0;0;21;15;28;0;26;33;23;9;0;23;0
31.10.2017;17;0;34;56;43;55;46;34;40;56;38;37;19;0;15;38;12;39;0;46;0;0;14;18;21;0;25;35;26;0;0;14;0
31.10.2017;18;0;25;56;48;50;44;19;23;41;35;39;20;0;12;41;0;31;0;27;0;0;1;26;12;0;21;26;15;0;0;15;0
31.10.2017;19;0;16;53;53;62;53;28;25;23;20;46;21;0;10;32;0;33;0;30;0;0;0;37;11;0;22;19;14;0;0;18;0
31.10.2017;20;0;19;49;55;62;58;26;25;29;23;57;33;0;8;35;0;49;0;39;0;0;0;27;15;0;20;14;31;0;0;23;0
31.10.2017;21;0;26;35;52;40;45;34;39;27;16;36;24;0;0;27;0;42;0;45;0;0;0;17;13;0;21;0;30;0;0;18;0
31.10.2017;22;0;21;25;28;0;40;0;33;0;22;0;42;0;0;26;0;35;0;38;0;0;0;15;12;0;19;0;22;0;0;11;0
31.10.2017;23;0;17;15;23;0;34;0;24;0;12;0;36;0;0;15;0;36;0;43;0;0;0;8;11;0;14;0;12;0;0;12;0
31.10.2017;24;0;4;8;12;0;25;0;14;0;14;0;14;0;0;14;0;15;0;25;0;0;0;10;13;0;15;0;15;0;0;9;0
