01.09.2016;1;0;0;26;0;17;20;11;26;0;19;10;6;12;0;32;0;21;0;15;0;14;27;0;0;0;0;0;0;0;0;14;0
01.09.2016;2;0;0;21;0;29;26;21;31;0;28;4;7;13;0;26;0;19;0;23;0;18;19;0;0;0;0;0;0;0;1;16;0
01.09.2016;3;0;0;22;0;32;32;14;26;0;26;5;12;15;0;24;0;25;0;23;0;19;20;0;0;0;0;0;0;0;1;24;0
01.09.2016;4;0;0;31;0;48;31;19;26;0;35;11;31;16;7;35;4;31;11;35;7;29;16;0;0;0;0;0;0;5;1;40;0
01.09.2016;5;0;17;41;10;37;19;20;31;15;41;26;36;22;37;37;28;28;50;35;35;18;21;0;0;0;0;1;0;21;0;26;0
01.09.2016;6;0;22;29;0;29;17;30;27;12;46;36;43;20;43;38;35;42;51;39;34;18;21;0;0;0;3;0;1;10;3;24;0
01.09.2016;7;0;31;34;0;31;14;19;37;12;39;24;46;15;54;33;34;31;42;35;28;15;24;0;0;6;20;0;9;0;0;25;1
01.09.2016;8;0;21;36;0;20;9;11;36;14;44;33;44;17;52;46;19;41;48;37;27;23;28;0;0;8;19;0;18;0;0;20;1
01.09.2016;9;0;29;38;0;36;12;18;37;17;34;33;38;18;60;41;0;49;42;34;28;18;41;0;0;9;18;0;28;0;1;27;1
01.09.2016;10;1;28;41;0;28;13;9;20;20;38;19;37;18;44;34;0;35;38;28;30;24;27;1;7;16;24;0;17;0;1;18;1
01.09.2016;11;0;26;41;0;31;16;15;29;25;38;16;44;4;46;29;0;46;53;38;27;14;23;12;21;17;20;0;17;0;0;19;1
01.09.2016;12;1;24;36;0;23;23;23;23;15;45;26;38;22;66;40;0;59;40;33;24;19;31;18;8;14;17;0;11;0;1;16;0
01.09.2016;13;1;44;34;0;39;17;24;29;24;49;29;35;29;62;40;13;46;49;32;27;20;37;14;0;12;28;0;31;0;0;29;4
01.09.2016;14;0;26;35;0;34;17;31;22;29;46;39;41;27;75;46;46;43;50;40;8;29;45;21;0;12;34;1;10;0;0;26;1
01.09.2016;15;0;30;38;0;33;15;19;39;27;52;25;36;26;49;47;28;31;50;34;0;33;24;17;0;17;23;0;17;0;1;29;0
01.09.2016;16;0;29;47;0;31;16;27;43;23;41;34;43;21;60;43;31;35;48;40;0;38;25;19;0;13;12;0;20;0;0;25;1
01.09.2016;17;0;18;44;0;36;17;24;29;27;47;23;43;13;53;41;24;30;43;37;0;40;21;20;0;4;11;0;12;0;0;28;0
01.09.2016;18;0;23;48;0;35;14;24;15;22;45;26;40;18;52;39;24;37;35;30;11;33;36;6;0;0;0;0;4;0;3;32;1
01.09.2016;19;0;26;50;0;36;12;34;22;23;45;32;48;25;53;39;29;38;39;36;40;30;32;0;0;0;0;0;0;0;1;33;1
01.09.2016;20;0;29;56;0;40;11;25;17;22;46;24;31;25;50;46;34;36;27;21;42;24;23;0;0;0;0;0;0;0;1;37;2
01.09.2016;21;0;6;38;0;31;18;27;35;13;29;22;46;20;5;42;6;38;6;45;4;30;23;0;0;0;0;0;0;0;0;28;1
01.09.2016;22;0;0;30;0;37;13;29;29;0;25;13;31;16;0;40;0;31;0;30;0;34;18;0;0;0;0;0;0;0;0;29;1
01.09.2016;23;0;0;26;0;31;16;17;18;0;19;18;23;9;0;31;0;27;0;18;0;29;12;0;0;0;0;0;0;0;1;22;0
01.09.2016;24;0;0;15;0;22;10;19;9;0;14;5;15;10;0;22;0;14;0;14;0;10;12;0;0;0;0;0;0;0;0;14;1
02.09.2016;1;0;0;20;0;17;17;11;20;0;16;10;10;8;0;28;0;19;0;16;0;14;22;0;0;0;0;0;0;0;1;14;0
02.09.2016;2;0;0;26;0;24;22;13;25;0;25;7;14;17;0;39;0;27;0;18;0;16;25;0;0;0;0;0;0;0;1;19;0
02.09.2016;3;0;0;16;0;30;27;8;17;0;25;5;15;10;0;17;0;24;0;27;0;15;19;0;0;0;0;0;0;0;1;23;1
02.09.2016;4;0;6;30;8;43;24;12;23;14;34;11;25;3;5;30;4;36;16;35;11;29;16;0;0;0;0;0;0;10;0;43;1
02.09.2016;5;0;23;37;20;29;16;15;18;16;43;24;45;14;33;33;26;32;47;41;40;25;17;0;0;0;0;0;0;16;0;34;0
02.09.2016;6;0;28;37;2;23;10;25;28;10;51;31;45;21;47;37;36;39;53;40;35;29;24;0;0;0;0;0;0;7;1;30;3
02.09.2016;7;0;25;37;0;35;24;24;41;14;43;29;40;14;50;33;39;37;48;34;31;20;26;0;0;0;13;0;0;0;1;31;4
02.09.2016;8;0;21;34;0;30;27;11;32;10;44;33;48;10;61;43;23;46;43;38;36;39;31;0;0;0;25;0;10;0;0;33;7
02.09.2016;9;0;32;34;0;38;16;15;41;19;29;35;43;19;55;29;0;48;55;52;32;21;38;0;0;11;19;0;24;0;0;33;3
02.09.2016;10;1;44;47;0;27;20;13;29;17;38;17;42;27;47;33;0;36;41;40;29;25;30;12;0;15;14;0;28;0;3;22;3
02.09.2016;11;0;43;51;0;25;30;20;34;24;38;27;50;35;49;33;14;55;38;48;24;20;28;23;0;12;16;0;19;0;1;20;3
02.09.2016;12;1;29;34;0;26;22;27;28;18;41;31;41;33;62;30;39;37;44;33;24;15;24;25;0;17;16;0;17;0;1;19;2
02.09.2016;13;0;37;52;0;39;18;19;38;21;47;30;39;28;60;41;44;38;58;39;31;23;37;17;0;13;22;0;23;0;0;32;2
02.09.2016;14;1;22;45;0;32;22;24;28;24;49;32;45;19;66;49;44;35;56;44;22;20;40;20;0;15;25;0;16;0;0;18;0
02.09.2016;15;0;25;32;0;27;14;20;28;28;29;14;20;17;44;31;32;21;41;21;20;11;12;18;0;16;23;0;14;0;0;19;1
02.09.2016;16;0;21;48;0;34;15;21;32;18;44;22;36;16;48;32;40;36;51;37;29;22;17;12;0;10;10;0;9;0;1;29;0
02.09.2016;17;0;25;55;0;38;23;25;25;17;41;29;46;20;47;31;36;35;52;40;32;26;22;15;0;1;1;0;0;0;0;33;2
02.09.2016;18;0;22;58;0;38;19;33;16;26;44;29;50;14;54;33;34;40;50;39;39;26;31;4;0;0;0;0;0;0;2;32;1
02.09.2016;19;0;14;46;0;42;15;36;26;27;46;25;50;17;53;40;34;35;52;34;32;28;32;0;0;0;0;0;0;0;1;32;3
02.09.2016;20;1;0;43;0;42;13;30;34;0;48;25;40;19;53;41;28;32;26;21;51;33;29;0;0;0;0;0;0;0;1;38;1
02.09.2016;21;0;0;35;0;35;19;33;38;0;24;20;44;18;16;33;13;33;22;34;12;23;19;0;0;0;0;0;0;0;0;23;2
02.09.2016;22;0;0;32;0;33;22;25;36;0;28;20;35;21;0;42;0;32;0;33;0;36;11;0;0;0;0;0;0;0;0;28;0
02.09.2016;23;0;0;24;0;25;17;21;23;0;11;18;18;15;0;30;0;25;0;20;0;23;14;0;0;0;0;0;0;0;0;23;0
02.09.2016;24;0;0;24;0;24;15;18;19;0;15;12;20;18;0;32;0;20;0;18;0;15;17;0;0;0;0;0;0;0;0;15;0
03.09.2016;1;0;0;20;0;13;16;15;21;0;20;10;12;14;0;40;0;22;0;16;0;16;39;0;0;0;0;0;0;0;0;9;0
03.09.2016;2;0;0;22;0;23;19;17;28;0;32;8;10;15;0;30;0;23;0;21;0;16;22;0;0;0;0;0;0;0;0;15;0
03.09.2016;3;0;0;25;0;37;35;11;22;0;25;5;23;13;0;25;0;32;0;33;0;30;25;0;0;0;0;0;0;0;1;31;0
03.09.2016;4;0;0;43;12;40;39;16;35;0;28;15;29;18;4;25;8;35;25;39;13;22;27;0;0;0;0;0;0;16;0;31;0
03.09.2016;5;0;20;40;14;39;24;23;32;13;41;25;42;23;31;33;24;31;50;39;35;18;18;0;0;0;0;0;0;14;0;36;0
03.09.2016;6;0;20;32;1;30;10;29;27;4;43;26;37;15;30;45;22;37;44;30;35;18;25;0;0;0;0;0;0;6;1;28;0
03.09.2016;7;0;23;31;0;35;16;32;28;13;36;18;41;7;0;51;0;32;40;34;8;35;27;0;0;0;0;0;0;0;0;24;1
03.09.2016;8;0;23;43;0;32;15;26;32;13;46;29;40;13;0;55;0;54;42;34;0;36;33;0;0;0;0;0;11;0;0;23;1
03.09.2016;9;0;34;44;0;31;21;35;29;21;29;27;45;20;0;55;0;56;53;43;0;29;33;5;0;3;6;0;21;0;1;24;0
03.09.2016;10;0;37;46;0;21;23;11;24;19;37;24;40;24;25;44;0;46;50;38;0;28;29;21;0;21;13;0;29;0;2;19;0
03.09.2016;11;0;31;41;0;32;28;17;31;27;40;13;42;27;40;28;0;59;61;42;0;33;25;19;0;18;15;0;22;0;2;18;0
03.09.2016;12;0;25;38;0;28;21;27;22;18;44;21;40;22;53;39;0;53;38;32;0;34;29;21;0;13;15;0;17;0;1;21;0
03.09.2016;13;0;35;45;0;36;23;15;37;24;47;31;44;19;66;45;0;55;49;40;0;34;35;25;0;11;18;0;18;0;0;25;2
03.09.2016;14;0;26;56;0;32;18;27;28;19;42;30;37;16;56;38;0;54;41;35;0;30;37;22;0;12;21;0;6;0;0;22;0
03.09.2016;15;0;41;64;0;29;18;24;35;24;44;28;31;30;54;45;0;57;42;25;0;29;19;21;0;15;22;0;3;0;1;24;2
03.09.2016;16;0;28;47;0;33;18;27;32;25;42;29;40;20;55;39;0;52;45;36;0;35;26;9;0;14;8;0;15;0;0;22;0
03.09.2016;17;0;17;44;0;38;15;20;23;24;47;29;37;18;55;45;0;45;34;36;0;44;34;0;0;1;0;0;0;0;0;32;1
03.09.2016;18;0;18;39;0;35;25;29;15;21;48;23;41;18;54;44;0;41;27;28;0;37;33;0;0;0;0;0;0;0;1;35;1
03.09.2016;19;0;22;40;0;38;19;29;16;31;46;28;33;23;47;39;0;46;38;21;27;30;24;0;0;0;0;0;0;0;1;34;0
03.09.2016;20;0;24;45;0;41;19;23;15;20;47;25;36;21;57;45;0;43;31;24;42;24;29;0;0;0;0;0;0;0;1;43;0
03.09.2016;21;0;0;39;0;39;19;31;38;0;27;26;39;15;10;36;0;47;15;32;10;27;18;0;0;0;0;0;0;0;1;34;0
03.09.2016;22;0;0;37;0;32;20;18;40;0;25;21;31;16;0;27;0;34;0;36;0;35;12;0;0;0;0;0;0;0;0;28;0
03.09.2016;23;0;0;29;0;35;19;16;21;0;21;19;20;13;0;32;0;35;0;17;0;36;13;0;0;0;0;0;0;0;0;34;0
03.09.2016;24;0;0;16;0;32;16;16;17;0;10;10;18;9;0;19;0;23;0;18;0;13;13;0;0;0;0;0;0;0;0;16;0
04.09.2016;1;0;0;21;0;21;18;14;17;0;20;5;14;11;0;26;0;21;0;16;0;14;25;0;0;0;0;0;0;0;0;11;0
04.09.2016;2;0;0;19;0;20;15;19;25;0;24;6;10;12;0;28;0;22;0;24;0;17;24;0;0;0;0;0;0;0;1;14;0
04.09.2016;3;0;0;27;0;23;26;15;25;0;26;0;16;9;0;16;0;17;0;30;0;16;10;0;0;0;0;0;0;0;1;17;0
04.09.2016;4;0;0;32;10;46;30;15;30;0;33;4;26;15;0;22;0;23;0;33;0;32;13;0;0;0;0;0;0;12;0;34;0
04.09.2016;5;0;22;34;16;36;14;27;32;17;44;30;34;16;31;30;24;42;47;36;24;24;15;0;0;0;0;0;0;14;0;34;0
04.09.2016;6;0;26;42;3;28;4;26;28;8;43;30;32;20;48;34;27;33;36;27;25;20;23;0;0;0;0;0;0;7;1;26;0
04.09.2016;7;0;27;39;0;40;15;34;40;6;38;18;43;10;50;35;13;41;36;43;9;21;27;0;0;0;0;0;0;0;0;22;0
04.09.2016;8;0;28;58;0;32;19;27;34;14;46;31;46;15;53;44;0;54;0;58;0;45;29;0;0;5;0;0;0;0;0;33;0
04.09.2016;9;1;30;50;0;32;17;21;27;23;33;23;39;25;45;31;0;46;0;59;0;22;39;0;0;19;0;0;14;0;0;27;0
04.09.2016;10;0;31;51;0;19;16;28;24;24;43;23;38;30;42;36;0;46;0;58;0;30;28;0;0;19;0;0;19;0;1;18;1
04.09.2016;11;0;38;50;0;24;17;27;34;24;35;23;48;35;47;28;17;43;15;53;0;25;24;14;0;19;10;0;13;0;2;20;2
04.09.2016;12;0;22;36;0;17;19;27;15;20;42;23;42;19;61;35;44;32;36;37;0;24;29;20;0;14;11;0;11;0;0;15;0
04.09.2016;13;0;41;36;0;37;16;19;35;25;48;25;39;32;56;49;38;33;52;31;0;29;34;23;0;12;21;0;19;0;0;23;1
04.09.2016;14;0;37;44;0;38;19;27;31;25;48;35;35;27;60;46;55;39;50;34;0;27;33;33;0;19;20;0;16;0;0;22;0
04.09.2016;15;0;26;44;0;33;20;27;36;35;49;28;36;23;60;36;51;33;61;28;0;30;23;28;0;20;23;0;14;0;1;23;0
04.09.2016;16;0;29;46;0;44;20;30;28;24;44;33;33;14;63;40;52;35;43;35;4;37;19;21;0;5;9;0;12;0;0;30;0
04.09.2016;17;0;25;44;0;33;24;20;22;22;40;27;49;23;55;37;41;33;46;40;46;25;27;18;0;0;0;0;1;0;0;39;1
04.09.2016;18;0;23;49;0;40;17;20;16;25;43;33;37;24;58;35;38;38;37;32;36;19;35;0;0;0;0;0;0;0;1;40;1
04.09.2016;19;0;27;48;0;37;14;26;19;30;44;29;51;24;52;36;34;38;53;36;53;33;39;0;0;0;0;0;0;0;1;41;0
04.09.2016;20;0;25;46;0;55;12;23;24;8;43;34;40;24;53;42;30;44;32;29;53;27;34;0;0;0;0;0;0;0;1;52;0
04.09.2016;21;0;0;34;0;38;13;25;35;0;35;31;41;12;0;54;0;44;0;41;0;42;25;0;0;0;0;0;0;0;0;32;0
04.09.2016;22;0;0;38;0;49;23;31;36;0;30;21;39;24;0;48;0;34;0;37;0;47;23;0;0;0;0;0;0;0;0;42;0
04.09.2016;23;0;0;33;0;40;21;12;23;0;18;17;23;19;0;36;0;29;0;26;0;35;16;0;0;0;0;0;0;0;0;36;0
04.09.2016;24;0;0;26;0;25;12;14;16;0;13;10;18;13;0;23;0;18;0;16;0;18;13;0;0;0;0;0;0;0;0;21;0
05.09.2016;1;0;0;21;0;18;19;5;12;0;20;12;11;10;0;31;0;23;0;16;0;11;31;0;0;0;0;0;0;0;0;14;0
05.09.2016;2;0;0;23;0;13;29;15;20;0;23;6;11;22;0;30;0;20;0;22;0;16;19;0;0;0;0;0;0;0;1;15;0
05.09.2016;3;0;0;30;0;31;21;16;22;0;21;0;17;18;0;20;0;8;0;21;0;11;11;0;0;0;0;0;0;0;1;18;0
05.09.2016;4;0;0;34;7;40;22;18;29;0;34;7;25;15;5;35;6;25;8;39;8;28;14;0;0;0;0;0;0;14;0;29;0
05.09.2016;5;0;27;35;16;34;17;24;27;17;39;33;36;21;31;25;31;35;45;36;34;17;18;0;0;0;0;0;0;14;0;34;2
05.09.2016;6;0;24;31;0;35;8;28;27;9;48;31;41;21;49;44;32;38;44;37;38;22;22;0;0;0;0;0;0;8;1;36;0
05.09.2016;7;0;29;40;0;23;14;28;41;5;42;24;53;15;44;32;32;29;50;49;26;17;22;0;0;0;0;0;0;0;0;22;0
05.09.2016;8;0;23;50;0;30;20;28;35;11;47;30;44;8;48;39;27;35;42;29;29;25;27;0;0;0;0;0;0;0;0;29;0
05.09.2016;9;0;33;50;0;32;29;36;35;13;38;30;33;23;61;44;32;38;41;32;9;25;48;0;0;0;0;0;7;0;0;24;2
05.09.2016;10;1;30;36;0;20;30;34;26;19;32;22;36;27;45;33;37;25;38;33;0;28;28;9;0;13;0;0;28;0;2;15;2
05.09.2016;11;2;36;49;0;17;15;35;31;28;40;18;37;31;53;35;39;26;50;36;0;29;16;15;0;16;0;0;23;0;0;16;4
05.09.2016;12;0;29;36;0;21;16;30;19;19;43;28;41;10;61;42;41;31;39;38;0;27;22;16;15;11;12;0;16;0;1;16;1
05.09.2016;13;1;35;44;0;28;11;18;30;22;46;31;36;3;77;54;31;34;51;32;0;38;29;24;22;5;28;0;13;0;0;22;2
05.09.2016;14;0;27;41;0;33;21;23;29;30;45;34;46;5;73;50;41;41;65;45;0;32;29;28;17;12;25;0;15;0;0;23;0
05.09.2016;15;0;29;40;0;38;15;24;39;36;49;23;35;5;79;52;50;31;70;33;0;35;22;27;18;22;25;0;21;0;1;27;1
05.09.2016;16;0;35;49;0;37;16;19;38;24;42;26;33;13;62;40;31;29;47;31;0;48;22;14;2;3;18;0;13;0;1;31;1
05.09.2016;17;0;20;45;0;37;14;23;18;27;46;31;43;17;59;48;36;38;46;35;31;38;27;19;0;0;3;0;1;0;0;37;2
05.09.2016;18;0;19;46;0;41;16;24;15;23;41;30;45;18;55;40;35;32;45;37;42;26;25;19;0;0;0;0;0;0;1;39;1
05.09.2016;19;0;22;45;0;45;16;24;25;26;47;24;49;23;51;52;36;32;46;34;54;36;31;6;0;0;0;0;0;0;1;44;1
05.09.2016;20;0;19;35;0;43;17;26;23;18;50;25;38;19;37;53;21;35;19;29;34;40;30;0;0;0;0;0;0;0;0;42;1
05.09.2016;21;0;0;30;0;36;16;22;28;0;24;18;46;13;0;44;0;40;0;44;0;40;26;0;0;0;0;0;0;0;1;33;0
05.09.2016;22;0;0;31;0;45;12;22;27;0;23;19;39;16;0;37;0;32;0;33;0;41;11;0;0;0;0;0;0;0;1;35;0
05.09.2016;23;0;0;25;0;32;10;15;21;0;22;16;20;14;0;36;0;25;0;18;0;33;13;0;0;0;0;0;0;0;0;29;0
05.09.2016;24;0;0;14;0;25;14;18;18;0;13;10;16;8;0;24;0;19;0;19;0;11;14;0;0;0;0;0;0;0;0;15;0
06.09.2016;1;0;0;20;0;14;15;8;21;0;14;7;10;8;0;23;0;20;0;16;0;9;22;0;0;0;0;0;0;0;0;10;0
06.09.2016;2;0;0;25;0;14;26;16;25;0;28;6;8;17;0;29;0;20;0;16;0;12;22;0;0;0;0;0;0;0;1;9;0
06.09.2016;3;0;0;24;0;23;32;13;22;0;24;3;15;14;0;21;0;16;0;21;0;14;17;0;0;0;0;0;0;0;1;18;0
06.09.2016;4;0;0;29;10;37;23;17;35;0;31;7;31;6;8;35;3;27;4;44;5;28;12;0;0;0;0;0;0;13;0;26;0
06.09.2016;5;0;14;36;19;29;11;24;30;10;40;32;41;17;36;34;20;32;37;38;39;23;11;0;0;0;0;0;0;18;0;34;0
06.09.2016;6;0;17;32;4;21;7;39;21;9;47;31;41;18;53;44;31;38;37;36;34;23;17;0;0;0;0;0;0;8;1;24;0
06.09.2016;7;0;25;35;0;30;18;34;38;12;42;25;46;11;58;45;27;34;45;41;16;27;24;0;0;0;0;0;0;0;0;24;1
06.09.2016;8;1;21;48;0;21;17;26;31;12;44;32;38;9;52;49;26;37;45;34;0;34;29;0;0;0;0;0;0;0;1;25;1
06.09.2016;9;2;28;47;0;35;15;21;32;16;24;32;40;6;58;36;30;37;57;47;0;34;32;11;13;8;16;0;9;0;1;31;1
06.09.2016;10;0;26;48;0;23;15;13;28;17;39;24;41;2;49;42;27;27;43;40;0;34;19;10;8;14;15;0;8;0;2;21;2
06.09.2016;11;0;36;59;0;27;15;15;36;24;39;17;40;6;50;40;40;30;46;41;0;24;16;13;22;19;14;0;14;0;1;14;1
06.09.2016;12;0;26;38;0;27;21;24;28;20;47;26;40;13;60;44;43;35;50;37;0;27;23;14;15;15;18;0;12;0;1;18;2
06.09.2016;13;0;33;43;0;34;14;17;30;18;42;31;37;27;52;46;33;34;38;29;31;24;26;16;0;10;21;0;20;0;0;25;2
06.09.2016;14;0;26;41;0;29;14;19;28;30;42;31;37;21;57;41;42;37;52;37;22;15;29;22;0;11;18;0;14;0;1;22;1
06.09.2016;15;0;26;41;0;31;13;17;33;27;45;34;39;16;56;47;30;37;53;28;36;24;26;21;0;11;21;0;19;0;1;35;2
06.09.2016;16;0;22;48;0;38;12;20;28;19;42;29;35;18;52;43;26;31;36;28;31;20;21;13;0;7;11;0;9;0;1;27;1
06.09.2016;17;0;24;46;0;38;12;19;25;24;42;31;39;22;55;42;25;35;43;31;41;22;21;9;0;0;0;0;0;0;0;38;1
06.09.2016;18;0;23;46;0;43;18;23;24;29;47;27;42;16;49;35;30;33;47;32;42;26;25;11;0;0;0;0;0;0;3;38;2
06.09.2016;19;0;25;47;0;37;15;28;17;26;47;29;43;21;57;44;32;39;46;35;45;21;26;1;0;0;0;0;0;0;1;36;1
06.09.2016;20;0;10;34;0;53;16;18;28;8;47;32;40;23;54;45;31;38;28;21;54;30;30;0;0;0;0;0;0;0;1;48;0
06.09.2016;21;0;0;39;0;43;17;24;38;0;32;24;44;19;18;46;13;33;16;34;20;34;26;0;0;0;0;0;0;0;0;34;1
06.09.2016;22;0;0;43;0;38;18;15;42;0;25;22;35;17;0;40;0;38;0;33;0;42;18;0;0;0;0;0;0;0;0;33;0
06.09.2016;23;0;0;34;0;32;21;15;20;0;20;15;19;16;0;33;0;32;0;16;0;30;8;0;0;0;0;0;0;0;0;30;0
06.09.2016;24;0;0;14;0;22;13;18;15;0;9;10;13;11;0;23;0;24;0;13;0;14;10;0;0;0;0;0;0;0;0;15;0
07.09.2016;1;0;0;20;0;11;14;12;15;0;14;9;11;10;0;24;0;17;0;8;0;8;21;0;0;0;0;0;0;0;0;6;0
07.09.2016;2;0;0;25;0;24;23;22;28;0;29;7;8;10;0;31;0;25;0;20;0;13;20;0;0;0;0;0;0;0;1;10;0
07.09.2016;3;0;0;23;0;27;25;20;23;0;29;1;18;8;0;30;0;15;0;24;0;17;21;0;0;0;0;0;0;0;1;15;0
07.09.2016;4;0;0;33;0;54;27;19;35;0;31;9;31;9;4;24;6;28;10;40;8;28;16;0;0;0;0;0;0;11;0;34;0
07.09.2016;5;0;8;35;10;44;12;28;39;3;41;35;34;11;36;35;24;37;58;37;45;19;11;0;0;0;0;1;0;21;0;36;0
07.09.2016;6;0;25;36;1;32;10;38;32;8;54;33;50;18;60;50;33;36;54;41;43;22;22;0;0;0;0;0;0;6;1;27;2
07.09.2016;7;0;26;33;0;34;21;16;40;13;33;22;48;13;45;30;25;24;47;44;28;18;20;0;0;0;15;0;11;0;0;23;2
07.09.2016;8;0;20;34;0;24;19;10;30;11;45;29;40;17;45;40;5;45;29;28;32;21;26;0;0;0;17;0;12;0;0;24;2
07.09.2016;9;0;31;49;0;36;31;21;35;21;30;38;37;25;62;34;0;60;45;37;28;23;42;0;0;0;14;0;12;0;1;28;2
07.09.2016;10;0;24;46;0;21;29;18;28;21;41;27;37;19;49;38;0;54;47;30;24;19;35;14;13;0;20;0;19;0;0;17;3
07.09.2016;11;0;31;44;0;27;29;17;42;34;34;18;44;25;40;30;20;48;59;47;29;14;22;21;15;0;20;0;17;0;1;24;3
07.09.2016;12;0;27;47;0;23;19;29;30;21;42;27;39;23;61;37;44;32;42;35;22;15;26;19;14;0;25;0;11;0;1;18;2
07.09.2016;13;0;45;50;0;46;14;23;39;27;42;28;44;31;58;36;38;40;48;39;29;24;35;12;12;0;27;0;20;0;2;31;0
07.09.2016;14;0;28;38;0;37;26;33;27;24;45;36;31;25;61;47;48;40;44;34;0;27;40;23;8;0;26;0;13;0;1;22;1
07.09.2016;15;1;26;35;0;29;17;24;32;22;49;32;38;18;59;48;42;39;48;34;0;28;28;18;13;0;22;1;13;0;2;24;1
07.09.2016;16;0;29;42;0;34;14;29;27;18;45;30;28;19;53;42;37;33;34;29;0;33;25;14;8;0;10;0;10;0;1;26;1
07.09.2016;17;1;19;28;0;35;17;25;18;27;41;26;41;18;55;36;29;31;36;32;0;50;25;12;0;0;0;0;14;0;0;39;3
07.09.2016;18;0;20;51;0;36;21;30;19;26;44;29;46;19;59;43;34;36;37;40;5;46;33;0;0;0;0;0;5;0;2;34;3
07.09.2016;19;0;24;56;0;38;17;23;20;37;40;26;46;25;50;35;36;34;49;35;42;27;30;0;0;0;0;0;0;0;0;40;0
07.09.2016;20;0;19;44;0;46;13;19;13;23;48;26;43;18;49;52;37;29;40;29;49;31;26;0;0;0;0;0;0;0;1;41;1
07.09.2016;21;0;4;33;0;38;15;27;33;9;27;22;45;15;14;44;10;38;21;36;17;29;24;0;0;0;0;0;0;0;0;31;0
07.09.2016;22;0;0;34;0;38;23;25;38;0;27;22;35;17;0;42;0;37;0;35;0;38;14;0;0;0;0;0;0;0;0;30;1
07.09.2016;23;0;0;31;0;34;23;12;30;0;22;15;19;13;0;37;0;28;0;28;0;37;14;0;0;0;0;0;0;0;0;32;0
07.09.2016;24;0;0;27;0;22;17;14;22;0;14;9;8;13;0;18;0;16;0;15;0;7;11;0;0;0;0;0;0;0;0;14;0
08.09.2016;1;0;0;22;0;11;15;10;18;0;18;12;7;8;0;31;0;19;0;14;0;7;24;0;0;0;0;0;0;0;0;5;0
08.09.2016;2;0;0;26;0;21;22;22;24;0;26;4;9;12;0;38;0;17;0;21;0;17;14;0;0;0;0;0;0;0;1;11;0
08.09.2016;3;0;0;21;0;29;19;15;21;0;27;0;17;8;0;29;0;11;0;17;0;14;16;0;0;0;0;0;0;0;1;18;0
08.09.2016;4;0;5;28;5;38;29;15;21;11;32;4;27;14;6;29;3;22;11;26;11;23;13;0;0;0;0;0;0;11;0;26;0
08.09.2016;5;0;18;30;17;26;18;18;16;22;37;27;32;14;35;29;29;32;44;34;43;13;15;0;0;0;0;1;0;20;0;25;0
08.09.2016;6;0;18;35;5;25;8;40;21;13;48;35;41;22;60;46;32;37;40;28;43;28;21;0;0;0;0;0;0;9;1;25;0
08.09.2016;7;1;13;22;0;27;21;30;15;12;44;27;45;15;61;36;35;27;34;34;24;21;25;0;0;0;10;0;0;0;0;20;1
08.09.2016;8;1;18;35;0;28;21;16;32;11;43;36;37;10;58;37;10;43;44;32;23;30;27;0;0;0;16;0;5;0;0;29;3
08.09.2016;9;0;43;50;0;33;20;20;53;11;32;42;39;27;58;30;9;61;55;50;0;28;38;3;7;0;19;0;13;0;0;25;7
08.09.2016;10;0;34;48;0;22;22;19;47;14;36;26;40;13;43;30;42;31;37;35;0;29;25;17;16;0;16;0;15;0;2;24;4
08.09.2016;11;0;30;48;0;28;22;10;34;19;34;16;37;14;42;25;34;24;35;37;0;30;23;21;11;0;13;0;12;0;1;20;1
08.09.2016;12;0;25;38;0;20;22;18;30;16;42;21;32;20;61;37;46;28;37;32;0;22;30;21;14;0;17;0;7;0;1;12;2
08.09.2016;13;0;43;55;0;32;16;17;34;31;49;30;32;23;63;44;31;35;47;32;0;30;35;14;10;0;18;0;24;0;1;24;1
08.09.2016;14;0;29;45;0;34;23;16;22;37;41;36;40;28;57;38;58;43;65;42;0;38;30;24;15;0;12;0;11;0;0;29;2
08.09.2016;15;1;33;50;0;30;23;20;36;39;51;33;42;28;66;46;35;39;70;38;0;36;19;22;13;0;20;0;22;0;0;21;2
08.09.2016;16;0;36;50;0;39;24;23;35;21;43;34;40;19;49;35;23;36;58;37;0;38;14;11;0;0;7;1;22;0;1;33;2
08.09.2016;17;0;25;43;0;39;18;26;26;23;41;23;41;20;50;30;31;35;46;32;28;26;25;14;0;0;0;0;8;0;0;35;1
08.09.2016;18;0;17;49;0;36;21;27;18;33;52;30;40;22;54;45;33;36;45;34;39;26;30;0;0;0;0;0;0;0;2;34;4
08.09.2016;19;0;29;56;0;38;13;28;24;34;43;27;41;24;58;41;30;38;52;31;46;23;49;0;0;0;0;0;0;0;1;39;1
08.09.2016;20;0;23;51;0;46;12;20;11;24;49;29;41;21;60;49;28;38;35;26;47;27;34;0;0;0;0;0;0;0;0;44;0
08.09.2016;21;0;0;36;0;37;18;27;27;11;32;19;42;17;25;34;17;28;27;35;27;32;23;0;0;0;0;0;0;0;2;34;1
08.09.2016;22;0;0;37;0;38;20;22;34;0;23;23;29;21;0;41;0;39;0;30;0;42;21;0;0;0;0;0;0;0;0;35;0
08.09.2016;23;0;0;34;0;39;26;11;31;0;17;15;21;18;0;30;0;23;0;21;0;31;17;0;0;0;0;0;0;0;0;29;0
08.09.2016;24;0;0;19;0;24;21;15;17;0;11;14;12;18;0;26;0;23;0;15;0;12;20;0;0;0;0;0;0;0;0;13;0
09.09.2016;1;0;0;27;0;22;14;17;25;0;15;12;15;7;0;37;0;21;0;19;0;16;29;0;0;0;0;0;0;0;0;13;0
09.09.2016;2;0;0;25;0;25;16;19;23;0;27;4;11;6;0;32;0;12;0;21;0;23;26;0;0;0;0;0;0;0;1;18;0
09.09.2016;3;0;0;16;0;28;19;13;19;0;25;5;16;6;0;22;0;17;0;27;0;20;23;0;0;0;0;0;0;0;1;21;0
09.09.2016;4;0;1;31;8;34;22;20;23;4;29;11;31;5;2;21;7;28;19;37;6;16;10;0;0;0;0;1;0;5;0;27;0
09.09.2016;5;0;25;48;15;39;11;25;23;18;42;25;34;18;33;31;15;31;39;30;39;25;9;0;0;0;0;1;0;16;0;27;0
09.09.2016;6;0;24;38;0;35;11;40;26;12;56;36;42;24;63;49;34;45;55;37;39;18;27;0;0;0;0;0;0;6;1;27;1
09.09.2016;7;0;26;34;0;34;24;36;32;14;38;30;50;14;53;34;39;36;47;43;34;20;30;0;0;0;0;0;0;0;0;20;4
09.09.2016;8;1;18;39;0;31;18;35;33;10;46;38;37;11;61;42;37;44;47;29;42;27;24;0;0;0;0;0;9;0;0;27;4
09.09.2016;9;1;34;41;0;39;20;31;39;21;31;37;47;23;65;34;34;41;56;51;24;29;42;3;7;0;7;0;27;0;0;36;4
09.09.2016;10;0;24;40;0;29;13;17;29;22;42;26;36;21;53;42;22;28;49;35;0;35;18;15;13;0;18;0;31;0;3;20;1
09.09.2016;11;0;42;52;0;25;18;20;33;18;37;19;48;36;49;29;41;25;58;49;0;29;17;17;18;0;19;0;27;0;1;18;4
09.09.2016;12;0;30;43;0;27;19;37;31;19;45;38;39;28;68;41;49;37;46;37;0;24;25;18;14;0;21;0;15;0;1;14;3
09.09.2016;13;0;40;45;0;41;20;31;33;24;50;30;39;29;67;50;40;31;46;34;0;43;40;22;11;0;30;0;17;0;0;30;2
09.09.2016;14;0;20;38;0;44;31;31;29;29;46;39;43;21;61;48;56;43;53;39;0;35;44;25;11;0;36;0;23;0;1;26;0
09.09.2016;15;1;35;34;0;34;23;28;40;32;47;28;46;23;53;46;49;36;63;39;0;39;29;23;13;0;30;0;30;0;2;21;2
09.09.2016;16;0;33;43;0;36;17;26;38;21;48;32;32;17;63;42;40;40;39;29;0;40;25;14;7;0;19;0;32;0;1;31;3
09.09.2016;17;0;25;52;0;40;20;27;31;26;44;32;47;18;51;42;36;36;43;38;0;53;34;8;5;0;5;0;16;0;2;41;5
09.09.2016;18;0;16;52;0;36;22;34;15;25;39;35;50;14;63;36;34;35;37;41;7;47;42;0;0;0;0;0;0;0;2;35;5
09.09.2016;19;0;24;52;0;36;19;28;24;27;45;26;54;21;61;41;31;35;50;41;57;36;37;0;0;0;0;0;0;0;1;47;3
09.09.2016;20;0;18;43;0;46;16;20;29;7;44;29;41;25;55;47;32;33;22;23;42;33;28;0;0;0;0;0;0;0;1;44;2
09.09.2016;21;0;0;38;0;36;16;19;39;0;32;26;48;18;6;42;2;44;3;42;8;35;24;0;0;0;0;0;0;0;0;32;2
09.09.2016;22;0;0;43;0;35;22;24;30;0;29;20;34;23;0;39;0;35;0;34;0;43;16;0;0;0;0;0;0;0;0;32;0
09.09.2016;23;0;0;36;0;31;23;11;24;0;15;19;21;21;0;25;0;31;0;24;0;36;12;0;0;0;0;0;0;0;0;28;1
09.09.2016;24;0;0;26;0;27;25;16;19;0;14;8;13;16;0;22;0;21;0;19;0;13;20;0;0;0;0;0;0;0;0;14;0
10.09.2016;1;0;0;20;0;15;15;16;21;0;18;15;11;13;0;28;0;22;0;15;0;8;29;0;0;0;0;0;0;0;0;6;0
10.09.2016;2;0;0;26;0;20;23;22;27;0;24;6;11;12;0;23;0;20;0;22;0;7;19;0;0;0;0;0;0;0;0;9;0
10.09.2016;3;0;0;26;0;36;33;14;24;0;30;11;24;10;0;28;0;33;0;37;0;25;21;0;0;0;0;0;0;0;1;29;1
10.09.2016;4;0;0;35;8;39;30;21;28;1;34;9;31;9;0;32;0;25;0;49;0;30;17;0;0;0;0;0;0;8;0;33;0
10.09.2016;5;0;19;37;15;30;19;23;27;18;39;24;38;12;32;26;19;34;37;49;27;34;13;0;0;0;0;0;0;18;0;28;0
10.09.2016;6;0;20;38;3;24;16;29;30;15;46;26;43;17;52;38;26;35;41;39;32;32;20;0;0;0;0;0;0;9;1;24;0
10.09.2016;7;0;28;39;0;32;16;29;32;15;36;22;41;15;54;36;0;36;22;41;0;31;23;0;0;0;0;0;0;0;0;22;2
10.09.2016;8;0;24;51;0;25;19;30;32;12;49;34;43;15;55;48;0;54;0;52;0;34;35;0;1;0;0;0;0;0;0;24;5
10.09.2016;9;0;30;53;0;34;17;34;35;20;29;37;40;24;50;31;0;58;0;62;0;32;38;0;15;0;0;0;8;0;2;25;2
10.09.2016;10;0;29;49;0;21;32;29;37;27;36;18;44;27;48;29;0;48;0;61;0;30;34;0;6;0;0;0;22;0;4;20;2
10.09.2016;11;0;32;49;0;17;19;24;29;30;30;15;37;26;41;21;15;40;32;49;0;32;28;6;13;0;7;0;24;0;0;14;3
10.09.2016;12;0;38;38;0;21;20;26;32;23;43;29;41;31;76;48;49;41;40;35;0;32;22;22;22;0;17;0;14;0;2;18;1
10.09.2016;13;0;41;48;0;34;14;21;29;24;51;25;34;31;68;53;41;31;40;36;0;33;30;16;18;0;20;0;15;0;0;26;1
10.09.2016;14;1;29;45;0;28;24;28;22;28;43;35;39;26;63;41;53;38;46;35;0;30;30;24;13;0;19;0;22;0;0;20;1
10.09.2016;15;0;37;47;0;30;28;28;33;28;43;34;30;28;67;42;61;36;53;27;0;32;19;23;20;0;19;0;25;0;1;27;2
10.09.2016;16;0;29;47;0;34;30;33;24;26;45;31;41;27;58;43;42;29;43;32;0;29;24;12;7;0;0;0;16;0;0;27;1
10.09.2016;17;1;29;46;0;34;23;23;28;18;44;30;38;24;48;33;43;37;41;36;4;41;28;0;0;0;0;0;3;0;0;34;0
10.09.2016;18;0;16;48;0;34;21;22;20;18;48;28;35;19;54;46;30;31;32;25;33;21;37;0;0;0;0;0;0;0;3;34;0
10.09.2016;19;0;22;46;0;31;14;23;21;30;45;25;31;24;53;45;31;23;44;27;46;25;32;0;0;0;0;0;0;0;0;33;2
10.09.2016;20;0;4;41;0;39;20;17;33;8;47;32;35;21;39;49;26;43;25;28;34;30;29;0;0;0;0;0;0;0;0;37;0
10.09.2016;21;0;0;35;0;40;19;22;29;0;33;21;37;17;0;41;0;37;0;42;0;42;17;0;0;0;0;0;0;0;1;36;0
10.09.2016;22;0;0;34;0;39;22;19;26;0;22;22;25;19;0;26;0;30;0;25;0;38;18;0;0;0;0;0;0;0;1;36;0
10.09.2016;23;0;0;29;0;30;31;13;19;0;18;17;15;14;0;30;0;33;0;25;0;29;17;0;0;0;0;0;0;0;0;29;0
10.09.2016;24;0;0;24;0;19;24;17;16;0;14;15;18;17;0;24;0;29;0;23;0;11;14;0;0;0;0;0;0;0;0;14;0
11.09.2016;1;0;0;26;0;14;18;8;20;0;18;11;15;9;0;32;0;29;0;20;0;14;28;0;0;0;0;0;0;0;12;0;0
11.09.2016;2;0;0;18;0;16;15;16;26;0;23;7;9;9;0;38;0;23;0;19;0;13;14;0;0;0;0;0;0;1;12;0;0
11.09.2016;3;0;0;25;0;24;20;17;21;0;24;0;16;7;0;24;0;15;0;15;0;13;10;0;0;0;0;0;0;1;17;0;0
11.09.2016;4;0;0;33;0;36;20;17;30;0;33;6;21;8;5;33;0;23;4;31;5;19;17;0;0;0;0;0;0;1;30;0;0
11.09.2016;5;0;22;42;0;42;11;26;24;16;39;30;27;15;36;30;24;37;41;29;31;23;16;0;0;0;0;0;0;0;45;0;0
11.09.2016;6;0;22;36;0;24;9;28;23;11;38;27;33;20;47;35;28;33;41;29;31;20;22;0;0;0;0;0;0;1;33;0;0
11.09.2016;7;0;29;36;0;32;19;33;31;10;42;24;42;14;52;34;30;38;40;36;23;12;21;0;0;0;0;0;0;0;21;0;0
11.09.2016;8;0;27;58;0;24;21;24;37;11;46;32;47;16;54;44;36;41;50;39;29;17;29;0;0;0;0;1;0;1;26;0;0
11.09.2016;9;0;27;56;0;34;29;21;30;18;29;40;35;25;50;37;31;40;44;29;16;25;41;4;4;0;0;0;6;1;30;0;0
11.09.2016;10;0;35;49;0;25;21;27;25;24;36;20;42;27;49;28;32;22;39;38;0;34;31;17;21;0;0;0;27;1;18;1;0
11.09.2016;11;0;39;41;0;21;20;33;34;30;37;22;48;41;55;35;49;28;58;47;0;30;30;20;24;0;0;0;23;2;16;5;0
11.09.2016;12;0;27;36;0;24;21;30;28;24;48;17;39;18;68;49;40;26;46;33;4;30;29;18;14;0;15;0;17;0;16;2;0
11.09.2016;13;0;39;45;0;36;20;20;38;23;50;29;42;28;65;50;50;39;58;40;33;21;40;18;11;0;22;0;20;0;28;0;5
11.09.2016;14;1;39;47;0;40;16;24;33;26;44;37;35;30;48;43;60;42;58;38;27;10;34;21;18;0;19;1;22;0;27;1;15
11.09.2016;15;1;31;34;0;30;17;23;34;26;43;29;39;23;43;41;49;39;53;34;28;17;32;20;13;0;24;0;19;1;20;2;24
11.09.2016;16;0;30;45;0;31;22;28;30;21;46;36;30;20;56;52;43;41;43;41;24;12;30;20;10;0;7;0;22;0;21;0;21
11.09.2016;17;0;24;44;0;35;21;22;24;21;44;33;48;20;51;47;38;36;48;39;45;25;18;22;0;0;0;0;6;0;36;0;4
11.09.2016;18;0;21;49;0;33;25;28;22;27;44;28;43;25;55;44;35;31;46;38;38;26;25;22;0;0;0;0;0;0;30;1;0
11.09.2016;19;0;30;47;0;28;24;28;29;30;48;30;41;24;58;44;44;40;49;38;40;25;32;13;0;0;0;0;0;0;33;0;0
11.09.2016;20;0;28;50;0;39;19;22;21;23;45;34;44;20;52;44;32;43;29;33;40;34;25;0;0;0;0;0;0;2;43;1;0
11.09.2016;21;0;7;36;0;38;20;22;24;10;30;27;43;20;0;43;0;34;0;43;0;35;21;0;0;0;0;0;0;1;31;2;0
11.09.2016;22;0;0;37;0;39;26;17;36;0;29;19;38;19;0;44;0;39;0;37;0;42;21;0;0;0;0;0;0;0;37;1;0
11.09.2016;23;0;0;36;0;43;25;14;32;0;23;19;23;21;0;30;0;31;0;30;0;34;13;0;0;0;0;0;0;0;37;0;0
11.09.2016;24;0;0;27;0;17;11;17;16;0;12;8;12;9;0;19;0;11;0;17;0;10;10;0;0;0;0;0;0;0;11;0;0
12.09.2016;1;0;0;25;0;15;22;13;16;0;18;10;13;5;0;30;0;25;0;13;0;12;27;0;0;0;0;0;0;0;0;12;0
12.09.2016;2;0;0;27;0;18;27;20;22;0;27;6;8;20;0;30;0;27;0;9;0;12;19;0;0;0;0;0;0;0;1;10;0
12.09.2016;3;0;0;17;0;36;25;17;19;0;21;1;13;10;0;25;0;17;0;13;0;14;22;0;0;0;0;0;0;0;1;23;0
12.09.2016;4;0;0;23;11;35;20;23;27;6;35;6;27;6;2;36;5;27;7;25;6;31;17;0;0;0;0;0;0;16;0;23;0
12.09.2016;5;0;23;39;18;31;14;25;20;17;44;29;33;19;31;33;18;30;40;24;35;34;14;0;0;0;0;0;0;22;0;27;0
12.09.2016;6;0;26;40;3;26;11;37;25;13;48;33;38;18;53;41;35;39;33;25;40;31;20;0;0;0;0;0;0;9;1;23;0
12.09.2016;7;0;27;40;0;30;21;28;36;12;42;30;50;14;51;43;39;43;43;44;26;21;27;0;0;0;0;0;0;0;1;24;1
12.09.2016;8;0;24;53;0;29;18;40;41;9;45;36;42;11;54;50;27;48;41;46;0;35;23;0;0;0;0;0;0;0;0;24;2
12.09.2016;9;0;29;59;0;29;27;35;36;15;36;25;37;22;55;42;32;40;45;40;0;29;41;0;0;0;0;0;0;0;0;24;2
12.09.2016;10;3;25;52;0;28;19;27;34;21;35;21;38;11;45;41;29;32;47;40;0;31;22;7;15;15;14;0;17;0;2;23;4
12.09.2016;11;0;31;50;0;28;15;31;39;23;38;22;39;5;61;41;45;36;59;42;0;36;19;13;21;13;18;0;20;0;0;25;2
12.09.2016;12;0;25;42;0;24;14;31;27;14;45;27;39;5;60;49;38;36;38;34;0;19;23;14;16;13;21;0;11;0;2;14;1
12.09.2016;13;0;35;42;0;45;11;23;31;18;49;30;49;2;66;56;41;35;43;45;27;29;35;10;24;6;30;0;13;0;0;25;1
12.09.2016;14;1;31;35;0;39;19;24;25;21;45;36;32;8;56;43;38;35;37;29;25;17;37;27;16;9;22;0;13;0;1;20;2
12.09.2016;15;0;43;45;0;34;17;21;36;26;45;30;34;28;58;42;35;39;55;24;31;20;24;26;0;23;25;0;18;0;2;28;1
12.09.2016;16;0;28;61;0;29;14;21;30;24;45;34;34;19;56;46;33;40;41;23;28;19;23;13;0;7;15;0;15;0;0;21;0
12.09.2016;17;0;23;47;0;36;19;24;20;28;45;30;42;15;53;37;30;35;42;36;43;25;18;14;0;0;0;0;0;0;0;31;1
12.09.2016;18;0;19;48;0;43;19;29;18;27;44;29;44;19;57;39;31;36;45;33;42;23;27;18;0;0;0;0;0;0;1;42;3
12.09.2016;19;0;23;49;0;43;22;29;24;34;45;31;51;23;62;44;35;38;53;37;57;24;40;2;0;0;0;0;0;0;1;45;4
12.09.2016;20;0;6;36;0;49;10;20;23;12;47;25;43;12;54;42;26;28;28;22;47;31;26;0;0;0;0;0;0;0;1;52;2
12.09.2016;21;0;0;32;0;36;14;23;38;0;31;23;39;12;28;41;11;31;26;33;21;30;22;0;0;0;0;0;0;0;0;34;1
12.09.2016;22;0;0;29;0;44;21;18;26;0;23;20;32;17;0;39;0;34;0;27;0;47;15;0;0;0;0;0;0;0;0;45;0
12.09.2016;23;0;0;22;0;32;17;10;21;0;18;17;20;12;0;33;0;26;0;16;0;35;15;0;0;0;0;0;0;0;0;33;0
12.09.2016;24;0;0;22;0;20;14;13;26;0;12;7;14;14;0;20;0;17;0;17;0;7;13;0;0;0;0;0;0;0;0;15;0
13.09.2016;1;0;0;23;0;8;17;11;21;0;15;9;9;9;0;29;0;18;0;14;0;8;28;0;0;0;0;0;0;0;0;8;0
13.09.2016;2;0;0;17;0;17;19;17;21;0;25;5;4;14;0;24;0;17;0;13;0;9;19;0;0;0;0;0;0;0;1;9;0
13.09.2016;3;0;0;20;0;26;18;17;18;0;24;0;13;7;0;16;0;8;0;16;0;17;16;0;0;0;0;0;0;0;1;15;0
13.09.2016;4;0;0;33;0;41;22;20;24;0;30;6;23;14;8;23;4;21;10;28;8;23;11;0;0;0;0;0;0;8;0;32;0
13.09.2016;5;0;12;44;0;44;17;23;40;7;41;34;35;20;40;32;27;38;59;36;41;21;14;0;0;0;0;1;0;20;0;26;0
13.09.2016;6;0;18;37;0;26;9;39;25;12;49;37;46;17;56;43;33;39;53;39;43;18;22;0;0;0;1;0;0;8;1;25;0
13.09.2016;7;1;24;34;0;30;16;22;36;11;38;28;49;16;47;37;29;27;41;36;28;23;32;0;0;7;21;0;9;0;0;27;0
13.09.2016;8;0;22;35;0;22;11;14;42;13;42;34;45;12;48;39;30;44;46;32;36;29;30;0;0;7;13;0;18;0;0;21;3
13.09.2016;9;0;31;42;0;34;15;16;39;16;28;35;34;23;52;32;28;38;42;30;21;14;39;0;0;12;19;0;26;0;1;24;4
13.09.2016;10;0;27;41;0;20;15;10;30;20;43;21;39;10;46;43;31;24;36;35;26;12;26;13;11;11;19;0;19;0;2;20;3
13.09.2016;11;1;41;48;0;20;18;17;35;25;43;19;41;4;57;33;46;27;55;41;23;7;23;15;26;14;17;0;22;0;0;12;0
13.09.2016;12;0;40;43;0;22;19;24;33;19;47;22;48;21;62;47;43;32;46;41;26;18;23;15;9;12;13;0;17;0;1;17;5
13.09.2016;13;0;38;46;0;36;22;16;28;23;47;26;35;25;53;42;37;29;44;34;7;22;32;15;0;6;19;0;17;0;0;24;4
13.09.2016;14;0;20;37;0;29;33;22;21;24;45;32;41;22;60;50;38;41;43;37;0;35;35;26;0;0;19;0;12;0;0;24;4
13.09.2016;15;0;26;34;0;39;24;16;38;30;46;30;38;20;63;47;42;43;62;34;0;38;22;26;0;0;23;0;17;0;2;30;3
13.09.2016;16;0;26;40;0;34;18;23;33;27;47;31;31;19;55;43;27;32;41;35;0;33;24;11;0;0;8;0;14;0;0;27;3
13.09.2016;17;1;20;32;0;36;16;21;20;21;42;28;41;17;48;31;1;39;38;35;0;44;17;16;0;0;0;0;9;0;0;37;3
13.09.2016;18;0;18;39;0;39;24;27;14;29;43;25;44;22;61;39;0;41;30;33;0;43;32;9;0;0;0;0;15;0;1;38;2
13.09.2016;19;0;26;50;0;42;15;26;25;32;44;24;43;20;54;38;21;39;55;38;29;42;29;0;0;0;0;0;4;0;2;43;1
13.09.2016;20;0;21;44;0;43;15;17;18;24;49;28;37;20;47;49;34;35;37;24;50;30;22;0;0;0;0;0;0;0;2;43;1
13.09.2016;21;0;0;42;0;35;20;26;34;0;29;21;36;20;12;45;5;35;12;36;9;28;22;0;0;0;0;0;0;0;0;30;2
13.09.2016;22;0;0;34;0;39;24;19;43;0;29;22;31;25;0;44;0;42;0;40;0;44;15;0;0;0;0;0;0;0;0;36;1
13.09.2016;23;0;0;28;0;28;17;10;26;0;15;20;21;21;0;23;0;26;0;22;0;28;9;0;0;0;0;0;0;0;0;27;1
13.09.2016;24;0;0;17;0;24;9;19;16;0;11;11;10;12;0;23;0;15;0;11;0;11;14;0;0;0;0;0;0;0;0;16;1
14.09.2016;1;0;0;15;0;19;17;12;17;0;13;12;13;3;0;31;0;19;0;17;0;11;34;0;0;0;0;0;0;0;0;12;0
14.09.2016;2;0;0;22;0;26;17;20;20;0;28;6;5;8;0;36;0;16;0;18;0;18;20;0;0;0;0;0;0;0;1;16;0
14.09.2016;3;0;0;16;0;28;23;11;21;0;23;1;15;4;0;21;0;18;0;22;0;15;14;0;0;0;0;0;0;0;1;20;0
14.09.2016;4;0;7;36;10;38;20;24;27;12;32;15;24;10;3;40;4;29;14;41;8;30;17;0;0;0;0;0;0;9;0;33;0
14.09.2016;5;0;25;45;20;26;13;26;20;21;41;19;40;12;38;33;25;28;56;39;39;19;13;0;0;0;0;0;0;14;0;26;0
14.09.2016;6;0;26;36;5;24;8;30;27;6;46;32;45;20;51;39;22;41;51;45;27;33;22;0;0;0;0;0;0;5;2;26;1
14.09.2016;7;0;25;38;0;36;16;36;37;14;46;21;48;14;64;36;0;43;45;42;0;35;28;0;0;0;6;0;0;0;0;24;1
14.09.2016;8;0;21;43;0;23;21;17;41;14;43;35;47;15;50;35;0;46;43;41;0;40;30;0;0;0;16;0;8;0;0;26;2
14.09.2016;9;0;28;42;0;43;29;19;34;19;23;23;46;22;43;22;0;39;39;39;0;31;35;0;0;0;12;0;18;0;0;36;3
14.09.2016;10;0;27;38;0;27;17;15;27;16;45;23;40;23;48;44;0;41;34;30;0;33;20;10;0;9;16;0;15;0;1;23;2
14.09.2016;11;0;37;53;0;22;21;20;31;29;35;24;41;28;40;24;0;62;53;46;0;26;18;20;0;12;12;0;16;0;1;17;1
14.09.2016;12;0;16;38;0;21;25;27;26;21;41;29;35;18;57;34;0;54;44;31;0;25;22;22;0;14;15;0;13;0;0;16;4
14.09.2016;13;0;37;44;0;39;18;25;32;31;50;33;42;22;63;44;7;53;58;38;0;33;37;13;0;10;24;0;23;0;0;26;0
14.09.2016;14;0;25;43;0;37;17;21;26;28;42;30;37;19;60;43;29;27;52;38;0;32;33;20;0;12;18;0;17;0;0;29;0
14.09.2016;15;0;21;39;0;39;23;24;36;29;35;26;42;27;54;31;40;35;60;37;0;27;25;15;0;19;22;0;11;0;1;25;5
14.09.2016;16;0;23;49;0;30;27;30;33;28;44;28;33;15;59;38;22;36;48;33;6;36;21;16;0;2;4;0;9;0;0;33;2
14.09.2016;17;0;20;49;0;41;18;16;24;24;44;32;41;13;53;41;29;33;50;37;53;31;31;15;0;0;0;0;4;0;1;49;2
14.09.2016;18;0;21;45;0;44;15;25;17;21;42;27;39;17;54;37;28;30;41;37;48;25;37;0;0;0;0;0;0;0;2;41;1
14.09.2016;19;0;16;44;0;32;18;20;20;33;45;23;48;17;49;34;30;28;52;35;55;23;31;0;0;0;0;0;0;0;1;38;0
14.09.2016;20;0;11;43;0;46;18;15;31;14;45;29;44;22;53;44;35;36;38;29;46;28;30;0;0;0;0;0;0;0;0;43;0
14.09.2016;21;0;0;32;0;31;16;24;39;0;29;19;33;19;18;41;7;28;20;28;11;22;25;0;0;0;0;0;0;0;1;28;0
14.09.2016;22;0;0;29;0;33;17;20;36;0;28;16;43;15;0;44;0;31;0;37;0;42;20;0;0;0;0;0;0;0;0;36;1
14.09.2016;23;0;0;21;0;44;18;15;25;0;16;14;19;11;0;32;0;29;0;23;0;34;17;0;0;0;0;0;0;0;0;35;0
14.09.2016;24;0;0;17;0;25;7;17;22;0;10;8;12;7;0;17;0;14;0;19;0;11;12;0;0;0;0;0;0;0;0;15;0
15.09.2016;1;0;0;18;0;18;13;14;14;0;9;15;4;8;0;26;0;20;0;10;0;13;30;0;0;0;0;0;0;0;0;12;0
15.09.2016;2;0;0;23;0;29;22;21;31;0;28;2;7;13;0;45;0;19;0;28;0;18;26;0;0;0;0;0;0;0;1;17;0
15.09.2016;3;0;0;24;0;37;33;17;31;0;31;3;17;13;0;33;0;22;0;28;0;20;22;0;0;0;0;0;0;0;1;24;0
15.09.2016;4;0;0;31;0;38;31;16;28;9;34;13;27;16;6;34;7;27;20;33;5;21;20;0;0;0;0;0;0;1;0;29;1
15.09.2016;5;0;21;40;0;46;14;22;20;20;33;19;35;16;34;24;18;24;40;30;27;15;16;0;0;0;0;1;0;18;0;25;1
15.09.2016;6;0;23;30;0;35;7;34;30;10;49;35;45;15;50;39;29;40;49;36;41;24;20;0;0;0;0;0;0;12;1;28;0
15.09.2016;7;0;27;47;0;28;14;30;37;18;37;31;46;13;49;33;29;37;50;48;29;13;25;0;0;0;0;0;0;0;0;22;0
15.09.2016;8;1;22;48;0;24;26;26;41;14;48;41;46;16;56;43;31;43;52;47;35;24;25;0;0;0;0;0;11;0;0;24;3
15.09.2016;9;0;30;46;0;34;26;31;35;14;23;33;38;22;54;23;4;40;43;36;9;31;38;4;0;0;6;0;21;0;1;30;3
15.09.2016;10;1;23;38;0;28;25;14;25;20;37;24;38;18;36;29;0;42;44;35;0;32;18;7;0;8;10;0;19;0;2;26;1
15.09.2016;11;0;36;53;0;29;12;13;33;27;31;14;42;31;49;23;0;43;51;39;0;28;15;12;0;16;16;0;13;0;0;20;0
15.09.2016;12;0;17;27;0;24;17;30;22;18;48;31;34;23;64;42;0;56;33;31;0;27;28;21;0;15;16;0;16;0;1;16;3
15.09.2016;13;2;36;45;0;37;14;23;32;23;53;32;40;24;60;55;0;51;45;41;0;27;32;19;0;9;22;0;16;0;0;22;4
15.09.2016;14;0;23;41;0;32;22;22;20;28;41;34;32;25;57;42;0;62;43;34;0;24;33;22;0;10;17;1;12;0;1;24;4
15.09.2016;15;0;26;40;0;33;20;20;35;32;50;28;41;18;64;49;0;49;56;32;0;37;21;21;0;15;23;0;21;0;1;26;4
15.09.2016;16;0;29;41;0;26;31;32;25;31;42;37;33;20;60;43;0;57;45;27;0;32;26;13;0;4;8;0;17;0;0;24;2
15.09.2016;17;0;25;43;0;36;17;26;30;22;46;35;45;21;48;45;0;60;48;37;0;45;31;5;0;0;0;0;11;0;0;39;1
15.09.2016;18;0;23;40;0;37;19;22;19;24;47;28;38;26;50;51;0;45;33;33;10;43;30;0;0;0;0;0;12;0;2;39;1
15.09.2016;19;0;27;54;0;38;17;23;27;28;46;32;45;23;48;44;0;54;45;37;41;24;32;0;0;0;0;0;0;0;0;39;0
15.09.2016;20;0;25;53;0;38;13;21;26;13;47;23;38;28;56;43;0;39;29;20;34;22;24;0;0;0;0;0;0;0;1;35;0
15.09.2016;21;0;0;34;0;37;13;25;34;0;27;27;31;21;6;38;0;39;10;33;5;32;15;0;0;0;0;0;0;0;2;27;0
15.09.2016;22;0;0;30;0;37;19;26;27;0;29;18;31;25;0;47;0;38;0;31;0;43;22;0;0;0;0;0;0;0;2;34;0
15.09.2016;23;0;0;25;0;35;20;14;26;0;18;16;21;11;0;27;0;24;0;19;0;33;15;0;0;0;0;0;0;0;0;31;0
15.09.2016;24;0;0;19;0;22;17;13;19;0;12;6;11;8;0;17;0;17;0;14;0;10;13;0;0;0;0;0;0;0;0;15;0
16.09.2016;1;0;0;16;0;20;13;11;17;0;12;12;9;8;0;27;0;19;0;14;0;16;23;0;0;0;0;0;0;0;0;15;0
16.09.2016;2;0;0;27;0;19;14;18;29;0;28;3;7;14;0;35;0;18;0;20;0;12;24;0;0;0;0;0;0;0;1;10;0
16.09.2016;3;0;0;22;0;21;19;18;23;0;25;7;16;7;0;31;0;19;0;28;0;14;19;0;0;0;0;0;0;0;1;17;0
16.09.2016;4;0;0;37;8;35;23;21;32;0;31;10;32;8;0;30;0;27;0;47;0;28;15;0;0;0;0;0;0;6;0;27;0
16.09.2016;5;1;21;42;18;30;14;24;28;18;41;25;37;15;34;37;16;33;37;41;24;30;14;0;0;0;0;1;0;12;0;29;3
16.09.2016;6;0;23;30;5;20;11;32;27;10;46;32;41;19;52;40;36;38;46;34;30;25;22;0;0;0;0;0;0;5;1;25;0
16.09.2016;7;0;27;43;0;33;24;35;42;8;39;20;53;14;61;41;29;32;47;49;30;29;25;0;0;0;0;0;0;0;0;25;1
16.09.2016;8;0;26;50;0;36;21;31;37;14;40;29;38;13;55;42;0;49;44;25;0;37;30;0;0;0;0;0;0;0;0;32;5
16.09.2016;9;1;35;59;0;44;17;29;44;19;33;37;44;25;55;42;0;54;44;39;0;38;34;14;0;10;0;0;11;0;0;32;2
16.09.2016;10;0;33;51;0;31;15;32;27;24;40;17;36;28;50;42;0;47;35;32;0;33;23;11;0;16;0;0;25;0;1;23;4
16.09.2016;11;0;36;42;0;22;15;25;33;32;32;24;46;25;40;25;2;43;51;45;0;29;15;15;0;11;12;0;18;0;0;20;1
16.09.2016;12;0;23;36;0;25;15;23;28;17;43;29;43;25;61;42;39;29;39;39;0;24;19;17;0;10;14;0;16;0;1;18;2
16.09.2016;13;0;35;41;0;43;20;24;38;27;48;34;42;25;58;49;48;37;59;34;0;33;31;19;0;6;29;0;18;0;2;29;2
16.09.2016;14;0;33;44;0;30;22;31;35;23;39;36;31;28;61;45;54;38;50;31;0;35;33;16;0;13;24;0;13;0;2;30;5
16.09.2016;15;0;29;41;0;31;17;26;33;27;45;35;38;25;61;42;44;34;53;30;21;40;22;20;0;10;29;0;12;0;2;30;4
16.09.2016;16;0;29;60;0;36;24;26;34;23;52;36;39;19;58;50;39;40;50;30;46;24;23;15;0;0;21;0;0;0;1;37;1
16.09.2016;17;1;21;48;0;43;23;25;24;29;51;32;46;16;50;46;35;28;53;38;41;34;42;1;0;0;5;0;0;0;1;40;3
16.09.2016;18;0;23;55;0;32;17;23;19;32;50;31;48;17;51;40;22;25;47;35;43;39;37;0;0;0;0;0;0;0;4;37;2
16.09.2016;19;0;19;41;0;42;11;28;22;28;46;24;48;20;48;32;17;27;50;33;57;40;27;0;0;0;0;0;0;0;2;46;1
16.09.2016;20;0;3;40;0;39;17;20;32;7;40;21;37;21;27;35;16;28;22;21;30;44;28;0;0;0;0;0;0;0;1;43;1
16.09.2016;21;0;0;35;0;32;15;24;39;0;32;21;44;21;0;42;0;37;0;46;0;30;24;0;0;0;0;0;0;0;0;25;1
16.09.2016;22;0;0;28;0;32;15;23;31;0;24;19;30;19;0;34;0;28;0;31;0;40;16;0;0;0;0;0;0;0;0;29;0
16.09.2016;23;0;0;23;0;34;19;12;24;0;21;16;18;20;0;23;0;16;0;20;0;34;11;0;0;0;0;0;0;0;0;34;0
16.09.2016;24;0;0;19;0;22;13;12;21;0;14;10;12;10;0;18;0;18;0;16;0;10;13;0;0;0;0;0;0;0;0;14;0
17.09.2016;1;0;0;21;0;14;23;8;20;0;18;9;11;12;0;35;0;18;0;18;0;14;32;0;0;0;0;0;0;0;0;12;0
17.09.2016;2;0;0;21;0;16;19;15;21;0;28;4;8;15;0;37;0;20;0;12;0;11;22;0;0;0;0;0;0;0;0;12;0
17.09.2016;3;0;0;19;0;29;30;13;27;0;28;9;22;9;0;32;0;28;0;28;0;14;13;0;0;0;0;0;0;0;1;20;0
17.09.2016;4;0;0;42;6;34;28;22;34;0;33;14;27;15;0;41;0;28;23;37;0;33;23;0;0;0;0;0;0;7;0;29;0
17.09.2016;5;0;24;36;13;29;18;24;30;15;39;23;36;16;25;35;14;26;42;36;31;30;17;0;0;0;0;0;0;16;0;25;0
17.09.2016;6;0;22;30;0;25;12;35;26;12;45;32;37;19;55;35;28;31;40;30;40;31;24;0;0;0;0;0;0;8;1;22;1
17.09.2016;7;1;23;31;0;40;18;34;28;9;46;24;39;11;55;35;28;22;33;31;35;31;30;0;0;0;0;0;0;0;1;31;0
17.09.2016;8;1;21;45;0;32;24;24;33;15;41;33;48;13;51;36;33;39;46;38;37;34;32;0;0;0;0;0;0;0;0;28;1
17.09.2016;9;0;26;54;0;34;28;32;30;19;34;26;38;18;45;29;29;34;36;36;11;22;32;0;0;0;0;0;0;0;1;24;1
17.09.2016;10;0;35;56;0;18;23;22;33;24;38;19;41;26;50;43;37;28;43;37;0;31;33;6;0;3;0;0;14;0;2;22;4
17.09.2016;11;0;31;50;0;26;17;29;35;26;37;20;46;25;39;37;46;24;53;46;0;32;15;11;0;12;0;0;13;0;1;18;1
17.09.2016;12;0;26;41;0;20;17;32;22;16;44;18;40;18;65;38;44;26;39;35;0;28;21;18;0;13;8;0;18;0;1;18;3
17.09.2016;13;1;31;47;0;39;13;14;28;18;45;21;32;24;69;51;38;29;47;34;0;38;29;21;0;13;21;0;20;0;0;30;3
17.09.2016;14;0;22;34;0;29;19;22;16;27;42;32;43;18;70;45;50;42;44;37;0;26;32;28;0;16;10;0;9;0;0;21;3
17.09.2016;15;0;31;41;0;24;16;17;33;27;49;38;38;26;68;48;54;43;59;36;0;28;17;27;0;22;19;0;16;0;1;21;2
17.09.2016;16;0;36;49;0;33;21;23;31;25;42;30;33;16;56;43;39;32;43;34;12;36;20;17;0;5;5;0;17;0;0;29;2
17.09.2016;17;0;19;38;0;32;21;20;23;27;44;26;37;21;43;42;37;37;46;34;35;23;22;7;0;0;0;0;4;0;0;30;0
17.09.2016;18;0;17;37;0;29;26;17;21;19;47;25;32;20;59;46;32;23;40;28;38;22;36;0;0;0;0;0;0;0;1;34;0
17.09.2016;19;0;26;49;0;42;18;24;24;30;40;25;36;25;55;39;35;29;45;29;45;22;29;0;0;0;0;0;0;0;2;39;1
17.09.2016;20;0;17;49;0;50;17;17;23;15;45;31;41;24;47;47;39;36;29;31;54;29;26;0;0;0;0;0;0;0;1;50;0
17.09.2016;21;0;0;31;0;34;14;18;30;0;31;22;37;15;13;40;10;33;13;30;10;31;21;0;0;0;0;0;0;0;0;29;0
17.09.2016;22;0;0;30;0;32;18;16;27;0;23;22;21;19;0;38;0;35;0;22;0;33;21;0;0;0;0;0;0;0;0;32;0
17.09.2016;23;0;0;19;0;38;17;10;26;0;21;18;19;15;0;38;0;36;0;21;0;36;15;0;0;0;0;0;0;0;0;36;0
17.09.2016;24;0;0;20;0;24;14;17;22;0;12;9;14;12;0;23;0;17;0;12;0;11;15;0;0;0;0;0;0;0;0;11;0
18.09.2016;1;0;0;23;0;16;17;15;16;0;17;7;13;9;0;36;0;20;0;17;0;16;32;0;0;0;0;0;0;0;0;12;0
18.09.2016;2;0;0;24;0;26;15;14;27;0;26;4;7;10;0;31;0;19;0;25;0;17;17;0;0;0;0;0;0;0;2;17;0
18.09.2016;3;0;0;20;0;25;27;15;22;0;28;8;18;11;0;20;0;27;0;30;0;21;13;0;0;0;0;0;0;0;2;21;0
18.09.2016;4;0;0;35;7;36;22;14;24;0;32;9;22;10;2;28;1;21;6;32;4;29;15;0;0;0;0;0;0;6;1;24;0
18.09.2016;5;0;20;46;15;30;12;24;30;15;45;22;29;11;35;39;25;35;38;27;34;19;13;0;0;0;0;0;0;16;0;27;0
18.09.2016;6;0;24;39;4;22;6;27;25;10;41;26;33;17;50;38;31;33;38;27;30;25;18;0;0;0;0;0;0;6;1;19;0
18.09.2016;7;1;28;35;0;30;16;31;37;9;37;25;47;11;48;36;33;37;49;43;0;28;23;0;0;0;0;0;0;0;0;20;0
18.09.2016;8;0;30;57;0;27;16;23;37;8;44;28;45;11;54;50;32;38;50;42;0;28;27;0;0;0;0;0;0;0;0;25;0
18.09.2016;9;0;35;51;0;36;22;19;29;18;27;30;40;24;39;31;36;38;43;42;0;23;33;9;0;14;7;0;13;0;0;27;0
18.09.2016;10;0;32;45;0;26;18;12;21;26;42;22;36;27;49;46;42;29;47;30;0;33;16;11;0;18;15;0;19;0;1;23;0
18.09.2016;11;0;33;50;0;24;16;13;31;29;41;23;48;28;53;39;40;36;57;49;0;28;21;12;0;15;14;0;17;0;1;17;0
18.09.2016;12;0;23;39;0;22;14;23;22;17;48;28;40;17;56;42;37;36;45;40;0;22;19;17;0;13;9;0;10;0;1;13;0
18.09.2016;13;0;31;39;0;39;15;22;33;20;48;26;41;22;55;44;37;27;47;37;0;31;32;16;0;9;22;0;17;0;0;23;0
18.09.2016;14;1;30;40;0;37;13;25;26;32;40;32;27;23;52;38;39;35;46;27;0;26;32;23;0;14;18;0;22;0;0;18;0
18.09.2016;15;0;34;44;0;34;15;21;38;35;42;34;38;32;65;41;41;44;54;27;0;36;25;28;0;25;21;0;23;0;1;27;0
18.09.2016;16;0;28;55;0;34;18;27;27;28;52;37;34;21;63;48;40;36;40;31;0;35;22;21;0;16;12;0;16;0;0;30;0
18.09.2016;17;0;23;40;0;35;26;21;25;20;44;30;46;22;51;32;39;41;38;36;0;41;21;18;0;0;0;0;0;0;0;32;0
18.09.2016;18;0;13;50;0;40;15;27;19;25;43;27;47;19;54;34;25;33;35;38;4;46;19;21;0;0;0;0;0;0;1;43;0
18.09.2016;19;0;21;42;0;36;12;24;17;28;44;29;47;19;64;43;25;32;44;35;49;26;30;18;0;0;0;0;0;0;2;40;0
18.09.2016;20;0;10;44;0;49;13;25;26;5;45;24;34;22;54;43;24;30;22;18;48;24;28;0;0;0;0;0;0;0;1;42;0
18.09.2016;21;0;0;34;0;36;12;23;37;0;29;25;40;20;35;30;26;26;26;30;32;30;22;0;0;0;0;0;0;0;0;31;0
18.09.2016;22;0;0;23;0;42;16;18;32;0;26;21;35;16;0;31;0;32;0;34;0;40;19;0;0;0;0;0;0;0;0;37;0
18.09.2016;23;0;0;28;0;40;19;13;21;0;22;12;14;17;0;26;0;28;0;15;0;32;22;0;0;0;0;0;0;0;0;36;0
18.09.2016;24;0;0;21;0;24;12;12;9;0;10;6;10;11;0;18;0;18;0;7;0;12;14;0;0;0;0;0;0;0;0;18;0
19.09.2016;1;0;0;23;0;15;17;7;19;0;17;10;10;4;0;29;0;26;0;19;0;14;32;0;0;0;0;0;0;0;0;14;0
19.09.2016;2;0;0;21;0;20;16;13;27;0;25;5;8;6;0;42;0;18;0;21;0;20;22;0;0;0;0;0;0;0;0;14;0
19.09.2016;3;0;0;22;0;32;17;12;26;0;27;4;13;8;0;24;0;16;0;27;0;21;17;0;0;0;0;0;0;0;2;24;0
19.09.2016;4;0;0;35;2;38;20;19;30;0;34;13;25;12;4;31;7;32;10;37;5;25;24;0;0;0;0;0;0;2;0;34;2
19.09.2016;5;0;19;38;15;32;12;28;28;13;37;25;40;17;35;25;25;35;46;38;33;21;17;0;0;0;0;0;0;10;0;31;0
19.09.2016;6;0;25;35;0;19;7;32;30;8;45;31;42;20;50;38;29;37;48;34;25;18;18;0;0;0;0;0;0;2;1;21;0
19.09.2016;7;2;24;32;0;41;12;20;36;11;41;20;44;11;57;38;34;28;38;36;33;23;25;0;0;2;14;0;11;0;0;26;1
19.09.2016;8;0;21;39;0;38;9;15;37;10;46;36;49;10;61;38;22;37;42;36;45;41;34;0;0;5;16;0;14;0;0;35;1
19.09.2016;9;2;32;48;0;42;13;12;38;19;32;32;33;23;49;31;24;37;44;26;27;23;41;3;0;13;15;0;15;0;0;37;4
19.09.2016;10;0;35;43;0;21;16;11;23;15;37;17;30;29;37;34;23;24;26;27;27;19;22;17;0;12;14;0;24;0;1;22;3
19.09.2016;11;0;34;44;0;21;14;20;24;27;35;11;43;31;39;29;33;17;44;39;23;15;20;17;0;15;12;0;22;0;1;16;0
19.09.2016;12;0;31;34;0;25;12;28;26;18;40;21;36;29;59;34;31;31;39;31;23;16;18;18;0;15;22;0;22;0;2;20;2
19.09.2016;13;1;39;50;0;38;16;22;35;22;50;30;45;26;68;42;41;39;44;39;15;36;29;17;0;7;22;0;18;0;0;30;2
19.09.2016;14;0;27;44;0;26;17;23;31;30;42;30;40;18;58;43;43;35;54;36;0;29;30;26;0;11;16;0;12;0;0;20;2
19.09.2016;15;0;30;45;0;34;23;24;36;24;47;25;40;24;67;41;44;37;51;36;0;30;24;24;0;17;26;0;8;0;1;24;4
19.09.2016;16;0;21;46;0;44;14;27;32;16;44;29;26;15;67;44;18;32;32;24;0;43;20;28;0;0;8;0;0;0;0;36;0
19.09.2016;17;0;16;39;0;34;17;22;25;23;46;28;36;10;47;38;25;37;37;26;0;48;27;14;0;0;0;0;0;0;0;38;0
19.09.2016;18;0;18;44;0;38;13;18;15;24;44;22;46;17;50;40;21;25;35;37;0;42;39;0;0;0;0;0;0;0;1;46;1
19.09.2016;19;0;20;39;0;45;11;23;22;28;46;26;48;23;55;39;31;37;47;36;41;32;32;0;0;0;0;0;0;0;1;43;1
19.09.2016;20;0;23;42;0;52;16;22;18;22;48;25;42;20;50;48;44;34;32;29;52;25;24;0;0;0;0;0;0;0;1;49;0
19.09.2016;21;0;7;29;0;35;18;27;22;16;33;23;42;16;17;44;14;36;20;37;14;35;27;0;0;0;0;0;0;0;0;27;0
19.09.2016;22;0;0;21;0;36;13;20;23;0;24;17;34;15;0;39;0;29;0;27;0;46;19;0;0;0;0;0;0;0;1;38;0
19.09.2016;23;0;0;21;0;35;18;6;27;0;13;8;19;13;0;28;0;18;0;19;0;28;13;0;0;0;0;0;0;0;0;36;0
19.09.2016;24;0;0;13;0;23;13;9;15;0;12;6;9;6;0;19;0;14;0;14;0;10;9;0;0;0;0;0;0;0;0;17;0
20.09.2016;1;0;0;16;0;9;16;6;13;0;15;4;6;7;0;25;0;12;0;10;0;10;23;0;0;0;0;0;0;0;0;9;0
20.09.2016;2;0;0;17;0;21;22;11;21;0;26;4;8;8;0;30;0;18;0;18;0;14;21;0;0;0;0;0;0;0;1;15;0
20.09.2016;3;0;0;16;0;23;17;15;23;0;26;4;11;4;0;31;0;19;0;27;0;13;20;0;0;0;0;0;0;0;1;20;0
20.09.2016;4;0;4;23;8;33;18;17;26;13;32;11;23;5;6;38;1;25;12;36;8;26;15;0;0;0;0;0;0;8;0;29;0
20.09.2016;5;0;23;32;17;24;12;27;16;16;42;19;34;16;41;37;28;27;39;37;36;15;14;0;0;0;0;0;0;18;0;25;0
20.09.2016;6;0;18;29;8;22;6;34;22;9;44;30;39;18;55;38;32;37;38;34;35;24;23;0;0;0;0;0;0;10;1;22;1
20.09.2016;7;1;23;34;0;35;18;28;33;12;38;26;43;11;50;34;32;32;42;36;24;31;23;0;0;0;0;0;0;0;0;32;1
20.09.2016;8;0;18;46;0;28;20;29;30;17;43;33;43;8;53;39;30;42;43;33;0;38;28;0;0;0;0;0;0;0;0;27;1
20.09.2016;9;1;34;60;0;42;20;30;41;12;32;36;40;22;55;32;33;37;50;44;0;27;37;0;0;0;3;0;0;0;1;33;5
20.09.2016;10;0;38;69;0;26;28;11;28;15;39;17;33;28;36;36;24;18;29;28;13;29;25;11;0;21;14;0;0;0;1;26;1
20.09.2016;11;0;28;53;0;18;16;17;33;27;39;10;39;20;44;27;34;23;49;39;17;15;21;17;0;14;16;0;7;0;1;11;2
20.09.2016;12;1;23;39;0;24;12;19;26;17;48;23;33;16;56;43;29;27;46;29;25;16;23;18;0;11;14;0;20;0;0;19;1
20.09.2016;13;0;31;43;0;29;11;12;26;15;47;25;35;21;53;35;24;26;38;35;31;22;25;16;0;8;20;0;13;0;0;25;2
20.09.2016;14;1;24;40;0;26;12;16;28;33;44;27;38;23;60;42;29;29;50;35;1;33;34;23;0;17;17;0;18;0;1;21;8
20.09.2016;15;0;27;38;0;38;17;20;37;31;47;21;35;28;48;43;34;24;51;31;0;32;15;17;0;16;22;0;14;0;0;29;8
20.09.2016;16;0;28;39;0;37;19;23;32;20;48;31;32;20;48;34;21;35;41;29;8;32;20;11;0;2;9;0;12;0;1;25;1
20.09.2016;17;1;17;38;0;34;27;23;25;24;38;32;41;22;42;27;28;38;43;34;45;31;23;11;0;0;0;0;3;0;0;36;2
20.09.2016;18;0;18;42;0;46;20;27;18;31;44;24;47;23;52;36;33;31;43;41;48;24;34;12;0;0;0;0;0;0;3;45;0
20.09.2016;19;0;20;46;0;42;8;26;20;30;46;31;38;22;44;36;21;29;40;31;57;37;32;0;0;0;0;0;0;0;2;45;0
20.09.2016;20;0;8;38;0;58;7;20;27;11;47;27;41;18;43;30;22;28;31;23;58;46;28;0;0;0;0;0;0;0;0;57;1
20.09.2016;21;0;0;32;0;35;18;21;28;0;35;30;34;16;34;28;21;27;23;29;30;27;25;0;0;0;0;0;0;0;1;31;3
20.09.2016;22;0;0;38;0;41;15;19;36;0;30;25;29;17;0;33;0;30;0;33;0;50;17;0;0;0;0;0;0;0;0;43;0
20.09.2016;23;0;0;30;0;44;11;12;24;0;18;13;17;12;0;28;0;13;0;21;0;44;17;0;0;0;0;0;0;0;0;39;0
20.09.2016;24;0;0;20;0;27;7;12;13;0;9;8;12;8;0;21;0;9;0;14;0;14;9;0;0;0;0;0;0;0;0;19;3
21.09.2016;1;0;0;20;0;18;15;12;11;0;12;14;11;11;0;32;0;16;0;15;0;14;27;0;0;0;0;0;0;0;0;14;1
21.09.2016;2;0;0;25;0;25;28;12;17;0;28;7;6;18;0;30;0;20;0;15;0;13;20;0;0;0;0;0;0;0;1;20;0
21.09.2016;3;0;0;26;0;25;29;16;16;0;20;2;12;18;0;20;0;19;0;22;0;14;17;0;0;0;0;0;0;0;1;20;0
21.09.2016;4;0;5;32;0;44;28;27;28;5;35;9;22;15;10;42;7;24;17;39;12;24;16;0;0;0;0;0;0;8;0;26;0
21.09.2016;5;0;26;30;0;47;17;29;21;16;42;28;39;19;42;38;17;30;44;37;44;22;22;0;0;0;0;0;0;16;0;31;0
21.09.2016;6;0;19;29;0;27;9;38;29;10;47;33;39;19;56;40;24;28;47;34;36;28;22;0;0;0;0;0;0;5;1;28;0
21.09.2016;7;0;27;35;0;18;20;33;33;14;39;23;48;13;39;47;18;29;47;43;27;20;26;0;0;0;0;0;0;0;0;19;0
21.09.2016;8;0;25;40;0;24;21;29;33;14;43;39;47;16;0;60;0;51;56;40;33;31;34;0;0;0;0;0;10;0;0;28;7
21.09.2016;9;0;43;41;0;36;31;28;42;19;32;38;42;30;0;64;0;60;60;42;0;40;46;0;0;0;9;0;29;0;0;34;1
21.09.2016;10;0;39;43;0;24;26;17;24;22;43;20;34;31;0;68;0;40;42;26;0;33;26;13;0;20;25;0;25;0;1;20;1
21.09.2016;11;0;38;47;0;22;20;18;28;24;33;12;49;32;11;55;0;46;53;38;0;28;19;19;0;22;16;0;14;0;1;20;0
21.09.2016;12;1;22;33;0;22;11;24;22;12;43;18;43;21;52;41;0;44;36;36;0;25;26;19;0;12;15;0;14;0;0;17;1
21.09.2016;13;0;35;39;0;39;17;17;28;25;50;29;39;26;61;44;0;58;44;39;0;33;29;15;0;11;25;0;27;0;0;28;2
21.09.2016;14;0;28;38;0;29;21;25;25;30;42;28;38;20;60;44;0;57;46;34;0;26;34;27;0;11;18;0;14;0;0;22;1
21.09.2016;15;0;24;29;0;41;15;25;32;23;45;28;33;23;69;41;0;58;48;25;0;38;26;22;0;15;20;0;15;0;1;31;1
21.09.2016;16;0;23;52;0;43;16;28;34;19;42;34;39;11;72;44;0;51;37;34;0;47;25;20;0;11;15;0;10;0;1;39;2
21.09.2016;17;0;17;48;0;34;12;26;21;26;43;28;37;11;40;34;0;41;40;35;0;48;32;1;0;0;1;0;0;0;0;35;0
21.09.2016;18;0;19;41;0;38;18;27;15;20;40;21;51;13;58;43;0;39;27;40;3;39;40;0;0;0;0;0;0;0;2;39;2
21.09.2016;19;0;22;40;0;36;9;26;21;24;46;22;45;20;47;32;0;36;34;29;50;45;43;0;0;0;0;0;0;0;0;42;0
21.09.2016;20;0;13;44;0;53;11;25;21;14;42;29;38;18;50;33;0;41;35;30;41;41;37;0;0;0;0;0;0;0;1;43;0
21.09.2016;21;0;0;39;0;38;11;30;36;0;34;21;36;16;9;38;0;33;9;38;8;28;20;0;0;0;0;0;0;0;0;23;0
21.09.2016;22;0;0;22;0;36;13;22;28;0;25;18;31;13;0;26;0;21;0;32;0;43;18;0;0;0;0;0;0;0;0;35;0
21.09.2016;23;0;0;26;0;39;11;10;28;0;17;8;21;8;0;19;0;13;0;23;0;28;11;0;0;0;0;0;0;0;0;32;0
21.09.2016;24;0;0;18;0;19;8;12;17;0;11;5;14;6;0;17;0;11;0;17;0;9;11;0;0;0;0;0;0;0;0;12;0
22.09.2016;1;0;0;16;0;6;19;10;17;0;16;10;12;8;0;31;0;21;0;17;0;11;24;0;0;0;0;0;0;0;0;9;0
22.09.2016;2;0;0;24;0;20;29;18;33;0;25;6;6;18;0;34;0;21;0;21;0;13;13;0;0;0;0;0;0;0;1;11;0
22.09.2016;3;0;0;27;0;36;38;19;25;0;28;6;12;16;0;33;0;25;0;30;0;22;23;0;0;0;0;0;0;0;2;28;0
22.09.2016;4;0;0;42;5;35;28;20;29;0;38;10;28;18;0;46;0;28;0;40;0;27;23;0;0;0;0;0;0;5;0;26;0
22.09.2016;5;0;19;32;22;36;11;22;27;12;41;20;37;22;26;38;14;22;34;43;34;31;16;0;0;0;0;0;0;21;0;31;3
22.09.2016;6;0;19;32;6;14;8;30;25;9;46;28;36;20;45;36;22;26;34;28;34;33;20;0;0;0;0;0;0;7;1;23;0
22.09.2016;7;1;26;42;0;35;18;34;39;15;44;23;47;14;62;39;21;36;56;40;20;30;28;0;0;0;0;0;0;0;0;26;1
22.09.2016;8;1;27;58;0;30;19;28;32;10;45;33;42;16;59;42;0;50;40;25;0;38;27;0;0;0;0;0;0;0;0;29;1
22.09.2016;9;0;40;63;0;37;19;36;35;10;28;36;36;31;59;30;0;55;37;34;0;33;37;0;0;15;0;0;9;0;0;27;0
22.09.2016;10;1;31;36;0;23;26;23;22;21;34;21;43;26;44;37;0;42;34;39;0;31;34;5;0;23;13;0;28;0;2;18;0
22.09.2016;11;0;34;34;0;26;19;16;29;26;38;27;48;28;55;36;0;56;45;39;0;30;22;14;0;15;19;0;18;0;0;16;0
22.09.2016;12;0;29;33;0;20;15;22;28;19;48;22;42;18;53;39;28;29;39;34;0;32;26;17;0;14;11;0;20;0;2;18;1
22.09.2016;13;0;33;41;0;32;15;13;25;20;47;31;32;25;53;37;30;33;41;26;0;38;22;18;0;7;18;0;19;0;0;26;2
22.09.2016;14;0;24;39;0;35;15;14;28;30;45;30;38;24;57;46;44;32;59;40;0;32;28;21;0;18;13;0;13;0;0;24;1
22.09.2016;15;0;22;41;0;32;21;19;38;28;45;31;33;19;54;43;38;30;62;28;30;30;27;19;0;11;20;0;19;0;1;31;3
22.09.2016;16;0;31;48;0;28;26;28;40;28;45;30;35;22;53;49;47;34;50;28;28;19;20;19;0;4;10;0;18;0;0;23;2
22.09.2016;17;0;16;40;0;28;12;16;25;29;51;33;37;14;42;47;28;32;41;30;35;31;34;12;0;0;0;0;4;0;0;29;2
22.09.2016;18;0;17;41;0;38;18;27;15;23;43;30;35;18;52;37;27;32;36;28;36;21;34;0;0;0;0;0;0;0;1;37;1
22.09.2016;19;0;24;45;0;38;9;31;22;26;50;29;44;26;55;50;36;40;45;32;43;26;41;0;0;0;0;0;0;0;3;34;0
22.09.2016;20;0;4;45;0;46;7;29;34;5;41;31;32;21;44;44;29;42;29;21;39;32;24;0;0;0;0;0;0;0;1;36;3
22.09.2016;21;0;0;34;0;39;13;29;31;0;32;25;32;18;0;46;0;41;0;38;0;34;15;0;0;0;0;0;0;0;0;33;0
22.09.2016;22;0;0;28;0;32;13;26;33;0;25;20;34;14;0;25;0;25;0;43;0;38;10;0;0;0;0;0;0;0;1;30;0
22.09.2016;23;0;0;24;0;29;14;12;23;0;14;9;19;8;0;18;0;13;0;19;0;23;6;0;0;0;0;0;0;0;0;25;0
22.09.2016;24;0;0;12;0;16;13;16;13;0;14;6;11;6;0;16;0;16;0;13;0;9;6;0;0;0;0;0;0;0;0;9;0
23.09.2016;1;0;0;19;0;18;16;9;21;0;13;6;14;10;0;22;0;17;0;23;0;10;21;0;0;0;0;0;0;0;0;12;0
23.09.2016;2;0;0;24;0;23;24;17;27;0;27;4;8;16;0;38;0;28;0;27;0;12;22;0;0;0;0;0;0;0;1;17;0
23.09.2016;3;0;0;26;0;27;27;14;27;0;29;7;13;12;0;32;0;25;0;30;0;16;19;0;0;0;0;0;0;0;1;18;0
23.09.2016;4;0;0;32;12;38;25;17;26;0;33;15;24;14;4;33;3;26;10;38;6;32;20;0;0;0;0;0;0;6;0;36;0
23.09.2016;5;0;24;36;17;32;9;19;27;11;42;22;32;18;37;38;18;27;47;29;29;19;19;0;0;0;0;0;0;14;0;34;0
23.09.2016;6;0;22;35;5;25;9;29;24;11;47;28;41;21;45;35;28;26;44;37;39;24;21;0;0;0;0;0;0;8;1;29;0
23.09.2016;7;1;24;33;0;36;17;33;36;12;43;23;46;12;54;39;32;23;43;41;33;23;23;0;0;0;0;0;0;0;0;27;1
23.09.2016;8;1;41;56;0;32;15;26;35;15;43;26;41;16;46;36;29;25;42;40;32;21;27;0;0;2;0;0;0;0;0;28;0
23.09.2016;9;0;46;49;0;40;16;31;42;14;28;38;40;28;54;33;30;44;41;36;13;27;36;13;0;18;0;0;24;0;0;31;0
23.09.2016;10;1;41;51;0;25;18;30;27;24;34;23;33;31;51;35;26;24;37;25;0;39;25;18;0;23;0;0;36;0;2;26;0
23.09.2016;11;1;39;39;0;28;20;28;29;26;35;20;47;39;36;30;39;25;56;47;0;32;16;15;0;22;0;0;19;0;1;23;0
23.09.2016;12;0;30;31;0;23;17;35;27;16;46;28;44;20;61;47;40;32;41;42;0;29;24;18;0;9;8;0;12;0;0;17;1
23.09.2016;13;0;37;37;0;43;17;16;27;23;51;24;34;23;56;52;38;33;41;31;30;28;31;22;0;10;21;0;18;0;0;30;0
23.09.2016;14;0;30;43;0;30;20;30;28;29;49;37;39;22;67;52;51;42;52;39;27;9;40;20;0;10;27;0;14;0;0;20;1
23.09.2016;15;0;27;45;0;36;21;25;39;39;52;22;38;27;67;55;53;33;65;39;32;15;28;25;0;15;30;0;15;0;2;27;6
23.09.2016;16;0;20;44;0;34;17;28;29;21;48;34;38;15;67;51;45;38;42;36;42;23;26;23;0;11;20;0;15;0;0;29;0
23.09.2016;17;0;23;57;0;36;16;29;24;26;44;30;43;15;61;47;35;34;47;39;45;24;19;16;0;0;1;0;5;0;0;35;1
23.09.2016;18;0;22;44;0;38;16;32;12;17;49;18;47;18;62;49;29;20;43;50;48;25;23;11;0;0;0;0;0;0;0;38;2
23.09.2016;19;0;20;38;0;34;11;26;15;21;42;32;50;22;51;46;32;38;42;45;32;14;34;1;0;0;0;0;0;0;2;25;1
23.09.2016;20;0;23;54;0;38;10;31;26;16;44;40;42;22;49;43;30;40;30;34;40;22;28;0;0;0;0;0;0;0;0;38;2
23.09.2016;21;0;0;47;0;39;11;30;52;0;34;34;34;13;24;45;16;42;27;41;12;21;28;0;0;0;0;0;0;0;1;26;0
23.09.2016;22;0;0;33;0;37;14;32;35;0;29;23;42;13;0;39;0;33;0;48;0;42;20;0;0;0;0;0;0;0;0;35;0
23.09.2016;23;0;0;25;0;41;12;24;27;0;18;12;18;14;0;36;0;22;0;22;0;27;17;0;0;0;0;0;0;0;0;31;0
23.09.2016;24;0;0;22;0;18;13;17;20;0;15;7;15;14;0;22;0;14;0;13;0;12;12;0;0;0;0;0;0;0;0;12;0
24.09.2016;1;0;24;0;0;9;20;7;25;0;16;17;17;18;0;31;0;28;0;20;0;12;26;0;0;0;0;0;0;0;0;8;0
24.09.2016;2;0;31;0;0;18;28;11;33;0;27;6;10;19;0;35;0;24;0;23;0;14;14;0;0;0;0;0;0;0;0;14;0
24.09.2016;3;0;31;0;0;33;48;11;28;0;29;10;22;18;0;24;0;34;0;35;0;26;27;0;0;0;0;0;0;0;1;26;0
24.09.2016;4;0;43;0;7;45;28;17;41;0;33;10;26;15;4;37;2;26;2;42;5;44;28;0;0;0;0;0;0;11;0;35;0
24.09.2016;5;4;28;0;16;33;21;21;32;4;36;23;37;15;30;37;20;19;33;32;40;33;16;0;0;0;0;0;0;23;0;21;0
24.09.2016;6;17;27;0;4;18;13;22;22;12;45;26;35;15;44;39;35;35;38;28;40;24;22;0;0;0;0;0;0;12;1;20;0
24.09.2016;7;24;33;0;0;39;15;30;41;15;39;21;43;9;49;33;37;35;53;43;22;22;24;0;0;0;0;0;0;0;0;27;2
24.09.2016;8;26;55;0;0;28;20;24;32;17;45;35;39;11;57;40;36;43;39;39;0;37;37;0;0;0;0;0;0;0;0;24;3
24.09.2016;9;28;61;0;0;36;23;25;24;22;25;37;41;23;48;26;36;40;43;40;0;35;33;0;0;11;6;0;1;0;1;28;1
24.09.2016;10;28;51;0;0;19;19;7;27;33;35;18;40;25;50;40;26;26;52;39;0;31;22;12;0;21;16;0;23;0;1;17;0
24.09.2016;11;34;44;0;0;29;16;15;29;27;37;22;43;25;49;35;48;36;58;47;0;29;24;19;0;21;13;0;21;0;1;21;0
24.09.2016;12;24;41;0;0;28;20;24;23;20;45;23;37;14;55;43;42;37;46;32;0;30;25;21;0;10;12;0;11;0;2;27;1
24.09.2016;13;21;37;0;0;43;17;12;22;15;43;28;34;19;54;41;43;35;41;32;0;33;27;16;0;8;16;0;11;0;0;30;1
24.09.2016;14;22;38;0;0;31;20;22;25;24;45;34;37;17;61;47;42;36;46;33;0;27;33;22;0;5;21;0;18;0;0;22;2
24.09.2016;15;33;43;0;0;40;17;19;33;28;47;27;31;32;61;46;37;32;45;23;0;33;24;12;0;16;22;0;23;0;1;31;4
24.09.2016;16;28;42;0;0;30;23;23;24;26;43;30;33;18;51;37;31;33;38;26;0;35;26;15;0;13;11;0;18;0;0;26;1
24.09.2016;17;19;45;0;0;36;18;21;17;27;49;28;37;14;55;48;33;32;35;34;0;39;22;13;0;0;0;0;1;0;0;30;0
24.09.2016;18;17;45;0;0;39;18;29;15;24;42;27;38;15;48;37;26;27;35;33;0;36;30;10;0;0;0;0;0;0;2;33;0
24.09.2016;19;22;48;0;0;31;10;25;22;26;48;22;38;21;53;46;25;26;38;28;12;34;31;0;0;0;0;0;0;0;1;29;1
24.09.2016;20;0;40;0;0;32;11;21;28;9;40;21;31;16;49;43;21;23;30;23;35;21;26;0;0;0;0;0;0;0;2;34;0
24.09.2016;21;0;31;0;0;39;9;27;29;0;34;17;28;9;19;36;10;28;18;22;13;27;19;0;0;0;0;0;0;0;1;30;0
24.09.2016;22;0;25;0;0;37;10;22;28;0;22;16;24;12;0;26;0;30;0;28;0;32;14;0;0;0;0;0;0;0;0;26;0
24.09.2016;23;0;24;0;0;34;11;18;26;0;26;14;17;10;0;22;0;20;0;22;0;24;15;0;0;0;0;0;0;0;0;22;0
24.09.2016;24;0;14;0;0;26;11;17;17;0;10;9;20;8;0;18;0;18;0;17;0;12;16;0;0;0;0;0;0;0;0;11;0
25.09.2016;1;0;0;17;0;20;21;14;16;0;15;7;14;14;0;29;0;22;0;14;0;15;29;0;0;0;0;0;0;0;0;13;0
25.09.2016;2;0;0;25;0;26;24;12;27;0;28;4;9;19;0;41;0;30;0;22;0;16;23;0;0;0;0;0;0;0;1;16;0
25.09.2016;3;0;0;30;0;30;40;9;33;0;28;9;18;15;0;34;0;28;0;35;0;21;21;0;0;0;0;0;0;0;1;23;0
25.09.2016;4;0;0;32;1;36;30;8;35;0;33;8;23;13;1;35;2;22;6;36;6;31;21;0;0;0;0;0;0;3;0;30;0
25.09.2016;5;0;9;37;13;47;12;15;29;0;44;19;30;16;25;37;19;23;41;30;34;30;14;0;0;0;0;0;0;20;0;32;0
25.09.2016;6;0;24;33;1;35;11;24;22;9;42;29;36;25;43;35;25;29;42;32;34;30;22;0;0;0;0;0;0;12;1;27;0
25.09.2016;7;0;26;33;0;33;18;19;36;9;39;23;45;11;52;37;17;32;43;43;29;25;27;0;0;4;11;0;8;0;0;28;1
25.09.2016;8;0;28;44;0;25;17;9;38;13;43;28;39;19;48;38;0;46;42;31;10;33;31;0;0;8;11;0;11;0;0;19;0
25.09.2016;9;0;45;45;0;40;20;12;32;18;27;28;36;36;41;26;0;54;40;29;0;23;39;0;0;18;9;0;21;0;0;29;1
25.09.2016;10;0;41;47;0;28;27;13;32;21;36;24;37;41;53;38;0;43;46;32;0;34;35;12;0;16;12;0;25;0;1;24;0
25.09.2016;11;0;32;35;0;30;25;14;27;28;41;20;50;33;50;34;0;56;49;48;0;33;31;18;0;10;10;0;20;0;3;22;0
25.09.2016;12;0;28;37;0;25;18;23;20;16;47;20;35;24;56;43;0;44;32;24;0;35;32;16;0;13;13;0;16;0;1;22;0
25.09.2016;13;0;35;38;0;53;20;17;33;20;50;30;40;22;54;46;19;49;54;47;0;39;33;17;0;9;16;0;18;0;0;40;0
25.09.2016;14;0;34;39;0;34;34;25;28;24;43;37;28;26;59;42;46;40;43;34;0;21;36;23;0;0;22;0;26;0;0;22;1
25.09.2016;15;0;30;43;0;31;33;24;30;26;43;30;39;23;63;37;45;30;48;33;0;36;30;21;0;0;21;0;15;0;1;27;0
25.09.2016;16;0;25;40;0;37;24;25;29;21;47;36;34;12;56;57;24;34;44;43;0;33;34;13;0;0;7;0;12;0;0;26;0
25.09.2016;17;0;24;42;0;39;26;27;23;18;47;26;41;19;47;46;28;27;39;37;0;35;34;12;0;0;0;0;10;0;0;31;0
25.09.2016;18;1;19;46;0;31;15;28;14;25;40;35;41;19;57;43;31;33;34;40;0;34;39;0;0;0;0;0;0;0;2;26;1
25.09.2016;19;0;24;39;0;30;14;36;16;24;46;22;42;19;55;44;30;21;40;36;32;29;25;0;0;0;0;0;0;0;1;27;0
25.09.2016;20;0;27;44;0;46;9;31;12;19;40;34;45;22;52;34;36;33;32;31;37;33;27;0;0;0;0;0;0;0;3;33;0
25.09.2016;21;0;5;29;0;32;7;27;24;4;35;23;37;13;19;46;14;26;20;32;17;29;25;0;0;0;0;0;0;0;3;28;0
25.09.2016;22;0;0;28;0;38;14;17;24;0;32;22;23;13;0;32;0;32;0;23;0;37;19;0;0;0;0;0;0;0;0;37;0
25.09.2016;23;0;0;28;0;42;15;16;21;0;20;12;13;8;0;30;0;22;0;21;0;34;17;0;0;0;0;0;0;0;0;38;0
25.09.2016;24;0;0;21;0;24;11;14;18;0;10;10;12;10;0;16;0;14;0;20;0;10;15;0;0;0;0;0;0;0;0;15;0
26.09.2016;1;0;0;16;0;19;20;17;17;0;12;9;15;9;0;24;0;18;0;17;0;11;30;0;0;0;0;0;0;0;0;10;0
26.09.2016;2;0;0;22;0;23;27;16;29;0;28;6;6;14;0;47;0;20;0;20;0;24;34;0;0;0;0;0;0;0;1;20;0
26.09.2016;3;0;0;21;0;43;32;16;23;0;29;5;16;13;0;41;0;21;0;29;0;31;23;0;0;0;0;0;0;0;1;31;0
26.09.2016;4;0;8;33;7;47;27;18;20;9;31;15;28;13;1;40;3;29;12;39;3;35;23;0;0;0;0;0;0;4;0;39;0
26.09.2016;5;0;27;29;15;34;16;17;17;16;41;21;35;19;38;38;24;23;46;36;35;14;18;0;0;0;0;0;0;19;0;28;0
26.09.2016;6;0;22;24;1;26;6;27;27;7;49;28;35;20;51;38;22;28;39;33;37;30;23;0;0;0;0;0;0;8;1;26;3
26.09.2016;7;0;28;39;0;32;18;23;34;8;44;16;51;9;51;35;28;26;40;44;19;33;23;0;0;0;0;0;0;0;1;27;3
26.09.2016;8;0;22;51;0;41;18;26;30;10;43;30;42;10;57;43;0;36;40;32;0;47;31;0;0;0;0;0;0;0;1;35;3
26.09.2016;9;0;36;54;0;34;25;26;31;17;28;26;31;26;47;30;0;41;42;37;0;31;34;0;0;0;0;0;12;0;1;30;3
26.09.2016;10;0;34;36;0;28;39;22;23;16;35;15;34;40;35;34;0;39;39;31;0;28;32;2;0;0;0;0;22;0;1;21;3
26.09.2016;11;0;38;46;0;28;33;27;31;21;38;17;42;30;58;38;0;57;43;46;0;30;32;18;0;7;21;0;20;0;2;22;0
26.09.2016;12;0;23;35;0;31;21;27;21;14;44;22;40;21;59;40;0;47;35;32;0;29;27;16;0;13;22;0;13;0;1;26;1
26.09.2016;13;0;36;43;0;37;15;21;30;20;50;26;40;23;64;45;0;44;45;33;0;37;38;17;0;6;21;0;14;0;1;27;1
26.09.2016;14;0;28;46;0;36;22;26;31;27;41;30;37;25;59;39;0;61;53;34;0;32;38;20;0;11;25;0;8;0;0;26;3
26.09.2016;15;0;26;53;0;37;25;28;37;28;47;23;39;23;63;36;0;52;50;33;0;40;26;25;0;16;22;0;11;0;1;26;2
26.09.2016;16;0;31;54;0;25;19;26;28;20;42;32;32;17;52;38;0;50;39;33;0;35;23;16;0;0;9;0;1;0;3;26;3
26.09.2016;17;0;18;43;0;31;23;25;18;22;45;31;35;16;51;40;0;47;43;28;7;37;22;19;0;0;0;0;0;0;1;28;3
26.09.2016;18;0;19;44;0;30;16;29;15;26;41;22;44;16;52;39;0;41;38;35;34;30;31;15;0;0;0;0;0;0;2;33;4
26.09.2016;19;0;21;44;0;30;8;29;20;30;42;41;35;23;42;38;0;44;36;28;37;39;28;0;0;0;0;0;0;0;1;29;1
26.09.2016;20;0;15;42;0;49;10;22;28;14;51;30;44;24;42;37;0;35;28;28;45;38;24;0;0;0;0;0;0;0;1;49;0
26.09.2016;21;0;0;28;0;36;16;30;35;0;30;23;33;17;11;41;0;37;10;37;4;34;17;0;0;0;0;0;0;0;0;24;2
26.09.2016;22;0;0;22;0;34;9;20;26;0;23;20;26;12;0;26;0;24;0;27;0;39;14;0;0;0;0;0;0;0;1;34;0
26.09.2016;23;0;0;16;0;36;10;12;15;0;16;9;16;8;0;21;0;16;0;15;0;19;12;0;0;0;0;0;0;0;0;24;0
26.09.2016;24;0;0;11;0;21;9;15;13;0;10;8;10;7;0;18;0;13;0;12;0;10;13;0;0;0;0;0;0;0;0;9;0
27.09.2016;1;0;0;13;0;7;15;11;16;0;15;4;4;9;0;28;0;12;0;11;0;6;30;0;0;0;0;0;0;0;0;4;1
27.09.2016;2;0;0;22;0;24;22;15;32;0;24;5;2;19;0;38;0;22;0;15;0;10;24;0;0;0;0;0;0;0;1;14;0
27.09.2016;3;0;0;21;0;30;33;14;28;0;27;7;13;11;0;31;0;24;0;30;0;16;20;0;0;0;0;0;0;0;1;21;0
27.09.2016;4;0;0;35;0;39;27;15;22;0;29;12;23;16;5;33;2;26;3;34;0;27;18;0;0;0;0;0;0;8;0;26;0
27.09.2016;5;0;19;33;0;44;12;24;30;14;45;19;38;16;40;37;16;23;45;35;29;26;18;0;0;0;0;0;0;16;0;28;0
27.09.2016;6;0;17;30;0;29;7;27;25;7;46;31;38;14;56;36;23;29;44;31;39;34;24;0;0;0;0;0;0;6;1;23;0
27.09.2016;7;0;24;34;0;42;14;32;28;12;37;26;45;15;19;45;0;31;34;35;36;30;27;0;0;0;0;0;0;0;1;33;0
27.09.2016;8;1;16;44;0;23;17;25;32;17;45;33;41;11;0;62;0;48;45;34;38;32;28;0;0;0;0;0;6;0;1;26;3
27.09.2016;9;0;30;44;0;31;23;26;33;18;27;29;30;23;0;47;0;37;44;31;3;17;36;0;0;0;0;0;23;0;0;21;0
27.09.2016;10;0;40;48;0;28;29;19;27;13;40;23;33;37;0;51;0;35;36;32;0;37;28;16;0;20;13;0;25;0;2;26;1
27.09.2016;11;0;29;41;0;31;19;13;26;24;36;20;37;33;0;52;0;43;44;38;0;31;29;20;0;15;18;0;19;0;1;23;2
27.09.2016;12;0;28;30;0;26;18;19;29;21;49;25;34;20;47;46;0;48;43;30;0;31;18;17;0;15;14;0;20;0;1;16;1
27.09.2016;13;0;34;50;0;39;10;19;26;18;44;25;35;29;59;46;0;44;36;31;0;30;26;19;0;11;24;0;14;0;0;22;1
27.09.2016;14;0;20;46;0;28;23;26;26;29;46;34;38;19;54;43;0;61;50;41;0;33;38;20;0;11;21;0;9;0;0;21;0
27.09.2016;15;0;33;56;0;29;28;26;35;30;44;26;28;20;44;41;0;51;53;27;0;27;18;15;0;5;7;0;0;0;2;19;2
27.09.2016;16;0;26;54;0;27;27;24;22;22;48;35;35;20;49;50;0;60;40;32;0;27;28;10;0;0;0;0;0;0;1;22;0
27.09.2016;17;0;20;44;0;32;18;18;26;27;43;32;38;20;46;42;0;45;42;32;0;40;35;0;0;0;0;0;0;0;0;36;0
27.09.2016;18;0;20;42;0;33;19;23;18;19;47;30;35;15;56;44;0;42;33;29;12;36;33;0;0;0;0;0;0;0;3;29;0
27.09.2016;19;0;29;43;0;38;7;31;21;25;44;31;43;26;52;36;0;43;37;36;49;39;24;0;0;0;0;0;0;0;1;39;0
27.09.2016;20;0;22;41;0;50;13;20;25;8;50;33;33;21;43;35;0;41;29;22;49;43;25;0;0;0;0;0;0;0;1;46;0
27.09.2016;21;0;0;38;0;33;22;29;35;0;27;23;40;19;5;39;0;30;8;40;3;21;15;0;0;0;0;0;0;0;1;20;0
27.09.2016;22;0;0;28;0;35;15;17;31;0;24;13;32;17;0;27;0;25;0;28;0;43;13;0;0;0;0;0;0;0;0;34;0
27.09.2016;23;0;0;26;0;32;15;18;22;0;18;16;18;11;0;23;0;24;0;20;0;23;14;0;0;0;0;0;0;0;0;23;0
27.09.2016;24;0;0;18;;22;6;17;12;0;12;9;11;8;0;21;0;11;0;10;0;10;15;0;0;0;0;0;0;0;0;12;0
28.09.2016;1;0;0;16;0;18;19;11;23;0;17;15;12;10;0;26;0;19;0;16;0;10;27;0;0;0;0;0;0;0;0;8;0
28.09.2016;2;0;0;24;0;25;20;17;25;0;29;1;3;16;0;30;0;14;0;12;0;14;22;0;0;0;0;0;0;0;1;16;0
28.09.2016;3;0;0;15;0;37;27;18;27;0;23;0;12;11;0;23;0;20;0;24;0;15;16;0;0;0;0;0;0;0;1;22;0
28.09.2016;4;0;0;28;7;40;28;22;30;0;33;3;31;16;0;39;0;24;0;41;0;36;16;0;0;0;0;0;0;8;0;37;0
28.09.2016;5;0;21;35;15;29;20;25;35;12;40;38;33;18;34;38;26;37;41;46;30;33;20;0;0;0;0;0;0;16;0;23;0
28.09.2016;6;0;30;38;2;29;9;38;30;12;48;29;35;21;51;40;30;30;42;32;36;29;20;0;0;0;0;0;0;5;1;21;2
28.09.2016;7;0;25;36;0;34;18;33;34;14;39;26;50;15;59;35;25;28;42;43;28;29;25;0;0;0;0;0;0;0;0;25;4
28.09.2016;8;4;18;45;0;20;20;29;27;14;51;37;41;11;58;46;0;56;40;29;0;40;33;0;2;0;0;0;2;0;0;26;3
28.09.2016;9;0;35;44;0;44;20;21;38;13;27;33;38;23;52;28;0;52;38;37;0;34;38;8;14;0;16;0;19;0;0;37;3
28.09.2016;10;0;43;46;0;26;20;21;20;16;42;20;40;28;45;41;0;44;36;33;0;37;24;3;19;0;12;0;22;0;1;25;0
28.09.2016;11;0;32;37;0;20;25;23;26;30;37;15;51;32;45;31;8;48;48;46;0;24;37;9;24;0;11;0;20;0;1;20;3
28.09.2016;12;1;22;29;0;22;23;24;21;21;47;25;37;21;60;47;31;26;35;35;0;26;27;16;17;0;18;0;12;0;1;18;1
28.09.2016;13;1;32;35;0;34;12;19;32;20;50;25;39;23;61;47;33;30;44;36;0;25;36;19;5;0;21;0;24;0;1;23;2
28.09.2016;14;0;25;34;0;39;18;27;28;29;41;30;36;21;59;40;43;39;46;36;0;37;26;23;11;0;23;0;23;0;0;33;1
28.09.2016;15;0;29;37;0;36;23;24;34;24;45;29;34;19;65;43;38;33;43;28;0;31;24;18;15;0;23;0;13;0;1;28;1
28.09.2016;16;0;27;43;0;37;25;31;28;14;36;32;35;22;54;39;32;37;35;37;0;31;20;13;0;0;13;0;9;0;2;25;0
28.09.2016;17;0;19;48;0;27;11;21;23;23;46;29;35;12;50;44;32;36;45;28;25;34;24;15;0;0;0;0;0;0;1;33;0
28.09.2016;18;0;17;48;0;38;15;27;14;26;41;26;38;15;52;39;24;27;39;32;43;23;38;0;0;0;0;0;0;0;2;38;1
28.09.2016;19;0;23;48;0;37;12;27;17;29;43;21;46;20;45;42;24;28;50;35;48;24;29;0;0;0;0;0;0;0;1;35;0
28.09.2016;20;0;14;41;0;52;13;21;24;12;47;26;47;20;51;42;32;32;37;31;48;28;34;0;0;0;0;0;0;0;1;46;0
28.09.2016;21;0;0;31;0;35;12;28;38;0;30;26;42;16;11;43;7;33;17;39;17;27;22;0;0;0;0;0;0;0;0;27;0
28.09.2016;22;0;0;24;0;32;13;18;32;0;28;19;31;13;0;38;0;30;0;30;0;37;18;0;0;0;0;0;0;0;0;28;0
28.09.2016;23;0;0;22;0;39;11;11;28;0;15;13;14;10;0;27;0;20;0;23;0;28;12;0;0;0;0;0;0;0;0;31;0
28.09.2016;24;0;0;22;0;19;10;14;15;0;11;7;12;11;0;20;0;13;0;15;0;8;11;0;0;0;0;0;0;0;0;14;0
29.09.2016;1;0;0;18;0;13;16;11;22;0;17;9;9;8;0;28;0;21;0;16;0;10;24;0;0;0;0;0;0;0;0;9;0
29.09.2016;2;0;0;21;0;27;27;15;30;0;28;5;7;16;0;23;0;20;0;20;0;19;14;0;0;0;0;0;0;0;1;20;0
29.09.2016;3;0;0;12;0;34;27;12;23;0;26;3;4;15;0;17;0;13;0;18;0;21;18;0;0;0;0;0;0;0;1;27;0
29.09.2016;4;0;0;25;8;38;27;12;32;0;30;17;23;12;0;23;0;33;16;30;0;26;20;0;0;0;0;0;0;7;0;32;0
29.09.2016;5;0;19;41;9;44;14;19;29;17;44;22;37;16;31;38;19;26;51;34;36;25;15;0;0;0;0;0;0;15;0;39;0
29.09.2016;6;0;21;31;0;32;11;34;28;11;52;32;39;19;48;48;21;32;44;31;41;29;20;0;0;0;0;0;0;0;1;32;0
29.09.2016;7;0;25;36;0;34;12;31;35;13;41;28;46;7;53;38;23;23;40;34;28;22;28;0;0;0;0;0;8;0;0;29;1
29.09.2016;8;1;23;43;0;25;19;23;35;12;49;35;46;15;56;47;32;35;50;47;37;25;33;0;0;0;0;0;12;0;0;25;0
29.09.2016;9;0;36;48;0;30;13;28;37;15;33;35;32;25;58;39;28;38;39;35;24;17;34;9;7;0;0;0;15;0;3;23;1
29.09.2016;10;0;33;43;0;22;16;28;27;18;42;20;33;25;41;36;29;18;36;33;0;34;23;12;19;0;0;0;23;0;2;19;1
29.09.2016;11;0;37;41;0;26;22;21;34;25;32;18;44;29;38;31;37;22;48;40;0;23;28;17;16;0;0;0;20;0;2;17;3
29.09.2016;12;1;30;39;0;19;20;25;34;21;48;26;35;24;57;45;41;37;43;32;0;32;26;16;15;0;8;0;18;0;1;17;1
29.09.2016;13;0;35;38;0;35;21;17;28;16;48;37;39;31;70;49;54;49;37;35;26;23;33;23;14;0;24;0;17;0;0;24;5
29.09.2016;14;0;22;37;0;45;21;34;37;27;44;40;32;19;61;45;52;45;51;35;27;13;40;25;12;0;32;0;17;0;0;27;1
29.09.2016;15;0;29;46;0;34;19;24;40;30;46;33;37;17;65;51;39;35;59;35;35;17;30;19;15;0;18;0;15;0;3;26;0
29.09.2016;16;0;25;45;0;30;26;19;34;21;40;33;32;15;47;41;40;38;43;32;32;18;26;13;5;0;5;0;20;0;0;27;4
29.09.2016;17;0;20;46;0;28;19;22;25;24;47;31;34;12;50;50;36;33;43;34;43;28;23;18;0;0;0;0;8;0;0;33;0
29.09.2016;18;0;16;35;0;35;14;19;17;26;48;31;45;15;59;54;29;32;36;43;38;23;25;17;0;0;0;0;0;0;1;36;1
29.09.2016;19;0;18;43;0;31;12;26;23;28;48;34;34;20;50;48;28;38;35;27;45;28;25;9;0;0;0;0;0;0;1;33;1
29.09.2016;20;0;8;44;0;40;13;20;24;10;44;22;37;20;38;51;19;37;23;36;34;30;28;0;0;0;0;0;0;0;1;43;2
29.09.2016;21;0;0;30;0;32;11;21;28;0;29;25;35;18;0;45;0;39;0;38;0;33;25;0;0;0;0;0;0;0;1;29;0
29.09.2016;22;0;0;26;0;37;15;20;28;0;27;15;34;14;0;41;0;28;0;40;0;43;10;0;0;0;0;0;0;0;1;36;0
29.09.2016;23;0;0;24;0;34;14;10;17;0;14;17;16;12;0;23;0;24;0;13;0;25;7;0;0;0;0;0;0;0;0;29;0
29.09.2016;24;0;0;11;0;20;11;13;13;0;15;11;9;7;0;23;0;13;0;8;0;9;11;0;0;0;0;0;0;0;1;11;0
30.09.2016;1;0;0;20;0;19;13;14;25;0;16;11;11;0;0;28;0;17;0;19;0;9;25;0;0;0;0;0;0;0;0;8;0
30.09.2016;2;0;0;24;0;18;16;22;26;0;21;9;6;0;0;24;0;18;0;18;0;13;25;0;0;0;0;0;0;0;0;8;0
30.09.2016;3;0;0;21;0;30;16;18;24;0;27;3;12;0;0;27;0;18;0;22;0;19;22;0;0;0;0;0;0;0;1;19;0
30.09.2016;4;0;0;35;11;36;22;17;31;0;28;12;22;0;0;28;1;24;1;35;11;31;16;0;0;0;0;0;0;15;1;21;0
30.09.2016;5;0;18;40;13;41;9;25;28;25;43;16;34;0;31;37;15;15;44;35;45;34;13;0;0;0;0;1;0;24;0;20;0
30.09.2016;6;0;29;37;0;33;8;35;29;10;50;30;39;0;45;45;41;38;44;29;40;24;20;0;0;0;0;0;0;10;1;25;0
30.09.2016;7;0;27;34;0;40;21;26;36;10;46;26;48;0;51;43;39;36;42;36;38;24;24;4;0;0;15;0;0;0;0;25;0
30.09.2016;8;2;23;48;0;35;22;16;45;10;45;37;38;0;54;45;37;47;43;40;12;38;26;1;0;0;23;0;0;0;0;29;0
30.09.2016;9;1;33;70;0;38;27;16;41;17;34;31;35;0;59;40;32;41;42;41;0;32;31;12;0;0;20;0;0;0;0;31;0
30.09.2016;10;0;25;43;0;34;14;18;25;21;35;21;35;0;49;39;25;24;40;34;0;37;23;11;12;0;16;0;20;0;2;28;0
30.09.2016;11;1;35;45;0;21;16;14;38;33;41;24;46;0;55;42;43;36;55;43;0;41;22;16;12;0;20;0;27;0;0;22;0
30.09.2016;12;0;32;46;0;18;13;27;34;21;46;23;42;0;55;47;47;29;45;40;0;23;22;17;20;0;13;0;16;0;1;15;0
30.09.2016;13;0;36;48;0;38;19;22;27;28;53;29;34;0;66;52;45;38;44;32;0;35;36;18;10;0;21;0;20;0;0;26;0
30.09.2016;14;1;31;42;0;38;24;23;37;32;51;41;46;0;65;51;56;40;61;37;0;29;37;23;13;0;28;1;21;0;0;17;0
30.09.2016;15;0;33;38;0;34;17;27;34;33;47;29;33;0;61;43;42;38;53;26;0;24;29;19;21;0;28;0;19;0;3;24;0
30.09.2016;16;0;26;40;0;34;15;29;34;20;43;36;28;0;54;46;32;38;44;20;0;40;28;15;13;0;16;0;18;0;0;32;0
30.09.2016;17;0;24;51;0;37;18;29;23;26;44;29;40;0;45;41;29;36;44;34;0;46;24;13;4;0;7;0;10;0;0;32;0
30.09.2016;18;0;19;42;0;40;20;26;15;20;49;28;46;0;59;49;28;31;49;47;0;49;29;12;0;0;0;0;0;0;1;42;0
30.09.2016;19;0;25;52;0;38;15;29;17;27;45;27;41;0;50;42;32;32;46;42;34;22;38;6;0;0;0;0;0;0;1;30;0
30.09.2016;20;0;31;52;0;42;16;25;25;18;51;27;47;0;56;50;34;37;35;42;46;10;34;0;0;0;0;0;0;0;1;36;0
30.09.2016;21;0;0;35;0;36;17;32;36;0;40;25;36;0;45;39;26;28;25;35;23;17;23;0;0;0;0;0;0;0;0;25;0
30.09.2016;22;0;0;34;0;41;19;30;28;0;24;16;31;0;9;30;0;33;0;29;0;37;12;0;0;0;0;0;0;0;0;31;0
30.09.2016;23;0;0;28;0;32;21;17;20;0;19;17;15;0;0;19;0;30;0;17;0;23;8;0;0;0;0;0;0;0;0;25;0
30.09.2016;24;0;0;19;0;15;23;15;23;0;16;9;10;0;0;25;0;22;0;14;0;7;24;0;0;0;0;0;0;0;0;9;0
