01.02.2017;1;0;3;3;10;0;20;0;3;0;1;0;11;0;0;4;0;8;0;12;0;0;0;18;3;0;13;0;4;0;0;5;0;
01.02.2017;2;0;2;5;18;0;21;0;9;0;9;0;9;0;0;16;0;4;0;20;0;0;0;25;10;0;19;0;17;0;0;6;0;
01.02.2017;3;0;4;10;23;0;24;0;13;0;21;0;17;0;0;32;0;15;0;32;0;1;0;19;27;0;17;0;24;0;0;24;0;
01.02.2017;4;0;4;13;28;0;23;0;16;0;21;0;19;0;0;32;0;31;6;40;2;0;0;15;29;0;16;0;20;0;0;21;0;
01.02.2017;5;0;23;37;39;27;35;20;36;35;45;30;25;0;0;23;0;31;18;33;17;0;0;6;23;0;19;5;18;0;0;21;1;
01.02.2017;6;0;28;26;43;37;32;18;26;29;19;28;19;0;4;18;0;19;6;16;8;1;0;15;7;0;25;6;17;0;0;10;0;
01.02.2017;7;1;14;39;36;39;36;19;19;36;31;33;20;0;13;16;12;24;0;26;0;0;0;23;10;0;26;10;28;0;0;5;0;
01.02.2017;8;1;33;35;41;52;46;25;35;38;23;36;24;0;16;8;30;27;0;29;0;0;0;27;12;0;29;8;38;0;0;3;1;
01.02.2017;9;1;16;24;34;38;31;28;20;28;17;6;29;0;18;10;32;26;0;32;0;1;0;31;15;1;25;12;27;0;0;10;0;
01.02.2017;10;0;14;27;36;38;34;17;15;26;20;0;27;0;14;18;19;19;0;21;0;1;0;28;10;6;26;15;20;0;0;13;5;
01.02.2017;11;1;14;32;36;40;28;20;13;32;30;0;30;0;10;22;18;18;0;20;0;2;0;23;8;4;29;12;23;0;0;11;1;
01.02.2017;12;0;13;31;28;35;29;24;18;27;21;0;27;0;18;25;18;16;0;19;0;0;7;21;9;5;18;12;21;5;0;11;2;
01.02.2017;13;0;21;27;35;51;38;30;26;37;22;0;31;0;27;25;24;25;0;38;0;1;9;23;8;3;23;25;22;25;0;24;2;
01.02.2017;14;0;22;28;38;40;44;38;28;34;28;0;25;0;15;18;15;21;0;24;0;0;18;25;15;0;24;20;17;26;0;22;1;
01.02.2017;15;0;28;43;37;52;41;41;31;45;40;13;30;0;26;17;27;17;0;18;0;0;27;28;28;0;31;24;28;9;0;20;1;
01.02.2017;16;0;28;23;47;51;46;41;30;35;22;37;18;0;21;22;28;32;0;32;0;0;19;14;32;0;34;26;22;0;0;17;2;
01.02.2017;17;0;30;39;45;50;44;25;28;32;31;35;22;0;12;25;15;39;0;34;0;0;1;21;16;0;19;24;10;0;0;17;0;
01.02.2017;18;1;16;33;50;44;52;24;23;30;23;25;25;0;10;32;0;27;0;24;0;1;0;23;10;0;24;22;12;0;0;16;0;
01.02.2017;19;0;19;41;52;52;43;23;23;31;28;35;26;0;14;33;0;34;0;29;1;2;0;37;10;0;24;24;12;0;0;19;0;
01.02.2017;20;0;20;37;55;52;42;33;28;32;29;49;26;0;7;31;0;50;0;51;13;0;0;29;10;0;23;10;29;0;0;21;0;
01.02.2017;21;0;23;24;33;10;32;1;27;0;33;18;28;0;0;23;0;29;0;36;3;1;0;17;13;0;20;0;27;0;0;13;0;
01.02.2017;22;0;19;19;18;0;23;0;23;0;27;0;35;0;0;22;0;33;0;32;0;0;0;8;7;0;12;0;23;0;0;9;0;
01.02.2017;23;0;11;7;16;0;22;0;12;0;14;0;17;0;0;16;0;22;0;28;0;1;0;4;8;0;13;0;13;0;0;7;0;
01.02.2017;24;0;1;5;8;0;17;0;4;0;5;0;9;0;0;10;0;10;0;18;0;0;0;12;4;0;11;0;9;0;0;3;0;
02.02.2017;1;0;2;5;6;0;11;0;3;0;3;0;7;0;0;5;0;8;0;18;0;0;0;20;6;0;9;0;7;0;0;4;0;
02.02.2017;2;0;1;1;15;0;24;0;9;0;6;0;6;0;0;9;0;9;0;18;0;0;0;31;10;0;15;0;17;0;0;8;0;
02.02.2017;3;0;4;6;18;0;16;0;10;0;14;0;15;0;0;18;0;19;0;23;0;1;0;12;12;0;12;0;15;0;0;13;0;
02.02.2017;4;0;10;14;30;5;22;0;18;3;23;1;27;0;4;25;0;43;3;50;7;0;0;12;20;0;14;2;18;0;0;19;0;
02.02.2017;5;0;21;38;38;28;24;26;36;35;40;26;18;0;21;23;0;40;17;36;12;0;0;7;17;0;23;8;15;0;0;20;0;
02.02.2017;6;0;27;26;40;41;32;26;31;24;21;28;26;0;10;18;0;31;0;20;0;1;0;14;9;0;25;8;14;0;0;11;0;
02.02.2017;7;0;24;39;41;44;33;25;34;42;29;0;30;0;11;21;0;24;0;25;0;0;0;24;18;0;25;12;21;0;0;7;1;
02.02.2017;8;0;40;33;45;53;39;23;37;46;29;0;33;0;26;43;0;29;0;28;0;0;0;28;14;0;29;13;41;0;0;7;2;
02.02.2017;9;1;20;22;36;35;25;26;25;34;21;0;17;0;21;48;0;23;0;31;0;1;0;28;17;0;21;9;31;0;0;13;3;
02.02.2017;10;0;12;25;34;30;28;22;14;28;24;0;22;0;32;43;13;18;0;20;0;2;0;25;15;0;26;14;17;0;0;22;1;
02.02.2017;11;0;17;26;34;32;23;25;22;33;24;0;19;0;28;23;18;11;0;17;0;2;0;23;17;0;27;10;24;0;0;20;5;
02.02.2017;12;0;20;27;33;45;36;25;25;32;22;0;26;0;24;27;27;26;0;24;0;2;0;34;15;0;26;14;27;0;0;19;2;
02.02.2017;13;0;28;31;33;49;36;40;36;39;26;0;26;0;29;29;25;24;0;37;0;1;10;34;14;2;26;20;19;16;0;30;5;
02.02.2017;14;0;27;26;39;50;46;44;35;31;21;0;24;0;15;17;17;20;0;25;0;0;22;33;18;5;23;18;17;27;0;20;6;
02.02.2017;15;0;28;32;37;53;43;48;34;49;27;0;25;0;20;21;19;13;0;23;0;0;24;28;17;14;22;32;25;16;0;21;0;
02.02.2017;16;0;26;25;44;50;43;38;32;38;27;17;35;0;28;25;27;38;0;35;0;0;16;21;23;13;23;20;24;13;0;19;1;
02.02.2017;17;1;31;37;38;45;44;34;32;43;32;43;28;0;16;29;12;43;0;41;0;0;2;21;21;0;29;27;19;2;0;23;1;
02.02.2017;18;1;15;37;50;50;53;20;21;25;23;40;27;0;9;25;0;37;0;32;0;2;7;27;12;0;21;19;10;0;0;10;1;
02.02.2017;19;0;22;31;42;53;38;22;29;25;17;43;33;0;9;33;0;37;0;33;0;0;15;24;9;0;23;23;9;0;0;13;0;
02.02.2017;20;1;21;31;52;57;48;31;33;39;22;50;30;0;13;39;0;50;0;46;0;0;9;30;11;0;19;16;29;0;0;19;0;
02.02.2017;21;0;30;24;34;35;33;31;31;22;15;23;14;0;0;23;0;27;0;29;0;0;0;16;13;0;22;0;28;0;0;13;0;
02.02.2017;22;0;38;19;18;3;33;0;43;4;24;4;29;0;0;20;0;29;0;28;0;1;0;10;11;0;16;0;28;0;0;7;0;
02.02.2017;23;0;16;12;25;0;38;0;24;0;11;0;26;0;0;20;0;25;0;25;0;0;0;9;12;0;20;0;19;0;0;8;0;
02.02.2017;24;0;5;4;6;0;14;0;10;0;6;0;8;0;0;9;0;10;0;14;0;0;0;11;6;0;10;0;6;0;0;3;0;
03.02.2017;1;0;3;3;10;0;17;0;4;0;2;0;7;0;0;7;0;6;0;8;0;0;0;14;2;0;9;0;6;0;0;3;0;
03.02.2017;2;0;0;2;20;0;21;0;8;0;10;0;6;0;0;13;0;5;0;23;0;0;0;18;6;0;19;0;16;0;0;8;0;
03.02.2017;3;0;4;7;25;0;19;0;9;0;11;0;23;0;4;14;0;20;0;31;2;1;0;17;11;0;14;0;15;0;0;8;0;
03.02.2017;4;0;6;14;31;5;25;0;12;2;14;5;28;0;10;19;0;18;15;33;18;0;0;11;12;0;15;0;20;0;0;11;0;
03.02.2017;5;0;21;34;42;27;33;21;22;42;26;37;35;0;17;27;0;20;13;32;25;0;0;10;10;0;20;16;25;0;0;16;1;
03.02.2017;6;1;27;33;41;39;35;26;27;25;15;25;26;0;16;28;0;16;2;16;11;1;0;17;12;0;24;8;21;0;0;11;0;
03.02.2017;7;0;25;43;40;49;42;23;33;45;40;0;31;0;16;24;0;21;0;28;0;0;0;26;12;0;28;17;28;0;0;7;0;
03.02.2017;8;1;40;39;39;60;43;28;46;44;37;0;34;0;22;27;18;32;0;34;0;0;0;30;13;0;34;8;41;5;0;9;1;
03.02.2017;9;1;11;23;32;36;33;27;24;26;26;0;13;0;21;26;27;21;0;33;0;1;2;27;19;0;17;8;28;13;0;13;0;
03.02.2017;10;0;16;29;32;40;32;13;20;28;26;0;25;0;32;28;30;20;0;18;0;1;9;29;17;3;18;14;19;8;0;25;0;
03.02.2017;11;0;11;31;36;42;36;20;17;28;20;0;24;0;27;24;17;15;0;17;0;1;17;30;12;14;20;14;19;18;0;24;2;
03.02.2017;12;0;24;32;34;42;33;33;32;39;27;0;32;0;26;32;23;18;0;20;0;0;20;19;9;13;13;16;29;9;0;18;6;
03.02.2017;13;0;33;37;40;54;40;36;32;30;31;0;36;0;28;25;31;29;0;37;0;2;14;25;16;8;19;21;19;17;0;29;4;
03.02.2017;14;0;27;38;39;53;39;37;28;36;33;0;37;0;15;14;22;26;0;27;0;1;22;30;17;6;18;22;21;21;0;19;2;
03.02.2017;15;0;24;40;37;55;40;43;30;42;35;10;24;0;16;13;22;20;0;33;0;0;32;28;15;15;17;26;28;21;0;16;0;
03.02.2017;16;0;26;29;45;51;45;39;26;28;19;50;20;0;23;38;18;44;0;46;0;0;19;22;20;10;24;19;25;11;0;23;3;
03.02.2017;17;0;32;37;48;59;49;31;35;37;30;46;16;0;11;36;0;41;0;45;0;1;1;27;15;0;30;22;16;0;0;16;1;
03.02.2017;18;0;18;38;47;50;46;19;25;22;33;44;22;0;13;31;0;40;0;39;0;2;0;29;12;0;26;13;8;0;0;17;1;
03.02.2017;19;1;21;36;48;60;48;24;25;25;33;42;14;0;14;33;0;38;0;40;3;1;0;35;10;0;29;23;5;0;0;18;2;
03.02.2017;20;1;21;36;53;61;53;30;24;32;32;50;19;0;8;27;0;38;0;46;7;1;0;35;16;0;25;14;25;0;0;21;1;
03.02.2017;21;0;28;23;41;21;45;10;32;11;29;21;28;0;0;24;0;35;0;39;4;0;0;26;8;0;22;0;26;0;0;13;0;
03.02.2017;22;0;30;23;22;0;36;0;38;0;24;0;32;0;0;24;0;29;0;33;0;0;0;12;8;0;20;0;23;0;0;6;0;
03.02.2017;23;0;10;12;18;0;34;0;20;0;16;0;29;0;0;19;0;27;0;29;0;0;0;14;12;0;13;0;19;0;0;6;0;
03.02.2017;24;0;3;11;1;0;11;0;8;0;8;0;12;0;0;8;0;8;0;16;0;0;0;12;8;0;7;0;11;0;0;4;0;
04.02.2017;1;0;3;3;15;0;18;0;9;0;4;0;9;0;0;8;0;5;0;9;0;0;0;18;8;0;8;0;7;0;0;8;0;
04.02.2017;2;0;2;2;18;0;23;0;10;0;6;0;9;0;0;15;0;4;0;17;0;0;0;23;12;0;12;0;12;0;0;12;0;
04.02.2017;3;0;2;12;19;0;18;0;17;0;18;0;18;0;0;16;0;19;0;36;0;1;0;13;23;0;14;0;15;0;0;9;0;
04.02.2017;4;0;6;14;27;8;20;0;11;9;16;7;23;0;0;27;0;34;4;39;6;0;0;13;20;0;15;0;21;0;0;13;0;
04.02.2017;5;0;18;36;36;32;33;21;23;30;37;32;23;0;6;21;0;24;13;33;19;0;0;13;15;0;22;2;20;0;0;16;0;
04.02.2017;6;0;25;30;44;35;35;18;25;23;18;26;26;0;13;16;0;17;0;17;9;1;0;21;13;0;23;3;17;0;0;11;0;
04.02.2017;7;0;20;33;40;49;36;21;20;34;25;22;22;0;10;17;7;20;0;22;0;0;0;25;16;0;29;11;24;8;0;4;1;
04.02.2017;8;0;30;35;38;51;38;18;17;38;30;30;23;0;17;15;20;30;0;23;0;0;0;30;13;0;18;8;32;14;0;1;0;
04.02.2017;9;0;27;26;33;38;37;25;25;31;20;25;18;0;17;16;32;31;0;33;0;1;0;28;20;0;11;12;29;13;0;9;0;
04.02.2017;10;0;9;24;33;34;34;21;13;23;21;14;10;0;25;19;35;20;0;20;0;1;0;28;18;2;13;11;19;9;0;21;2;
04.02.2017;11;0;11;26;37;30;28;16;14;26;21;19;23;0;22;25;21;19;0;13;0;1;4;25;11;4;13;13;16;12;0;23;1;
04.02.2017;12;0;16;28;36;38;29;29;15;31;23;24;23;0;28;35;17;21;0;17;0;1;14;14;21;4;16;15;21;0;0;23;1;
04.02.2017;13;0;24;30;32;52;40;29;28;27;27;23;18;0;26;25;14;24;0;26;0;1;10;22;14;0;30;13;16;0;0;23;1;
04.02.2017;14;0;20;25;43;44;36;27;22;27;24;12;10;0;15;22;15;17;0;26;0;1;25;27;23;0;30;18;15;0;0;15;1;
04.02.2017;15;0;24;32;34;51;43;38;28;50;35;17;11;0;16;15;18;18;0;25;0;1;28;22;41;0;22;29;23;0;0;19;2;
04.02.2017;16;0;19;25;47;41;45;1;38;31;23;32;23;0;32;42;33;34;0;34;0;0;18;20;23;0;18;24;23;0;0;17;0;
04.02.2017;17;0;21;43;45;42;44;0;39;28;40;28;13;0;17;28;1;27;0;33;0;0;0;25;22;0;21;15;13;0;0;16;0;
04.02.2017;18;0;15;26;41;30;32;0;25;20;18;28;22;0;9;28;0;26;0;23;0;1;0;28;15;0;10;20;12;0;0;13;0;
04.02.2017;19;0;21;27;43;47;35;20;22;24;28;31;19;0;14;29;0;30;0;31;0;0;16;34;10;0;15;21;8;0;0;17;0;
04.02.2017;20;0;19;31;44;45;35;29;20;25;28;52;28;0;9;31;0;47;0;39;0;0;19;15;15;0;16;10;19;0;0;18;0;
04.02.2017;21;0;18;22;46;6;35;4;21;5;25;12;39;0;0;27;0;41;0;46;0;1;0;18;13;0;17;0;29;0;0;14;0;
04.02.2017;22;0;27;18;12;0;21;0;24;0;20;0;36;0;0;20;0;37;0;38;0;0;0;18;9;0;14;0;19;0;0;8;0;
04.02.2017;23;0;10;9;24;0;25;0;19;0;17;0;33;0;0;17;0;31;0;37;0;0;0;11;9;0;18;0;19;0;0;7;0;
04.02.2017;24;0;1;9;8;0;16;0;5;0;8;0;14;0;0;8;0;13;0;23;0;0;0;13;7;0;13;0;8;0;0;3;0;
05.02.2017;1;0;1;12;9;0;17;0;5;0;7;0;7;0;0;4;0;6;0;9;0;0;0;15;3;0;6;0;10;0;0;2;0;
05.02.2017;2;0;1;2;20;0;22;0;11;0;8;0;7;0;0;20;0;7;0;14;0;0;0;15;10;0;5;0;16;0;0;10;0;
05.02.2017;3;0;6;6;18;0;25;0;16;0;12;0;18;0;0;27;0;21;0;33;0;1;0;12;25;0;11;0;12;0;0;17;0;
05.02.2017;4;0;5;12;26;6;34;3;6;10;21;7;29;0;2;26;0;26;3;32;9;0;0;19;26;0;18;14;17;0;0;17;0;
05.02.2017;5;0;16;27;40;31;37;22;24;31;26;32;20;0;17;25;0;27;14;31;18;0;0;12;12;0;24;10;8;0;0;14;0;
05.02.2017;6;0;26;24;41;33;36;12;23;30;21;40;31;0;9;21;0;21;3;26;17;1;0;12;9;0;25;9;16;0;0;6;0;
05.02.2017;7;0;14;32;36;40;30;3;23;35;24;4;23;0;11;26;0;17;0;20;0;0;0;20;12;0;24;9;24;0;0;5;1;
05.02.2017;8;0;30;46;44;65;42;0;36;43;33;0;39;0;19;17;19;22;0;18;0;0;0;30;11;0;35;8;38;0;0;5;1;
05.02.2017;9;0;18;19;31;36;26;0;29;24;13;0;20;0;28;22;31;20;0;27;0;1;0;26;18;0;21;4;31;0;0;16;3;
05.02.2017;10;0;12;23;36;34;36;0;27;24;25;0;16;0;27;23;27;17;0;17;0;1;0;28;18;4;18;13;20;0;0;25;3;
05.02.2017;11;0;12;33;34;36;27;0;30;35;31;0;20;0;22;18;28;15;0;10;0;2;6;29;14;14;25;19;21;0;0;25;0;
05.02.2017;12;0;18;32;33;40;30;0;36;38;31;0;23;0;35;29;29;19;0;13;0;1;19;19;9;15;12;17;26;0;0;24;1;
05.02.2017;13;0;24;33;39;50;30;2;37;34;28;0;32;0;25;25;26;27;0;25;0;0;16;25;11;4;25;21;12;9;0;24;1;
05.02.2017;14;0;27;36;39;44;35;29;29;45;30;0;29;0;18;14;23;20;0;24;0;0;26;16;16;10;18;25;17;18;0;20;0;
05.02.2017;15;0;26;37;41;64;38;30;28;37;29;0;24;0;15;20;23;14;0;22;0;0;37;26;19;17;16;24;22;15;0;16;0;
05.02.2017;16;0;19;27;46;56;39;24;16;28;21;28;34;0;31;32;27;38;0;40;0;0;25;17;18;8;22;17;17;10;0;22;0;
05.02.2017;17;0;31;44;47;47;41;32;24;43;37;44;24;0;17;28;13;45;0;45;0;0;22;17;22;0;30;23;17;0;0;17;1;
05.02.2017;18;0;17;40;50;44;38;20;15;27;29;46;29;0;14;31;0;42;0;42;0;2;5;26;13;0;26;20;9;0;0;17;1;
05.02.2017;19;1;14;36;50;49;30;16;12;27;24;42;39;0;11;29;0;44;0;38;4;0;0;40;7;0;26;26;6;0;0;18;0;
05.02.2017;20;0;17;37;48;46;32;21;24;28;23;53;40;0;7;23;0;50;0;63;11;0;0;30;11;0;19;15;22;0;0;21;0;
05.02.2017;21;0;26;21;37;17;43;11;34;7;22;11;34;0;0;26;0;29;0;33;0;1;0;22;12;0;22;0;27;0;0;15;0;
05.02.2017;22;0;32;15;17;0;27;0;29;0;24;0;38;0;0;21;0;32;0;34;0;0;0;18;11;0;15;0;23;0;0;10;0;
05.02.2017;23;0;13;9;17;0;22;0;13;0;20;0;31;0;0;17;0;29;0;34;0;0;0;13;12;0;16;0;21;0;0;7;0;
05.02.2017;24;0;4;8;6;0;21;0;6;0;9;0;14;0;0;8;0;10;0;16;0;0;0;18;13;0;12;0;13;0;0;7;0;
06.02.2017;1;0;5;6;8;0;21;0;9;0;3;0;10;0;0;12;0;9;0;12;0;0;0;18;5;0;7;0;11;0;0;8;0;
06.02.2017;2;0;2;1;17;0;24;0;10;0;9;0;6;0;0;16;0;7;0;12;0;0;0;20;12;0;10;0;16;0;0;9;0;
06.02.2017;3;0;0;5;24;0;28;0;15;0;9;0;16;0;0;26;0;19;0;27;0;1;0;15;24;0;11;0;13;0;0;24;0;
06.02.2017;4;0;7;11;32;12;34;3;12;9;23;6;30;0;0;31;0;31;0;48;6;0;0;24;29;0;17;0;19;0;0;21;0;
06.02.2017;5;0;21;36;43;33;33;26;27;38;38;29;20;0;13;22;0;25;0;51;26;1;0;17;17;0;23;4;16;0;0;23;0;
06.02.2017;6;0;29;36;43;40;33;26;31;32;25;34;30;0;10;21;0;28;0;22;10;1;0;16;9;0;29;10;15;0;0;11;0;
06.02.2017;7;0;23;36;46;50;39;19;20;45;30;32;31;0;12;23;0;26;0;20;0;0;0;21;12;0;29;12;24;0;0;5;0;
06.02.2017;8;0;29;34;41;58;41;17;26;45;29;36;28;0;19;21;27;30;0;30;0;1;0;28;11;0;31;8;38;0;0;3;5;
06.02.2017;9;0;18;22;33;45;31;18;19;31;23;21;17;0;24;22;35;20;0;23;0;1;4;33;17;3;24;10;30;0;0;12;1;
06.02.2017;10;0;18;27;33;35;35;13;19;25;22;23;26;0;33;19;34;17;0;20;0;2;14;31;14;16;22;16;17;0;0;28;1;
06.02.2017;11;0;12;24;28;31;23;5;18;24;22;9;27;0;24;21;17;25;0;25;0;2;22;26;17;17;21;11;16;0;0;22;1;
06.02.2017;12;1;17;32;31;44;29;0;34;33;25;0;26;0;21;28;22;16;0;16;0;0;17;18;10;7;25;13;25;0;0;18;9;
06.02.2017;13;0;21;26;42;45;36;3;45;36;26;0;29;0;25;24;24;21;0;28;0;1;11;20;13;5;26;24;20;9;0;20;2;
06.02.2017;14;0;19;34;35;45;32;27;23;36;27;0;30;0;15;19;10;18;0;33;0;0;29;21;14;6;32;22;15;0;0;13;1;
06.02.2017;15;0;23;34;38;55;37;29;25;40;28;0;39;0;13;18;15;22;0;31;0;0;33;25;16;16;21;23;27;0;0;17;0;
06.02.2017;16;0;26;27;46;47;44;19;19;35;20;10;49;0;31;30;24;36;0;39;0;0;15;18;17;8;23;21;27;0;0;21;1;
06.02.2017;17;0;26;33;40;41;35;20;24;30;26;40;31;0;14;28;8;36;0;38;0;0;0;32;14;0;23;20;15;0;0;16;0;
06.02.2017;18;0;10;33;46;43;36;13;12;22;19;35;31;0;12;28;0;34;0;37;0;2;0;32;16;0;16;15;9;0;0;18;0;
06.02.2017;19;0;17;34;50;48;37;15;18;22;19;46;41;0;12;30;0;39;0;38;0;0;0;36;8;0;20;21;19;0;0;23;0;
06.02.2017;20;0;18;28;50;39;35;19;21;27;15;45;36;0;3;27;0;46;0;49;0;1;0;29;9;0;16;0;31;0;0;22;1;
06.02.2017;21;0;23;28;37;11;33;4;25;8;24;7;30;0;0;22;0;25;0;31;0;0;0;17;13;0;19;0;24;0;0;11;0;
06.02.2017;22;0;24;18;16;0;28;0;23;0;19;0;32;0;0;20;0;29;0;33;0;0;0;20;8;0;15;0;22;0;0;9;0;
06.02.2017;23;0;12;4;15;0;18;0;12;0;10;0;22;0;0;14;0;23;0;31;0;0;0;9;11;0;16;0;17;0;0;9;1;
06.02.2017;24;0;5;8;4;0;13;0;5;0;6;0;8;0;0;8;0;13;0;18;0;0;0;11;8;0;10;0;9;0;0;5;0;
07.02.2017;1;0;5;3;10;0;13;0;9;0;6;0;5;0;0;6;0;7;0;12;0;0;0;17;8;0;6;0;9;0;0;5;0;
07.02.2017;2;0;3;4;17;0;24;0;13;0;8;0;7;0;0;17;0;8;0;10;0;1;0;17;10;0;11;0;15;0;0;12;0;
07.02.2017;3;0;3;9;21;0;21;0;14;0;14;0;13;0;0;20;0;21;0;27;0;2;0;13;14;0;15;0;20;0;0;13;0;
07.02.2017;4;0;11;15;31;0;32;0;14;0;21;0;23;0;0;32;0;29;5;31;7;0;0;16;24;0;19;0;18;0;0;23;0;
07.02.2017;5;0;21;29;35;25;31;15;17;29;40;23;28;0;8;29;0;25;16;21;17;0;0;15;12;0;24;3;22;0;0;19;0;
07.02.2017;6;0;23;31;36;41;34;11;18;28;23;38;28;0;13;25;0;18;3;16;7;1;0;18;7;0;29;10;18;0;0;13;1;
07.02.2017;7;0;23;34;39;49;38;18;28;38;26;28;22;0;13;21;0;18;0;18;0;0;0;23;12;0;29;7;25;0;0;7;0;
07.02.2017;8;0;38;31;39;52;39;0;43;46;18;20;32;0;18;16;27;27;0;24;0;0;0;25;9;0;28;9;47;0;0;5;2;
07.02.2017;9;0;18;28;31;38;30;0;36;27;15;0;25;0;25;42;19;23;0;26;0;1;0;27;13;0;24;6;34;0;0;15;1;
07.02.2017;10;0;9;24;31;27;28;0;24;24;19;0;18;0;28;32;35;15;0;24;0;3;0;21;16;3;25;15;23;0;0;21;2;
07.02.2017;11;0;16;25;34;39;31;0;31;28;25;0;27;0;30;22;24;19;0;15;0;3;18;28;24;19;27;13;19;0;0;29;2;
07.02.2017;12;0;17;34;37;46;33;25;27;37;26;0;24;0;27;31;21;16;0;11;0;0;20;26;17;1;23;12;25;0;0;22;1;
07.02.2017;13;0;22;27;40;42;33;29;23;32;24;0;30;0;30;31;24;24;0;25;0;1;12;25;15;0;23;17;19;0;0;27;1;
07.02.2017;14;1;19;28;37;41;34;26;23;35;22;0;27;0;14;21;13;16;0;30;0;0;22;20;19;0;24;22;15;0;0;19;2;
07.02.2017;15;0;17;33;35;48;37;26;16;49;28;15;27;0;13;18;20;20;0;19;0;1;27;21;40;0;24;30;29;0;0;14;6;
07.02.2017;16;0;24;29;37;37;34;25;25;28;21;39;28;0;21;27;23;41;0;40;0;0;18;16;26;0;25;22;15;0;0;18;4;
07.02.2017;17;0;27;36;39;35;32;18;29;36;36;37;29;0;19;35;1;40;0;42;0;0;0;29;16;0;22;20;21;0;0;20;1;
07.02.2017;18;1;16;26;44;47;40;14;17;22;19;32;27;0;10;33;0;34;0;36;0;2;0;33;13;0;22;17;10;0;0;13;3;
07.02.2017;19;0;23;34;54;56;48;20;25;30;25;43;31;0;9;31;0;42;0;41;5;0;0;41;8;0;18;26;11;0;0;18;0;
07.02.2017;20;2;21;37;53;57;47;27;26;34;22;51;28;0;1;23;0;47;0;52;10;0;0;31;15;0;20;10;30;0;0;14;0;
07.02.2017;21;0;21;17;28;6;32;3;25;8;17;8;26;0;0;24;0;25;0;37;1;1;0;18;12;0;16;0;20;0;0;12;0;
07.02.2017;22;0;29;18;18;0;29;0;36;0;27;0;41;0;0;21;0;33;0;33;0;0;0;17;13;0;22;0;28;0;0;8;0;
07.02.2017;23;0;11;6;17;0;27;0;19;0;14;0;23;0;0;21;0;27;0;35;0;0;0;7;15;0;21;0;23;0;0;8;0;
07.02.2017;24;0;7;4;4;0;16;0;9;0;3;0;9;0;0;13;0;6;0;16;0;0;0;15;11;0;11;0;9;0;0;10;0;
08.02.2017;1;0;4;4;11;0;13;0;8;0;4;0;8;0;0;10;0;7;0;9;0;0;0;14;5;0;8;0;7;0;0;5;0;
08.02.2017;2;0;2;2;18;0;17;0;12;0;12;0;6;0;0;15;0;5;0;10;0;0;0;19;9;0;10;0;18;0;0;8;0;
08.02.2017;3;0;2;7;21;0;20;0;9;0;15;0;22;0;0;15;0;21;0;33;0;1;0;16;11;0;11;0;18;0;0;9;0;
08.02.2017;4;0;8;15;35;2;27;1;16;0;24;0;29;0;0;28;0;38;0;38;0;0;0;20;20;0;17;0;17;0;0;20;0;
08.02.2017;5;0;18;33;36;25;21;25;32;38;35;30;22;0;13;21;0;47;0;42;0;0;0;16;18;0;18;17;20;0;0;19;0;
08.02.2017;6;0;27;31;40;45;28;20;30;22;22;25;26;0;9;16;0;25;0;21;0;1;0;14;7;0;27;8;16;0;0;11;1;
08.02.2017;7;0;25;29;39;53;34;24;30;37;24;0;32;0;13;22;0;22;0;27;0;0;0;22;16;0;31;12;26;0;0;3;2;
08.02.2017;8;0;40;39;49;68;52;27;44;41;33;0;35;0;16;31;9;24;0;24;0;0;0;32;11;0;36;10;36;0;0;4;0;
08.02.2017;9;1;25;28;37;42;26;24;34;28;17;0;30;0;25;20;29;28;0;39;0;1;0;34;18;0;22;7;28;0;0;12;2;
08.02.2017;10;0;19;29;35;38;33;17;22;27;24;0;24;0;35;20;37;22;0;28;0;2;0;40;24;0;27;18;18;0;0;28;3;
08.02.2017;11;0;17;26;36;35;32;29;22;28;24;0;20;0;18;15;20;14;0;11;0;3;0;36;23;0;25;13;23;0;0;20;4;
08.02.2017;12;0;18;28;30;43;31;37;25;43;23;0;25;0;25;30;23;15;0;14;0;0;11;31;19;0;22;21;24;0;0;19;4;
08.02.2017;13;0;21;33;43;52;45;33;29;45;34;0;36;0;27;28;21;27;0;35;0;1;12;29;13;3;25;18;23;12;0;23;1;
08.02.2017;14;0;25;29;38;44;37;34;32;37;25;0;21;0;20;21;16;20;0;32;0;0;22;26;18;5;18;21;16;18;0;13;5;
08.02.2017;15;1;27;39;38;53;45;38;30;40;34;3;33;0;19;20;16;24;0;29;0;0;26;33;15;14;16;23;24;11;0;18;4;
08.02.2017;16;0;25;27;47;45;49;31;29;40;22;43;29;0;17;22;19;36;0;44;0;0;17;14;13;10;19;26;14;15;0;15;2;
08.02.2017;17;0;28;33;41;48;42;21;33;37;28;46;27;0;13;36;10;34;0;36;0;0;15;20;15;0;25;22;19;6;0;14;0;
08.02.2017;18;0;17;38;47;47;45;23;25;27;27;38;25;0;10;36;0;33;0;31;0;2;14;19;12;0;29;19;12;0;0;12;2;
08.02.2017;19;0;22;34;49;56;43;20;26;26;23;38;25;0;12;31;0;34;0;33;0;0;14;31;8;0;28;25;10;0;0;15;1;
08.02.2017;20;0;21;37;52;59;52;24;25;33;17;48;35;0;4;32;0;50;0;48;0;0;4;32;18;0;26;10;27;0;0;16;1;
08.02.2017;21;0;23;23;39;12;41;5;36;6;22;10;28;0;0;30;0;30;0;35;0;1;0;20;17;0;21;0;28;0;0;19;0;
08.02.2017;22;0;24;15;16;0;28;0;34;0;17;0;29;0;0;29;0;29;0;29;0;0;0;10;6;0;13;0;24;0;0;12;0;
08.02.2017;23;0;10;11;20;0;29;0;23;0;16;0;24;0;0;16;0;20;0;27;0;0;0;3;10;0;18;0;18;0;0;7;0;
08.02.2017;24;0;5;3;3;0;10;0;8;0;2;0;9;0;0;10;0;11;0;15;0;0;0;8;6;0;10;0;7;0;0;5;0;
09.02.2017;1;0;3;3;9;0;17;0;8;0;3;0;7;0;0;11;0;7;0;10;0;0;0;14;3;0;11;0;8;0;0;6;0;
09.02.2017;2;0;5;1;20;0;24;0;14;0;7;0;7;0;0;12;0;2;0;15;0;0;0;23;10;0;15;0;15;0;0;10;0;
09.02.2017;3;0;3;5;20;0;17;0;15;0;10;0;13;0;0;15;0;21;0;40;0;1;0;14;16;0;17;0;11;0;0;9;0;
09.02.2017;4;0;9;18;28;1;21;2;17;3;25;8;32;0;0;32;0;32;12;40;18;0;0;17;23;0;18;0;18;0;0;18;0;
09.02.2017;5;0;21;36;41;31;35;21;30;27;31;41;29;0;11;28;0;33;21;23;19;0;0;15;13;0;21;8;13;0;0;18;0;
09.02.2017;6;0;26;29;41;40;34;19;29;24;21;25;27;0;9;23;0;26;7;17;7;1;0;16;10;0;26;13;13;0;0;8;0;
09.02.2017;7;0;22;37;44;54;37;31;36;41;32;0;35;0;13;23;0;28;0;27;0;0;0;26;18;0;29;14;20;0;0;6;3;
09.02.2017;8;0;32;36;39;60;46;26;36;48;31;0;33;0;21;25;23;28;0;25;0;0;0;23;12;0;19;16;39;18;0;4;0;
09.02.2017;9;0;24;30;34;41;40;26;33;33;28;0;31;0;22;22;22;26;0;34;0;1;3;30;18;0;13;11;30;12;0;16;0;
09.02.2017;10;0;15;27;34;31;29;22;20;27;26;0;23;0;26;21;31;15;0;24;0;1;9;18;24;5;11;17;20;12;0;25;1;
09.02.2017;11;0;14;30;23;32;15;19;16;26;27;0;18;0;14;18;21;13;0;18;0;1;16;26;15;11;12;15;21;15;0;14;3;
09.02.2017;12;0;20;31;40;49;37;35;28;30;19;18;19;0;22;28;20;13;0;14;0;0;17;22;10;8;15;20;23;11;0;20;0;
09.02.2017;13;1;23;21;44;53;37;31;31;26;15;29;18;0;27;25;27;30;0;35;0;1;12;30;12;6;23;18;15;19;0;29;2;
09.02.2017;14;0;29;25;38;43;39;32;32;34;24;24;14;0;10;18;12;23;0;27;0;0;24;27;12;8;21;23;13;17;0;20;1;
09.02.2017;15;0;26;38;37;59;46;36;28;45;32;19;12;0;17;19;18;15;0;26;0;0;27;27;23;15;21;29;22;13;0;14;1;
09.02.2017;16;1;30;25;46;43;46;24;29;32;19;46;22;0;19;40;17;38;0;41;0;1;21;16;19;8;19;25;18;12;0;12;0;
09.02.2017;17;0;27;40;44;34;40;28;31;38;34;43;32;0;20;37;0;42;0;37;0;0;16;23;20;1;21;25;16;0;0;18;3;
09.02.2017;18;0;18;24;47;47;42;15;20;21;17;38;23;0;9;32;0;35;0;29;0;2;0;28;13;0;27;23;18;0;0;15;1;
09.02.2017;19;0;16;34;48;57;44;16;19;26;26;40;23;0;10;38;0;43;0;39;0;0;0;36;12;0;29;25;8;0;0;16;4;
09.02.2017;20;1;23;39;52;55;46;32;34;32;21;61;30;0;0;30;0;53;0;40;3;0;0;30;11;0;19;19;22;0;0;20;8;
09.02.2017;21;0;17;23;33;21;34;10;22;7;15;14;27;0;0;18;0;37;0;43;0;1;0;15;12;0;16;0;20;0;0;12;0;
09.02.2017;22;0;27;15;17;0;31;0;33;0;17;0;31;0;0;15;0;26;0;28;0;0;0;17;9;0;13;0;20;0;0;9;0;
09.02.2017;23;0;12;6;23;0;26;0;23;0;11;0;24;0;0;20;0;24;0;28;0;0;0;9;10;0;13;0;18;0;0;9;0;
09.02.2017;24;0;4;5;4;0;18;0;7;0;8;0;8;0;0;14;0;9;0;13;0;0;0;13;7;0;14;0;8;0;0;5;0;
10.02.2017;1;0;6;6;10;0;20;0;10;0;3;0;10;0;0;11;0;11;0;13;0;0;0;16;7;0;16;0;6;0;0;7;0;
10.02.2017;2;0;3;2;19;0;25;0;12;0;9;0;7;0;0;21;0;7;0;20;0;0;0;19;11;0;18;0;17;0;0;14;0;
10.02.2017;3;0;2;5;19;0;21;0;8;0;10;0;19;0;0;20;0;22;0;38;0;1;0;17;18;0;15;0;17;0;0;15;0;
10.02.2017;4;0;10;18;35;8;35;4;18;9;22;5;29;0;0;26;0;40;0;51;0;0;0;16;21;0;13;0;21;0;0;17;0;
10.02.2017;5;0;23;34;37;27;32;32;30;47;35;31;19;0;5;25;0;34;13;45;16;1;0;14;16;0;20;4;21;0;0;20;0;
10.02.2017;6;0;25;32;46;44;42;21;24;29;21;23;16;0;13;26;0;14;0;18;6;1;0;19;14;0;28;9;17;0;0;11;0;
10.02.2017;7;0;21;37;43;46;38;17;23;37;32;28;16;0;16;20;11;22;0;30;0;0;0;25;16;0;25;16;23;8;0;9;0;
10.02.2017;8;0;35;42;42;68;46;20;40;43;26;39;30;0;17;13;27;32;0;32;0;0;0;28;8;0;16;13;37;26;0;3;0;
10.02.2017;9;0;23;25;31;39;34;23;24;26;18;19;16;0;19;25;30;31;0;38;0;0;4;26;14;6;23;12;28;10;0;11;1;
10.02.2017;10;0;26;25;33;44;29;19;24;32;25;25;21;0;22;21;30;22;0;19;0;0;7;26;15;8;29;19;20;0;0;21;2;
10.02.2017;11;2;12;23;37;42;38;22;19;35;24;24;16;0;17;15;22;23;0;21;0;4;17;30;20;4;31;19;24;0;0;17;2;
10.02.2017;12;0;15;30;40;45;35;34;25;41;23;23;14;0;26;30;18;21;0;21;0;0;16;23;22;1;28;20;27;0;0;21;3;
10.02.2017;13;0;28;31;41;61;45;41;35;37;28;26;23;0;27;28;22;24;0;31;0;0;12;33;23;0;34;24;22;0;0;26;2;
10.02.2017;14;0;29;35;39;49;41;35;34;44;28;19;19;0;16;19;18;17;0;30;0;3;23;31;21;3;35;21;25;19;0;17;1;
10.02.2017;15;0;25;39;39;58;37;31;32;39;27;27;22;0;19;17;25;24;0;37;0;1;28;34;17;14;35;24;30;13;0;11;1;
10.02.2017;16;0;28;30;46;56;46;36;33;37;27;45;30;0;24;30;26;44;0;46;0;0;23;17;18;10;34;28;22;0;0;17;2;
10.02.2017;17;0;33;39;40;52;39;23;34;31;36;47;33;0;14;31;10;41;0;43;0;0;2;28;19;3;26;22;17;0;0;22;2;
10.02.2017;18;0;22;37;46;54;43;23;31;33;29;47;31;0;17;35;0;38;0;37;0;2;0;31;13;0;27;21;15;0;0;22;0;
10.02.2017;19;1;22;34;50;57;46;26;18;31;23;40;24;0;15;40;0;35;0;39;3;2;0;36;8;0;25;23;13;0;0;20;0;
10.02.2017;20;1;22;34;49;64;51;28;30;33;18;63;34;0;5;25;0;54;0;53;3;1;0;37;14;0;22;14;28;0;0;13;0;
10.02.2017;21;0;27;27;43;31;43;20;31;14;19;20;25;0;0;25;0;32;0;34;0;2;0;19;11;0;19;0;32;0;0;12;0;
10.02.2017;22;0;22;21;17;0;32;0;34;0;25;0;37;0;0;17;0;28;0;34;0;0;0;13;10;0;20;0;22;0;0;10;0;
10.02.2017;23;0;21;12;21;0;33;0;31;0;16;0;31;0;0;14;0;32;0;30;0;0;0;12;13;0;15;0;16;0;0;7;0;
10.02.2017;24;0;3;10;8;0;18;0;15;0;14;0;10;0;0;13;0;14;0;21;0;0;0;8;11;0;17;0;15;0;0;6;1;
11.02.2017;1;0;6;3;10;0;25;0;11;0;6;0;6;0;0;14;0;5;0;13;0;0;0;16;7;0;20;0;10;0;0;7;0;
11.02.2017;2;0;3;5;24;0;30;0;16;0;16;0;12;0;0;21;0;8;0;16;0;0;0;27;14;0;20;0;23;0;0;14;0;
11.02.2017;3;0;5;9;27;0;29;0;23;0;15;0;19;0;0;18;0;27;0;36;0;1;0;18;32;0;17;0;19;0;0;19;0;
11.02.2017;4;0;7;17;26;6;26;3;16;11;27;8;25;0;6;29;0;35;7;43;9;0;0;12;30;0;18;11;19;0;0;16;0;
11.02.2017;5;0;20;37;41;30;29;26;30;30;36;43;26;0;13;23;0;26;11;31;20;0;0;7;21;0;21;13;7;0;0;11;0;
11.02.2017;6;0;28;25;41;47;26;29;32;24;19;27;15;0;16;23;0;19;4;18;9;1;0;18;10;0;32;6;13;0;0;9;3;
11.02.2017;7;0;15;35;48;51;33;24;28;47;31;8;23;0;13;28;0;20;0;24;0;0;0;27;17;0;29;17;26;0;0;4;1;
11.02.2017;8;0;26;37;38;54;39;16;22;37;28;0;26;0;17;22;16;26;0;29;0;1;0;30;17;0;31;6;36;0;0;3;3;
11.02.2017;9;0;23;31;34;40;25;18;38;38;26;0;31;0;17;19;25;25;0;26;0;1;0;22;22;0;29;11;37;0;0;8;5;
11.02.2017;10;0;17;22;32;35;21;0;27;26;22;0;19;0;25;23;29;17;0;19;0;0;0;23;20;0;29;14;19;0;0;16;2;
11.02.2017;11;0;14;31;37;44;28;0;36;39;27;0;25;0;21;24;25;14;0;19;0;1;0;22;16;0;29;17;30;0;0;19;2;
11.02.2017;12;0;21;27;33;43;29;0;47;39;20;0;28;0;26;27;29;16;0;17;0;1;15;31;27;0;32;19;25;7;0;21;6;
11.02.2017;13;0;26;28;34;43;31;0;47;32;24;0;29;0;27;22;32;24;0;30;0;1;10;28;21;1;25;20;23;16;0;24;4;
11.02.2017;14;0;21;29;40;43;36;0;44;36;27;0;16;0;13;16;16;17;0;26;0;0;21;19;11;7;27;25;13;13;0;10;3;
11.02.2017;15;0;24;34;39;53;37;0;57;49;32;0;26;0;18;16;25;21;0;26;0;0;31;25;19;15;23;26;25;0;0;14;1;
11.02.2017;16;0;20;26;42;46;45;0;41;42;26;32;19;0;24;36;25;39;0;37;0;0;14;19;15;17;16;24;22;0;0;18;1;
11.02.2017;17;0;28;38;46;36;41;0;54;42;37;34;23;0;13;32;0;30;0;26;0;0;0;27;18;13;16;22;15;0;0;11;1;
11.02.2017;18;0;16;34;40;38;30;0;34;19;24;36;25;0;15;30;0;29;0;26;0;1;0;28;20;0;18;14;10;0;0;16;0;
11.02.2017;19;0;26;23;52;55;41;0;46;19;13;30;18;0;17;36;0;30;0;34;0;0;0;46;7;0;21;19;12;0;0;19;0;
11.02.2017;20;0;21;35;53;59;52;0;39;34;19;50;26;0;6;34;0;42;0;40;0;0;0;31;6;0;18;14;24;0;0;15;0;
11.02.2017;21;0;20;13;34;10;33;0;26;7;15;11;23;0;0;25;0;28;0;33;0;1;0;14;14;0;14;0;20;0;0;14;0;
11.02.2017;22;0;22;20;16;0;28;0;29;0;28;0;34;0;0;17;0;30;0;25;0;0;0;12;11;0;10;0;21;0;0;10;0;
11.02.2017;23;0;9;9;18;0;30;0;13;0;15;0;26;0;0;17;0;27;0;27;0;0;0;8;12;0;20;0;23;0;0;7;0;
11.02.2017;24;0;5;10;4;0;19;0;11;0;13;0;13;0;0;13;0;12;0;19;0;0;0;16;10;0;12;0;11;0;0;6;0;
12.02.2017;1;0;3;3;10;0;24;0;4;0;3;0;8;0;0;8;0;8;0;11;0;0;0;18;7;0;10;0;9;0;0;4;0;
12.02.2017;2;0;1;4;20;0;27;0;10;0;12;0;8;0;0;17;0;6;0;13;0;0;0;23;13;0;13;0;23;0;0;10;0;
12.02.2017;3;0;6;6;25;0;21;0;15;0;18;0;16;0;0;21;0;21;0;35;0;1;0;14;27;0;14;0;19;0;0;18;0;
12.02.2017;4;0;6;14;35;5;36;0;17;0;21;4;27;0;0;24;0;33;0;43;6;0;0;11;18;0;21;0;26;0;0;12;0;
12.02.2017;5;0;18;32;39;32;33;28;33;30;31;30;17;0;16;29;0;28;0;44;18;0;0;7;13;0;23;6;17;0;0;13;0;
12.02.2017;6;0;20;21;45;39;33;17;28;27;18;22;16;0;11;20;0;16;0;16;6;1;0;16;10;0;19;7;20;0;0;8;0;
12.02.2017;7;0;17;26;35;39;24;0;34;38;30;0;24;0;16;27;1;22;0;26;0;0;0;19;11;0;24;9;23;0;0;5;0;
12.02.2017;8;0;32;44;41;52;33;0;51;45;29;0;34;0;14;17;26;27;0;24;0;0;0;26;11;0;32;7;35;0;0;4;0;
12.02.2017;9;0;16;21;38;38;27;0;34;32;24;0;19;0;27;21;28;27;0;34;0;1;0;31;20;0;21;8;27;0;0;11;0;
12.02.2017;10;1;15;26;37;38;26;0;32;40;28;0;19;0;24;23;20;16;0;14;0;1;0;29;18;0;28;17;27;0;0;17;1;
12.02.2017;11;0;13;30;39;38;27;0;33;43;25;0;23;0;16;15;34;15;0;18;0;2;0;23;16;0;23;18;28;0;0;13;0;
12.02.2017;12;0;25;32;28;41;25;0;40;33;26;0;22;0;23;29;29;14;0;12;0;0;0;33;17;0;16;15;24;0;0;20;0;
12.02.2017;13;0;18;37;43;48;39;0;46;31;26;0;27;0;26;23;28;24;0;25;0;0;3;31;16;0;18;21;20;0;0;26;0;
12.02.2017;14;0;23;28;41;46;42;29;34;35;22;0;26;0;17;13;23;20;0;31;0;0;26;26;23;0;31;23;16;0;0;18;1;
12.02.2017;15;0;24;37;35;55;32;30;28;45;26;0;23;0;14;16;21;17;0;27;0;0;36;33;34;0;27;31;19;0;0;17;1;
12.02.2017;16;0;22;31;50;61;47;24;24;40;20;21;34;0;25;28;28;36;0;32;0;0;25;21;26;0;30;22;27;0;0;23;0;
12.02.2017;17;0;18;42;34;45;32;28;22;31;30;41;35;0;16;29;19;37;0;42;0;0;5;32;29;0;36;23;20;0;0;24;2;
12.02.2017;18;0;19;35;40;47;39;22;20;30;24;35;27;0;10;30;0;35;0;33;0;3;0;27;17;0;31;25;11;0;0;18;1;
12.02.2017;19;1;20;36;53;57;46;26;26;23;23;40;24;0;11;35;0;34;0;28;0;1;0;33;11;0;29;22;9;0;0;18;1;
12.02.2017;20;0;22;39;53;49;41;29;31;35;23;41;27;0;5;37;0;38;0;42;7;0;0;23;16;0;27;21;28;0;0;24;1;
12.02.2017;21;0;29;18;37;10;42;4;38;4;21;10;23;0;0;23;0;28;0;35;2;1;0;22;11;0;24;0;26;0;0;17;0;
12.02.2017;22;0;31;26;22;0;35;0;45;0;31;0;40;0;0;22;0;34;0;30;0;0;0;10;9;0;19;0;30;0;0;4;0;
12.02.2017;23;0;10;9;22;0;30;0;19;0;13;0;22;0;0;24;0;26;0;33;0;0;0;7;14;0;19;0;20;0;0;7;0;
12.02.2017;24;0;5;6;9;0;19;0;9;0;13;0;11;0;0;12;0;13;0;18;0;0;0;9;12;0;14;0;12;0;0;9;0;
13.02.2017;1;0;4;8;8;0;23;0;7;0;10;0;10;0;0;15;0;9;0;14;0;0;0;19;3;0;15;0;16;0;0;7;0;
13.02.2017;2;0;4;2;21;0;27;0;11;0;10;0;12;0;0;16;0;7;0;18;0;0;0;29;11;0;20;0;16;0;0;9;0;
13.02.2017;3;0;3;6;27;0;27;0;16;0;23;0;22;0;0;26;0;28;0;41;0;1;0;20;24;0;15;0;24;0;0;19;0;
13.02.2017;4;0;8;16;29;2;23;0;15;0;31;0;32;0;0;29;0;42;8;43;8;0;0;16;24;0;14;0;21;0;0;16;0;
13.02.2017;5;0;22;33;40;26;31;23;34;29;32;29;31;0;0;24;0;32;15;33;19;0;0;13;11;0;22;5;18;0;0;18;0;
13.02.2017;6;0;31;35;39;44;33;24;28;29;22;34;29;0;8;25;0;22;4;18;11;1;0;19;9;0;23;11;19;0;0;10;0;
13.02.2017;7;0;23;37;44;46;42;26;38;43;28;28;17;0;13;26;0;24;0;25;0;0;0;25;13;0;27;11;28;0;0;3;0;
13.02.2017;8;0;29;40;42;62;37;21;33;43;28;39;24;0;34;20;20;36;0;35;0;0;0;26;14;0;40;12;37;0;0;3;0;
13.02.2017;9;0;11;26;40;42;33;3;31;32;22;3;25;0;34;18;28;24;0;32;0;1;0;33;24;0;26;15;28;0;0;18;2;
13.02.2017;10;0;15;27;35;32;24;0;28;28;22;0;27;0;28;14;29;20;0;24;0;1;0;22;15;0;24;14;21;0;0;18;1;
13.02.2017;11;0;15;28;35;40;27;0;30;32;25;0;27;0;31;20;21;18;0;19;0;2;0;22;15;0;25;16;22;0;0;17;1;
13.02.2017;12;0;18;33;23;24;16;21;25;31;23;0;25;0;23;22;19;20;0;26;0;2;0;22;16;0;21;18;21;0;0;20;2;
13.02.2017;13;0;27;23;42;53;39;37;27;29;23;0;31;0;31;24;19;22;0;27;0;1;5;30;13;0;31;18;24;7;0;20;1;
13.02.2017;14;2;21;25;35;43;37;30;22;25;21;0;27;0;20;16;14;20;0;25;0;2;14;26;12;0;21;19;17;24;0;14;0;
13.02.2017;15;0;24;34;36;58;41;35;27;44;32;7;17;0;28;20;16;13;0;20;0;1;24;37;28;0;28;25;20;20;0;16;1;
13.02.2017;16;0;27;27;39;45;38;33;30;33;19;33;22;0;41;31;25;32;0;35;0;0;18;23;22;0;29;22;25;0;0;18;0;
13.02.2017;17;0;25;31;45;52;45;37;27;40;28;40;22;0;25;34;8;38;0;35;0;0;13;24;14;0;22;21;15;0;0;21;0;
13.02.2017;18;0;25;38;44;42;42;23;25;29;29;33;29;0;9;24;0;39;0;36;0;0;0;29;8;0;19;15;10;0;0;9;0;
13.02.2017;19;1;20;31;54;45;46;15;23;22;20;36;30;0;12;35;0;33;0;29;0;2;0;33;6;0;24;19;5;0;0;15;0;
13.02.2017;20;1;18;36;41;51;34;24;24;36;21;43;30;0;4;28;0;30;0;36;13;0;0;30;9;0;23;17;24;0;0;18;0;
13.02.2017;21;0;22;21;38;8;37;6;28;6;24;11;17;0;0;12;0;25;0;27;0;1;0;17;9;0;13;0;22;0;0;10;0;
13.02.2017;22;0;26;23;25;0;37;0;33;0;28;0;31;0;0;17;0;25;0;23;0;0;0;19;10;0;16;0;26;0;0;6;0;
13.02.2017;23;0;13;10;25;0;39;0;21;0;16;0;22;0;0;16;0;25;0;36;0;0;0;21;11;0;17;0;16;0;0;6;0;
13.02.2017;24;0;5;3;16;0;12;0;11;0;6;0;8;0;0;9;0;9;0;22;0;0;0;5;7;0;9;0;9;0;0;7;0;
14.02.2017;1;0;3;3;10;0;15;0;8;0;4;0;7;0;0;12;0;8;0;16;0;0;0;15;5;0;8;0;10;0;0;4;0;
14.02.2017;2;0;1;1;12;0;17;0;10;0;9;0;4;0;0;13;0;6;0;21;0;0;0;25;12;0;18;0;16;0;0;11;0;
14.02.2017;3;0;2;2;22;0;22;0;8;0;11;0;12;0;0;12;0;18;0;29;0;1;0;27;8;0;17;0;12;0;0;9;0;
14.02.2017;4;0;7;17;29;0;26;0;14;0;20;0;22;0;0;18;0;27;0;35;0;0;0;19;15;0;18;1;17;0;0;13;0;
14.02.2017;5;0;22;21;30;23;20;23;28;29;25;21;7;0;12;18;0;43;0;46;0;0;0;10;8;0;19;8;16;0;0;16;0;
14.02.2017;6;0;26;31;41;41;37;26;28;34;30;28;11;0;13;23;0;22;0;18;0;0;0;10;5;0;29;6;12;0;0;17;0;
14.02.2017;7;0;19;39;35;38;32;22;28;35;31;6;23;0;13;24;0;19;0;25;0;1;0;16;11;0;25;8;26;0;0;6;0;
14.02.2017;8;0;31;36;33;49;30;0;44;43;29;0;31;0;17;27;17;25;0;28;0;0;0;19;12;0;29;13;40;0;0;4;0;
14.02.2017;9;0;19;31;42;46;35;0;35;31;22;0;30;0;25;15;38;28;0;34;0;0;0;22;11;0;29;16;31;0;0;11;0;
14.02.2017;10;0;18;22;44;45;46;0;24;22;15;0;24;0;17;10;26;18;0;21;0;2;0;26;14;0;26;12;17;0;0;14;0;
14.02.2017;11;0;10;29;25;34;25;0;25;31;28;0;20;0;20;16;28;17;0;22;0;3;0;20;12;0;32;15;24;0;0;13;0;
14.02.2017;12;0;19;27;31;35;34;36;31;34;20;0;22;0;22;17;33;16;0;18;0;0;2;33;13;0;23;15;27;4;0;18;0;
14.02.2017;13;0;23;27;40;43;36;34;29;31;27;0;28;0;27;21;37;18;0;27;0;1;9;29;13;8;23;22;21;20;0;21;0;
14.02.2017;14;0;23;29;30;53;34;32;30;31;26;0;24;0;13;17;19;14;0;23;0;0;17;36;10;6;24;24;16;24;0;17;1;
14.02.2017;15;0;25;27;44;53;46;36;35;46;31;10;23;0;12;8;27;19;0;27;0;1;21;39;20;13;16;26;19;20;0;9;2;
14.02.2017;16;0;15;27;41;35;42;18;18;38;23;37;17;0;21;16;39;31;0;34;0;0;13;23;19;12;21;27;21;11;0;12;1;
14.02.2017;17;0;25;37;42;43;44;28;30;51;34;54;26;0;17;27;16;48;0;45;0;0;16;13;17;0;20;30;17;9;0;16;0;
14.02.2017;18;0;23;39;49;49;49;24;24;33;31;32;18;0;12;35;0;26;0;35;0;2;13;10;15;0;23;22;11;0;0;14;0;
14.02.2017;19;0;18;31;42;55;47;12;18;23;21;44;23;0;10;27;0;35;0;32;0;1;9;23;6;0;23;21;5;0;0;13;0;
14.02.2017;20;2;18;28;47;33;44;20;20;20;15;38;34;0;11;28;0;38;0;35;0;0;0;29;11;0;11;18;12;0;0;18;0;
14.02.2017;21;0;25;25;43;6;42;5;27;5;24;17;37;0;0;24;0;29;0;26;0;1;0;12;12;0;14;0;27;0;0;16;0;
14.02.2017;22;0;20;19;41;0;52;0;31;0;25;0;40;0;0;20;0;37;0;42;0;0;0;14;9;0;20;0;27;0;0;7;0;
14.02.2017;23;0;7;11;24;0;41;0;20;0;9;0;28;0;0;26;0;25;0;35;0;0;0;16;16;0;20;0;18;0;0;14;0;
14.02.2017;24;0;3;4;12;0;25;0;8;0;5;0;7;0;0;11;0;9;0;16;0;0;0;12;13;0;13;0;11;0;0;8;0;
15.02.2017;1;0;2;4;9;0;17;0;4;0;5;0;7;0;0;10;0;4;0;9;0;0;0;10;9;0;10;0;13;0;0;9;0;
15.02.2017;2;0;2;5;13;0;21;0;8;0;12;0;7;0;0;11;0;6;0;16;0;0;0;18;8;0;16;0;17;0;0;3;0;
15.02.2017;3;0;4;6;18;0;23;0;8;0;12;0;15;0;0;16;0;19;0;29;0;1;0;23;12;0;19;0;15;0;0;12;0;
15.02.2017;4;0;9;16;35;3;38;0;16;3;27;2;29;0;0;19;0;33;6;36;6;0;0;16;15;0;14;0;19;0;0;10;0;
15.02.2017;5;0;20;32;35;26;30;16;26;43;40;31;25;0;6;19;0;30;15;31;17;0;0;11;11;0;18;7;18;0;0;11;0;
15.02.2017;6;0;23;30;44;42;38;17;27;29;25;39;27;0;12;27;0;21;7;26;8;1;0;16;4;0;31;8;24;0;0;9;0;
15.02.2017;7;1;25;34;50;56;50;22;33;39;32;33;20;0;14;26;0;23;0;32;0;0;0;23;12;0;35;11;24;0;0;4;0;
15.02.2017;8;1;38;36;43;53;42;25;43;42;35;35;25;0;22;21;25;32;0;28;0;0;5;31;16;0;30;9;38;10;0;7;4;
15.02.2017;9;0;16;27;30;39;31;22;25;22;24;9;18;0;21;18;32;26;0;32;0;1;2;28;24;0;15;12;19;16;0;10;4;
15.02.2017;10;0;19;25;41;58;46;23;24;40;27;0;32;0;26;21;38;19;0;22;0;1;10;26;23;12;18;21;22;15;0;27;6;
15.02.2017;11;0;11;30;41;38;34;20;17;45;28;0;29;0;19;26;22;16;0;20;0;1;14;29;13;13;11;20;33;13;0;20;4;
15.02.2017;12;0;24;32;32;43;32;40;34;35;26;0;26;0;23;25;23;19;0;18;0;0;13;27;18;9;18;21;26;14;0;19;0;
15.02.2017;13;0;26;31;34;56;38;30;26;35;29;0;28;0;26;24;24;23;0;30;0;1;11;30;17;4;17;22;23;15;0;24;3;
15.02.2017;14;0;25;32;42;47;42;31;30;37;25;0;27;0;18;24;20;18;0;33;0;0;14;29;19;4;27;23;14;27;0;17;2;
15.02.2017;15;1;34;37;40;53;44;40;35;51;29;8;31;0;19;20;22;19;0;24;0;2;29;33;27;10;24;31;27;16;0;16;0;
15.02.2017;16;0;25;33;47;55;46;19;27;36;19;41;25;0;21;38;23;33;0;33;0;1;18;18;13;9;27;22;23;15;0;13;1;
15.02.2017;17;0;26;40;42;47;42;20;28;31;31;40;26;0;13;38;0;43;0;38;0;0;13;24;14;0;24;21;14;0;0;22;1;
15.02.2017;18;0;21;32;48;51;40;27;30;32;19;34;26;0;9;31;0;33;0;37;0;3;1;28;11;0;28;23;11;0;0;16;1;
15.02.2017;19;0;18;33;48;52;40;19;22;24;22;37;25;0;13;34;0;41;0;42;0;1;0;42;11;0;22;30;8;0;0;16;1;
15.02.2017;20;0;16;37;48;48;50;33;25;42;23;48;28;0;2;31;0;51;0;47;0;0;0;29;14;0;20;24;19;0;0;16;0;
15.02.2017;21;0;26;26;42;33;49;17;34;22;21;19;26;0;0;31;0;28;0;29;0;1;0;25;14;0;18;0;27;0;0;12;0;
15.02.2017;22;0;23;18;17;0;26;0;27;0;18;0;35;0;0;21;0;32;0;37;0;0;0;11;9;0;13;0;22;0;0;10;0;
15.02.2017;23;0;8;11;22;0;33;0;19;0;13;0;28;0;0;23;0;27;0;29;0;0;0;8;4;0;14;0;22;0;0;12;0;
15.02.2017;24;0;8;4;7;0;18;0;10;0;7;0;8;0;0;9;0;10;0;14;0;0;0;9;5;0;11;0;10;0;0;3;0;
16.02.2017;1;0;2;5;9;0;14;0;4;0;4;0;4;0;0;7;0;3;0;7;0;0;0;17;8;0;11;0;9;0;0;7;0;
16.02.2017;2;0;2;2;19;0;19;0;10;0;5;0;6;0;0;13;0;4;0;11;0;0;0;17;9;0;10;0;15;0;0;11;0;
16.02.2017;3;0;2;5;21;0;27;0;15;0;10;0;20;0;0;18;0;22;0;36;0;1;0;14;15;0;15;0;14;0;0;15;0;
16.02.2017;4;0;10;18;32;10;33;4;20;4;22;9;23;0;0;25;0;37;1;39;2;0;0;16;19;0;15;0;21;0;0;13;0;
16.02.2017;5;0;20;32;38;23;32;28;29;30;30;30;18;0;4;25;0;32;16;32;17;0;0;6;8;0;15;3;25;0;0;13;0;
16.02.2017;6;0;32;27;40;41;33;23;33;24;21;29;20;0;12;18;0;21;0;22;6;1;0;18;8;0;23;7;18;3;0;11;0;
16.02.2017;7;0;20;32;45;50;39;28;26;41;27;23;17;0;15;24;0;21;0;30;0;0;0;19;20;0;18;14;34;16;0;6;0;
16.02.2017;8;0;39;40;43;64;48;25;40;40;28;34;24;0;25;15;30;30;0;29;0;0;0;32;13;0;18;13;41;19;0;6;3;
16.02.2017;9;1;25;20;33;44;35;28;29;28;23;14;13;0;22;17;42;27;0;35;0;2;5;32;9;9;15;12;28;16;0;16;3;
16.02.2017;10;0;16;31;37;36;32;26;21;34;27;0;23;0;27;16;33;21;0;26;0;2;9;21;12;9;13;20;19;12;0;22;1;
16.02.2017;11;0;14;26;37;41;33;22;17;35;24;0;29;0;25;17;22;19;0;18;0;1;15;25;13;3;13;17;27;15;0;14;3;
16.02.2017;12;1;19;29;35;51;33;37;32;34;20;0;31;0;21;28;27;27;0;23;0;1;16;29;22;3;23;16;25;14;0;19;4;
16.02.2017;13;1;26;27;35;46;32;28;29;34;23;0;26;0;26;24;31;25;0;33;0;1;12;33;17;0;26;21;18;19;0;27;2;
16.02.2017;14;0;22;24;40;49;43;35;29;35;23;0;23;0;14;16;19;18;0;34;0;0;21;26;21;0;24;27;17;21;0;21;3;
16.02.2017;15;0;31;33;41;48;45;39;38;47;31;0;26;0;15;22;17;23;0;27;0;0;28;31;36;0;28;26;22;6;0;16;1;
16.02.2017;16;0;22;25;47;48;49;21;29;35;27;0;40;0;29;35;26;34;0;34;0;0;15;19;26;0;22;17;23;0;0;19;2;
16.02.2017;17;1;25;42;38;46;36;25;31;34;33;0;41;0;20;35;8;31;0;35;0;0;0;26;20;0;28;22;21;0;0;22;2;
16.02.2017;18;2;23;35;45;50;40;19;27;22;30;0;42;0;11;29;0;34;0;35;0;3;0;31;17;0;29;20;7;0;0;11;3;
16.02.2017;19;0;17;36;47;58;44;18;22;20;27;38;38;0;12;26;0;39;0;39;0;0;0;37;5;0;26;20;7;0;0;13;0;
16.02.2017;20;1;24;31;48;48;47;33;33;33;28;50;18;0;4;36;0;38;0;40;0;0;0;20;10;0;19;8;30;0;0;20;0;
16.02.2017;21;0;30;28;40;13;39;9;43;10;31;12;29;0;0;25;0;27;0;31;0;1;0;17;14;0;20;0;28;0;0;13;0;
16.02.2017;22;0;29;16;22;0;41;0;39;0;22;0;37;0;0;24;0;31;0;34;0;0;0;13;11;0;20;0;26;0;0;9;0;
16.02.2017;23;0;20;15;19;0;36;0;27;0;18;0;30;0;0;21;0;28;0;31;0;0;0;9;12;0;13;0;19;0;0;8;0;
16.02.2017;24;0;1;6;8;0;15;0;4;0;6;0;7;0;0;12;0;8;0;13;0;0;0;10;6;0;15;0;7;0;0;3;0;
17.02.2017;1;0;0;6;10;0;15;0;7;0;5;0;5;0;0;13;0;5;0;7;0;0;0;17;5;0;8;0;6;0;0;7;0;
17.02.2017;2;0;0;1;20;0;26;0;10;0;7;0;6;0;0;16;0;7;0;16;0;0;0;20;8;0;12;0;15;0;0;9;0;
17.02.2017;3;0;4;9;17;0;19;0;10;0;11;0;22;0;0;24;0;28;0;40;0;1;0;15;17;0;16;0;14;0;0;14;0;
17.02.2017;4;0;12;13;31;6;33;4;19;4;17;11;34;0;5;27;0;33;7;39;13;0;0;27;20;0;19;8;15;0;0;18;0;
17.02.2017;5;0;23;28;36;22;31;23;30;33;22;45;31;0;11;20;0;24;15;36;30;0;0;14;12;0;18;17;11;0;0;14;0;
17.02.2017;6;0;20;34;42;42;33;13;24;26;23;28;24;0;15;23;0;13;2;19;9;1;0;19;7;0;23;11;16;0;0;8;1;
17.02.2017;7;0;21;32;42;43;35;5;38;34;30;26;13;0;17;23;0;25;0;29;0;0;0;25;14;0;25;15;24;0;0;10;1;
17.02.2017;8;1;31;43;37;63;43;0;42;45;37;46;26;0;15;29;14;38;0;29;0;0;0;31;11;0;43;11;33;0;0;7;0;
17.02.2017;9;0;19;26;33;38;26;0;39;29;26;22;11;0;28;22;35;29;0;34;0;1;0;29;21;0;27;13;27;0;0;17;0;
17.02.2017;10;1;17;25;44;54;40;0;33;30;19;12;26;0;33;25;30;17;0;23;0;0;7;40;24;0;33;19;21;0;0;28;1;
17.02.2017;11;0;18;31;36;46;30;5;26;33;24;0;27;0;19;28;21;15;0;19;0;2;27;38;19;9;30;18;26;0;0;17;2;
17.02.2017;12;0;23;31;32;47;30;23;29;29;25;0;31;0;30;27;29;19;0;20;0;0;22;19;15;18;23;17;25;7;0;28;2;
17.02.2017;13;0;24;36;40;53;34;33;29;43;28;0;32;0;23;19;31;30;0;36;0;1;14;28;14;5;20;25;24;15;0;23;2;
17.02.2017;14;0;14;28;41;56;42;35;27;37;26;0;24;0;16;16;16;14;0;21;0;0;22;30;18;10;20;21;23;17;0;18;1;
17.02.2017;15;0;31;43;45;60;39;41;40;43;43;0;27;0;22;19;24;18;0;36;0;1;26;37;14;17;25;22;28;22;0;24;1;
17.02.2017;16;0;35;37;52;54;46;40;40;33;28;23;26;0;22;29;27;33;0;44;0;0;22;26;19;8;24;23;23;21;0;20;4;
17.02.2017;17;0;34;45;44;49;36;36;36;41;38;36;26;0;13;32;9;37;0;35;0;0;15;22;19;6;31;27;23;5;0;18;1;
17.02.2017;18;0;23;35;46;56;36;31;34;37;28;31;18;0;17;45;0;37;0;36;0;1;14;21;17;0;34;18;17;0;0;19;0;
17.02.2017;19;1;14;41;54;57;46;20;22;33;36;35;17;0;17;49;0;32;0;37;0;1;11;29;13;0;28;22;18;0;0;18;0;
17.02.2017;20;1;23;35;50;53;47;32;29;34;29;47;18;0;0;30;0;37;0;48;12;0;16;27;14;0;25;1;34;0;0;15;0;
17.02.2017;21;0;33;29;43;21;42;6;38;11;26;15;29;0;0;29;0;30;0;40;0;1;0;22;13;0;22;0;32;0;0;12;0;
17.02.2017;22;0;28;23;18;0;31;0;36;0;26;0;32;0;0;28;0;33;0;37;0;0;0;14;10;0;20;0;28;0;0;10;0;
17.02.2017;23;0;15;13;20;0;31;0;19;0;18;0;25;0;0;21;0;25;0;32;0;0;0;11;12;0;22;0;21;0;0;7;0;
17.02.2017;24;0;7;10;11;0;22;0;14;0;16;0;11;0;0;14;0;14;0;24;0;0;0;11;10;0;15;0;19;0;0;5;0;
18.02.2017;1;0;6;6;12;0;17;0;8;0;5;0;6;0;0;12;0;4;0;8;0;0;0;14;8;0;7;0;5;0;0;9;0;
18.02.2017;2;0;0;3;20;0;28;0;10;0;13;0;7;0;0;25;0;4;0;17;0;0;0;22;13;0;18;0;21;0;0;16;0;
18.02.2017;3;0;6;9;25;0;27;0;21;0;22;0;21;0;0;25;0;26;0;34;0;1;0;18;29;0;18;0;22;0;0;18;0;
18.02.2017;4;0;6;17;25;5;24;3;20;4;29;5;23;0;0;29;0;29;0;45;9;0;0;22;29;0;15;0;24;0;0;16;0;
18.02.2017;5;0;19;32;35;21;29;19;29;28;31;31;21;0;16;27;0;31;0;43;17;0;0;10;20;0;14;4;18;0;0;19;0;
18.02.2017;6;0;23;29;40;35;23;23;36;27;24;23;19;0;19;22;0;30;0;24;3;1;0;15;15;0;25;3;18;0;0;14;0;
18.02.2017;7;0;24;35;46;55;36;29;34;43;29;12;21;0;19;33;0;24;0;27;0;0;0;28;17;0;32;8;27;0;0;9;0;
18.02.2017;8;0;31;38;41;42;24;6;48;41;33;0;38;0;25;38;0;33;0;38;0;0;0;33;19;0;26;9;34;0;0;4;0;
18.02.2017;9;0;25;30;41;45;28;0;44;29;28;0;23;0;25;47;0;23;0;30;0;1;0;27;22;0;30;9;31;0;0;11;0;
18.02.2017;10;0;22;36;37;43;24;0;38;41;31;0;23;0;26;37;33;20;0;23;0;1;0;27;16;8;26;13;27;1;0;17;0;
18.02.2017;11;0;11;32;40;47;30;0;29;38;28;0;26;0;16;30;26;18;0;17;0;1;12;31;22;9;28;20;26;10;0;15;0;
18.02.2017;12;0;18;30;28;43;19;0;48;49;25;0;28;0;25;40;26;21;0;23;0;2;14;17;11;16;23;22;28;5;0;22;0;
18.02.2017;13;0;27;30;43;56;42;0;52;32;24;0;37;0;26;31;26;24;0;33;0;1;6;27;16;9;16;17;23;12;0;24;0;
18.02.2017;14;0;18;29;38;36;33;0;34;30;25;0;17;0;16;27;16;14;0;27;0;0;12;28;11;7;19;26;12;17;0;14;0;
18.02.2017;15;0;26;34;39;47;37;0;50;47;29;0;21;0;20;17;26;9;0;23;0;0;19;26;18;16;19;26;23;18;0;19;0;
18.02.2017;16;0;22;25;45;51;42;0;42;40;21;17;27;0;29;26;33;30;0;35;0;2;21;16;22;13;23;22;27;7;0;22;1;
18.02.2017;17;0;28;39;42;41;40;0;48;37;35;29;22;0;16;30;11;30;0;33;0;1;4;32;20;0;19;24;15;0;0;14;1;
18.02.2017;18;0;14;31;41;40;35;0;27;18;19;32;25;0;12;35;0;29;0;35;0;1;0;31;18;0;21;18;10;0;0;13;0;
18.02.2017;19;0;17;34;48;53;43;0;33;23;26;26;19;0;12;37;0;22;0;30;0;0;0;32;12;0;23;25;8;0;0;20;2;
18.02.2017;20;0;18;30;49;52;44;0;34;23;13;41;27;0;2;27;0;39;0;39;0;0;0;31;9;0;26;8;29;0;0;19;1;
18.02.2017;21;0;25;25;47;16;40;0;36;13;16;12;31;0;0;21;0;36;0;40;0;1;0;15;11;0;19;0;26;0;0;13;1;
18.02.2017;22;0;27;19;29;0;37;0;42;0;26;0;36;0;0;24;0;31;0;38;0;0;0;16;14;0;17;0;29;0;0;8;0;
18.02.2017;23;0;11;12;20;0;28;0;24;0;15;0;24;0;0;23;0;23;0;26;0;0;0;13;10;0;16;0;26;0;0;6;0;
18.02.2017;24;0;3;7;9;0;17;0;10;0;7;0;10;0;0;10;0;11;0;16;0;0;0;12;8;0;13;0;5;0;0;1;0;
19.02.2017;1;35;0;1;12;9;0;18;0;5;0;7;0;7;0;0;8;0;6;0;12;0;0;0;20;5;0;10;0;9;0;0;2;0
19.02.2017;2;80;0;5;3;20;0;25;0;12;0;13;0;7;0;0;21;0;4;0;13;0;0;0;19;10;0;11;0;23;0;0;9;0
19.02.2017;3;107;0;4;5;19;0;16;0;19;0;14;0;8;0;0;24;0;13;0;30;0;1;0;18;26;0;17;0;19;0;0;25;0
19.02.2017;4;137;0;7;11;28;0;26;0;16;0;22;0;23;0;0;30;0;27;9;33;4;0;0;19;25;0;18;0;22;0;0;18;0
19.02.2017;5;158;0;20;23;47;24;27;20;30;33;24;19;18;0;3;28;0;31;14;30;13;0;0;13;13;0;24;7;25;0;0;15;0
19.02.2017;6;141;0;24;23;41;32;32;18;25;29;20;30;18;0;10;24;0;25;2;25;10;1;0;20;8;0;26;9;21;0;0;6;0
19.02.2017;7;165;0;19;32;44;43;41;23;26;39;24;17;20;0;15;27;0;19;0;26;0;0;0;27;12;0;30;10;22;0;0;7;0
19.02.2017;8;195;0;34;37;39;60;39;0;51;47;28;0;35;0;25;50;0;30;0;32;0;0;0;31;15;0;37;12;42;0;0;5;0
19.02.2017;9;183;0;20;26;38;37;35;0;36;25;15;0;17;0;19;27;34;21;0;33;0;1;0;23;20;0;25;9;21;0;0;12;0
19.02.2017;10;173;0;18;26;39;35;29;0;35;30;24;0;22;0;30;16;43;14;0;18;0;1;2;26;28;8;22;13;21;0;0;23;0
19.02.2017;11;178;0;13;29;42;38;32;0;27;35;26;0;18;0;27;12;30;14;0;19;0;1;17;31;21;11;23;20;21;0;0;24;0
19.02.2017;12;182;2;18;29;30;41;28;21;23;41;28;0;26;0;27;23;36;17;0;14;0;0;18;23;6;10;18;21;33;0;0;16;1
19.02.2017;13;192;0;21;32;41;51;36;29;25;26;25;0;29;0;30;21;32;27;0;26;0;0;14;23;11;1;26;20;16;0;0;25;0
19.02.2017;14;203;1;26;36;39;45;29;36;32;37;29;0;21;0;20;18;17;16;0;24;0;0;18;27;25;0;29;25;17;0;0;24;0
19.02.2017;15;226;0;27;39;39;56;38;47;34;49;30;0;27;0;21;21;30;19;0;29;0;0;30;24;35;0;29;33;27;0;0;18;0
19.02.2017;16;234;1;29;25;40;51;41;35;32;28;18;9;32;0;28;30;33;34;0;44;0;0;24;20;29;0;36;17;20;0;0;22;0
19.02.2017;17;217;0;22;39;45;49;43;42;24;35;32;31;21;0;15;18;23;35;0;41;0;0;10;29;22;0;27;22;17;0;0;22;0
19.02.2017;18;210;0;21;40;42;56;44;25;22;38;33;30;24;0;12;25;11;32;0;38;0;2;0;36;10;0;29;20;7;0;0;12;0
19.02.2017;19;219;2;25;43;51;60;51;26;25;31;31;41;26;0;15;30;0;38;0;38;6;0;0;45;7;0;24;26;8;0;0;18;0
19.02.2017;20;204;0;26;39;51;57;43;37;33;22;18;44;24;0;4;27;0;40;0;44;11;0;0;35;12;0;22;6;22;0;0;22;0
19.02.2017;21;176;0;24;27;54;15;47;6;39;5;24;22;26;0;0;22;0;34;0;39;0;0;0;29;11;0;26;0;22;0;0;17;0
19.02.2017;22;156;0;33;24;31;0;45;0;47;0;33;0;38;0;0;27;0;45;0;53;0;1;0;23;9;0;27;0;34;0;0;7;0
19.02.2017;23;108;0;7;6;24;0;32;0;17;0;10;0;26;0;0;26;0;26;0;38;0;0;0;14;8;0;15;0;20;0;0;7;0
19.02.2017;24;64;0;3;8;8;0;21;0;13;0;6;0;17;0;0;10;0;16;0;20;0;0;0;16;11;0;10;0;8;0;0;6;0
20.02.2017;1;30;0;4;6;12;0;17;0;7;0;9;0;8;0;0;11;0;7;0;10;0;0;0;14;5;0;6;0;14;0;0;9;0
20.02.2017;2;71;0;4;3;18;0;21;0;10;0;10;0;6;0;0;18;0;4;0;9;0;0;0;19;14;0;8;0;16;0;0;12;0
20.02.2017;3;105;0;1;5;25;0;22;0;9;0;6;0;17;0;0;22;0;17;0;36;0;1;0;11;18;0;17;0;13;0;0;17;0
20.02.2017;4;161;0;7;15;32;0;33;0;17;0;22;0;26;0;0;34;0;38;0;51;5;0;0;27;20;0;23;2;22;0;0;21;0
20.02.2017;5;178;0;18;33;38;23;27;26;31;40;35;19;13;0;16;26;0;31;0;51;21;0;0;20;18;0;21;8;15;0;0;29;0
20.02.2017;6;164;0;30;38;41;47;40;29;32;25;30;40;24;0;11;22;0;24;0;28;15;1;0;19;12;0;29;8;21;0;0;11;0
20.02.2017;7;169;0;25;37;41;40;40;26;26;42;30;33;27;0;15;20;0;22;0;23;0;0;0;17;15;0;30;11;24;0;0;3;1
20.02.2017;8;195;1;32;40;49;64;46;30;47;43;28;32;25;0;24;38;15;30;0;34;0;0;0;29;12;0;37;6;42;0;0;4;0
20.02.2017;9;204;0;19;28;40;53;32;0;42;33;21;0;24;0;24;17;44;24;0;32;0;1;0;40;19;0;37;9;35;0;0;12;0
20.02.2017;10;177;1;19;22;32;36;35;0;31;29;22;0;28;0;34;21;39;15;0;20;0;1;0;31;24;0;24;17;21;0;0;27;0
20.02.2017;11;164;0;13;22;40;40;39;0;26;27;22;0;26;0;23;23;22;18;0;18;0;2;0;36;22;0;25;18;20;0;0;24;2
20.02.2017;12;177;1;24;33;36;45;31;29;33;40;30;0;26;0;21;19;27;15;0;17;0;1;0;29;14;0;17;18;24;0;0;19;0
20.02.2017;13;189;0;24;31;39;52;40;31;26;35;29;0;28;0;23;18;31;21;0;27;0;1;9;23;12;2;22;21;19;16;0;23;0
20.02.2017;14;196;0;22;33;39;46;41;34;28;37;28;0;20;0;13;17;11;18;0;29;0;0;21;27;14;7;16;26;13;15;0;13;0
20.02.2017;15;216;0;28;33;42;59;46;39;40;34;26;0;32;0;20;16;18;27;0;34;0;2;25;31;12;17;22;16;23;24;0;16;0
20.02.2017;16;215;0;30;24;37;49;43;29;30;30;22;30;21;0;30;34;26;28;0;41;6;0;18;13;13;9;17;17;20;8;0;18;0
20.02.2017;17;202;0;25;40;42;62;48;29;31;40;33;39;15;0;15;20;10;26;0;37;8;0;17;19;15;0;30;26;10;0;0;18;0
20.02.2017;18;183;0;19;37;47;52;49;18;18;21;21;38;24;0;8;18;11;30;0;34;0;0;11;20;8;0;24;16;6;0;0;9;0
20.02.2017;19;195;1;20;38;54;57;53;22;23;20;25;43;32;0;15;31;1;38;0;39;0;2;13;30;9;0;26;19;7;0;0;20;1
20.02.2017;20;183;1;21;32;56;46;56;24;23;24;13;43;41;0;6;26;0;36;0;39;0;0;0;35;10;0;26;18;21;0;0;17;1
20.02.2017;21;148;0;18;23;40;0;47;0;29;0;27;1;35;0;0;22;0;29;0;34;0;1;0;22;12;0;23;0;22;0;0;12;0
20.02.2017;22;129;1;33;22;18;0;27;0;41;0;25;0;37;0;0;19;0;36;0;40;0;0;0;18;5;0;19;0;23;0;0;5;0
20.02.2017;23;89;0;8;9;21;0;30;0;18;0;11;0;25;0;0;18;0;25;0;33;0;0;0;9;5;0;13;0;17;0;0;5;0
20.02.2017;24;43;0;6;4;4;0;14;0;9;0;6;0;9;0;0;5;0;11;0;12;0;0;0;7;2;0;11;0;9;0;0;3;0
21.02.2017;1;0;2;3;13;0;13;0;5;0;5;0;3;0;0;9;0;5;0;6;0;0;0;14;8;0;8;0;12;0;0;4;0;
21.02.2017;2;0;2;5;17;0;17;0;12;0;9;0;7;0;0;18;0;2;0;4;0;0;0;15;13;0;9;0;20;0;0;12;0;
21.02.2017;3;0;3;6;17;0;14;0;15;0;14;0;9;0;0;21;0;13;0;23;0;1;0;10;17;0;13;0;19;0;0;18;0;
21.02.2017;4;1;4;14;24;3;19;1;9;3;19;2;23;0;0;22;0;23;10;31;9;0;0;19;22;0;14;0;22;0;0;14;0;
21.02.2017;5;0;13;28;36;26;32;14;16;27;18;37;36;0;11;23;0;24;18;28;24;0;0;13;11;0;19;11;16;0;0;15;0;
21.02.2017;6;0;30;33;47;43;45;31;38;31;23;40;30;0;12;19;0;18;7;20;15;1;0;17;6;0;29;7;22;0;0;11;0;
21.02.2017;7;0;30;33;42;49;45;23;32;39;25;7;25;0;20;29;3;17;0;21;0;0;0;20;10;0;29;12;27;0;0;8;0;
21.02.2017;8;0;28;39;38;64;50;20;36;41;38;0;38;0;20;12;29;18;0;24;0;0;0;26;8;0;34;10;39;11;0;6;0;
21.02.2017;9;0;22;22;39;48;41;29;36;37;27;0;34;0;24;12;46;25;0;26;0;2;7;29;14;0;15;12;35;13;0;15;0;
21.02.2017;10;0;20;26;31;37;32;18;22;27;18;0;38;0;24;16;35;25;0;21;0;3;13;20;22;14;17;16;22;12;0;24;1;
21.02.2017;11;0;17;29;37;42;38;22;21;28;23;0;28;0;20;21;29;14;0;16;0;1;12;27;13;9;14;20;17;11;0;15;0;
21.02.2017;12;1;15;34;39;43;35;32;25;40;30;0;23;0;25;30;21;18;0;18;0;2;20;22;12;11;17;22;21;6;0;22;0;
21.02.2017;13;0;28;29;38;46;37;31;36;35;26;0;30;0;31;27;34;28;0;28;0;1;15;25;8;6;16;18;25;12;0;28;0;
21.02.2017;14;0;29;32;39;42;37;35;31;38;20;0;27;0;16;22;19;24;0;25;0;1;17;26;12;9;16;28;17;10;0;19;0;
21.02.2017;15;0;25;29;43;52;46;30;29;44;27;11;19;0;17;12;29;17;0;22;0;0;26;31;17;16;19;27;24;16;0;17;0;
21.02.2017;16;0;27;23;40;39;41;24;27;35;16;39;30;0;20;33;32;34;0;36;0;0;17;14;20;6;17;24;20;14;0;13;0;
21.02.2017;17;1;28;33;43;46;37;18;25;32;32;39;22;0;13;32;1;38;0;42;0;0;18;18;15;0;24;27;15;0;0;17;0;
21.02.2017;18;0;23;32;46;53;39;14;20;29;21;29;19;0;13;38;0;28;0;35;0;0;16;23;13;0;30;24;12;0;0;13;0;
21.02.2017;19;0;28;29;47;52;43;24;33;25;22;31;22;0;13;30;0;29;0;34;0;2;8;37;12;0;25;17;8;0;0;20;0;
21.02.2017;20;1;21;32;53;49;46;27;28;31;29;44;16;0;0;24;0;37;0;40;4;0;0;32;10;0;28;25;10;0;0;15;0;
21.02.2017;21;0;26;24;45;27;50;14;35;16;26;26;26;0;0;20;0;31;0;41;0;1;0;26;9;0;27;0;25;0;0;11;0;
21.02.2017;22;0;25;16;22;0;30;0;33;0;20;0;37;0;0;27;0;36;0;41;0;0;0;16;11;0;21;0;26;0;0;10;0;
21.02.2017;23;0;9;8;20;0;28;0;18;0;15;0;17;0;0;18;0;25;0;32;0;0;0;5;7;0;17;0;16;0;0;7;0;
21.02.2017;24;0;2;5;4;0;9;0;5;0;4;0;4;0;0;7;0;7;0;13;0;0;0;11;5;0;13;0;7;0;0;4;0;
22.02.2017;1;0;2;5;11;0;13;0;5;0;1;0;5;0;0;7;0;5;0;13;0;0;0;17;2;0;11;0;5;0;0;3;0;
22.02.2017;2;0;5;2;17;0;20;0;15;0;12;0;7;0;0;19;0;6;0;12;0;0;0;16;11;0;5;0;18;0;0;7;0;
22.02.2017;3;0;2;8;24;0;24;0;13;0;14;0;20;0;0;31;0;24;0;31;0;1;0;16;22;0;11;0;18;0;0;22;0;
22.02.2017;4;0;7;10;27;4;19;2;13;9;18;4;24;0;0;34;0;31;7;37;4;0;0;26;27;0;14;0;22;0;0;24;0;
22.02.2017;5;0;20;33;37;27;33;22;28;50;33;36;22;0;5;22;0;37;21;37;14;0;0;11;15;0;16;1;30;0;0;16;0;
22.02.2017;6;0;28;34;38;28;30;19;26;37;31;28;26;0;12;21;0;31;1;26;10;1;0;9;10;0;24;7;17;0;0;10;0;
22.02.2017;7;0;21;37;42;49;36;19;18;33;29;31;30;0;12;21;0;22;0;21;0;0;0;21;16;0;23;12;23;10;0;5;0;
22.02.2017;8;0;31;40;44;52;44;18;26;41;30;41;34;0;21;19;26;33;0;33;0;0;0;29;16;0;14;11;38;15;0;8;1;
22.02.2017;9;0;27;29;44;58;41;27;30;26;21;27;25;0;26;23;38;26;0;34;0;2;6;38;17;5;18;10;29;18;0;17;2;
22.02.2017;10;1;22;29;37;52;40;21;22;30;25;26;24;0;32;29;41;19;0;20;0;1;14;32;26;7;19;21;23;17;0;24;1;
22.02.2017;11;0;13;32;35;43;30;20;14;31;30;18;16;0;26;22;25;18;0;21;0;2;12;30;14;7;15;20;18;14;0;21;1;
22.02.2017;12;0;27;40;40;54;36;27;22;35;29;35;29;0;20;22;21;23;0;18;0;1;21;27;18;10;19;17;19;4;0;21;0;
22.02.2017;13;0;31;37;36;52;37;38;33;33;33;33;24;0;25;23;30;26;0;33;0;1;15;23;18;6;23;20;20;1;0;21;0;
22.02.2017;14;1;30;31;41;57;42;30;30;36;28;35;27;0;16;21;16;29;0;36;0;0;25;17;22;4;26;25;15;0;0;16;0;
22.02.2017;15;0;32;51;44;66;47;43;29;58;44;30;20;0;25;27;22;25;0;30;0;1;29;35;30;14;29;31;29;0;0;19;0;
22.02.2017;16;0;37;33;52;46;43;36;35;41;28;41;37;0;36;26;35;36;0;44;0;0;19;21;35;5;25;18;24;0;0;21;0;
22.02.2017;17;0;39;37;44;48;38;24;39;36;33;38;32;0;12;34;10;40;0;38;0;0;9;28;13;0;32;20;22;0;0;19;1;
22.02.2017;18;0;26;35;45;52;46;20;28;27;26;29;27;0;15;32;0;28;0;31;0;1;1;32;13;0;36;17;14;0;0;12;1;
22.02.2017;19;0;27;34;46;54;41;18;21;25;29;33;32;0;20;38;0;33;0;35;0;1;0;41;11;0;34;20;14;0;0;18;0;
22.02.2017;20;0;25;40;50;53;39;34;28;36;27;56;40;0;19;47;0;50;0;50;0;1;0;33;16;0;35;27;21;0;0;23;0;
22.02.2017;21;0;24;33;42;32;34;16;27;26;27;26;28;0;0;34;0;30;0;35;0;0;0;23;12;0;24;2;33;0;0;14;0;
22.02.2017;22;0;27;21;19;0;18;0;21;0;25;0;34;0;0;26;0;29;0;38;0;0;0;10;6;0;19;0;28;0;0;8;0;
22.02.2017;23;0;12;10;22;0;20;0;15;0;15;0;26;0;0;19;0;27;0;32;0;0;0;5;9;0;21;0;19;0;0;6;0;
22.02.2017;24;0;4;7;5;0;11;0;4;0;8;0;7;0;0;9;0;9;0;18;0;0;0;10;8;0;9;0;7;0;0;5;0;
23.02.2017;1;39;0;4;4;11;0;16;0;7;0;8;0;3;0;0;14;0;2;0;6;0;0;0;13;7;0;7;0;13;0;0;5;0
23.02.2017;2;75;0;2;3;16;0;23;0;12;0;10;0;6;0;0;21;0;10;0;15;0;0;0;16;14;0;8;0;18;0;0;14;0
23.02.2017;3;114;0;1;6;24;0;26;0;14;0;9;0;23;0;0;23;0;25;0;35;0;1;0;16;21;0;10;0;20;0;0;22;0
23.02.2017;4;154;0;8;14;30;7;38;0;19;4;25;3;28;0;5;29;0;33;11;42;13;0;0;22;25;0;18;10;25;0;0;11;0
23.02.2017;5;164;0;18;34;41;42;36;25;22;36;25;47;28;0;13;23;0;27;18;36;29;0;0;8;10;0;19;16;15;0;0;13;0
23.02.2017;6;152;0;32;31;39;35;34;15;29;28;24;28;29;0;9;23;0;18;4;21;16;2;0;15;6;0;22;10;17;0;0;7;0
23.02.2017;7;154;0;16;39;34;51;35;2;26;38;34;0;27;0;14;23;0;18;0;21;0;0;0;23;13;0;28;18;24;0;0;5;0
23.02.2017;8;196;0;33;37;45;55;42;0;40;45;31;0;35;0;22;18;24;28;0;26;0;0;0;35;14;0;30;14;36;0;0;6;0
23.02.2017;9;173;1;34;17;34;45;27;0;48;31;14;0;28;0;26;19;37;28;0;31;0;0;0;28;27;0;27;14;31;0;0;20;0
23.02.2017;10;119;0;16;23;34;52;48;0;39;38;21;0;24;0;33;20;35;19;0;23;0;1;0;29;19;0;26;22;29;0;0;24;0
23.02.2017;11;135;0;7;27;35;39;28;0;25;23;20;0;14;0;23;18;19;13;0;20;0;1;13;29;19;0;24;16;17;0;0;21;0
23.02.2017;12;181;0;24;24;31;52;23;0;41;30;18;0;32;0;24;27;21;20;0;25;0;1;16;24;18;0;22;17;23;0;0;24;0
23.02.2017;13;208;0;25;34;41;57;35;0;40;44;32;0;37;0;27;30;31;25;0;26;0;2;14;26;14;0;20;20;25;13;0;23;0
23.02.2017;14;197;0;25;29;41;40;32;0;37;32;23;0;26;0;29;20;21;20;0;26;0;0;20;29;14;5;14;23;20;16;0;24;0
23.02.2017;15;205;0;23;35;37;62;45;0;47;39;29;0;20;0;21;17;25;14;0;27;0;0;25;31;16;15;20;26;20;16;0;17;0
23.02.2017;16;197;0;29;23;43;45;41;0;45;38;20;4;26;0;25;37;22;27;0;30;0;0;16;17;19;3;18;18;23;15;0;15;0
23.02.2017;17;194;0;18;31;48;42;41;0;44;40;28;35;28;0;17;39;3;35;0;34;0;0;14;18;22;0;27;21;23;0;0;16;0
23.02.2017;18;176;0;15;32;43;41;34;0;31;24;23;25;21;0;13;33;0;26;0;26;0;1;14;17;11;0;21;19;12;0;0;11;0
23.02.2017;19;182;0;21;31;50;52;40;0;34;31;20;28;24;0;11;33;0;34;0;37;0;1;10;28;8;0;27;21;19;0;0;14;0
23.02.2017;20;185;0;17;32;52;53;42;0;36;28;16;49;26;0;0;33;0;37;0;45;5;0;0;29;9;0;21;1;34;0;0;18;0
23.02.2017;21;141;0;21;19;37;21;37;0;31;13;15;14;20;0;0;22;0;25;0;33;0;1;0;22;9;0;20;0;27;0;0;14;0
23.02.2017;22;124;0;32;23;21;0;31;0;41;0;31;0;34;0;0;18;0;28;0;30;0;0;0;10;9;0;23;0;27;0;0;9;0
23.02.2017;23;102;0;7;8;22;0;29;0;13;0;11;0;21;0;0;24;0;25;0;32;0;0;0;5;9;0;19;0;19;0;0;12;0
23.02.2017;24;62;0;5;6;4;0;15;0;9;0;9;0;8;0;0;9;0;10;0;18;0;1;0;17;10;0;16;0;9;0;0;5;0
24.02.2017;1;34;0;2;6;9;0;19;0;4;0;5;0;9;0;0;10;0;6;0;13;0;0;0;16;7;0;11;0;5;0;0;5;0
24.02.2017;2;66;0;1;3;16;0;22;0;8;0;13;0;8;0;0;14;0;8;0;16;0;0;0;17;9;0;10;0;19;0;0;8;0
24.02.2017;3;99;0;4;9;22;0;25;0;11;0;15;0;22;0;0;18;0;24;0;35;0;1;0;15;11;0;12;0;15;0;0;10;0
24.02.2017;4;131;0;7;13;32;6;23;3;17;4;24;4;27;0;0;17;0;29;0;45;5;0;0;16;13;0;18;0;20;0;0;11;0
24.02.2017;5;142;0;19;25;38;26;28;24;24;34;20;22;14;0;5;26;0;28;0;42;15;0;0;11;6;0;17;2;19;0;0;17;0
24.02.2017;6;137;1;22;30;45;34;32;19;29;24;20;25;12;0;14;21;0;20;0;17;0;1;0;15;7;0;21;5;18;0;0;13;0
24.02.2017;7;168;0;22;38;44;48;37;2;39;42;33;23;17;0;19;29;0;19;0;22;0;0;0;23;12;0;26;12;29;0;0;10;0
24.02.2017;8;198;0;33;39;40;56;36;0;52;46;30;24;21;0;17;20;28;34;0;40;0;0;0;28;10;0;35;14;38;0;0;9;0
24.02.2017;9;187;0;17;30;34;41;27;0;33;31;23;0;27;0;17;16;40;23;0;34;0;1;3;32;16;0;25;14;30;0;0;9;0
24.02.2017;10;171;0;17;27;37;40;28;0;31;37;22;0;21;0;19;19;34;14;0;21;0;1;7;30;15;0;26;23;18;0;0;13;0
24.02.2017;11;175;0;20;29;35;40;24;0;41;37;23;0;22;0;27;21;23;18;0;19;0;1;10;25;25;0;26;15;25;0;0;22;0
24.02.2017;12;187;0;17;33;29;43;28;13;28;31;27;0;27;0;31;28;28;17;0;19;0;0;16;13;21;0;21;17;24;0;0;24;0
24.02.2017;13;197;0;24;37;42;56;43;32;25;27;29;0;32;0;28;25;22;27;0;29;0;1;15;23;12;0;26;16;18;0;0;23;0
24.02.2017;14;197;1;22;29;42;47;36;32;25;36;19;0;24;0;12;12;16;20;0;28;0;0;23;35;23;0;33;18;19;0;0;12;0
24.02.2017;15;213;0;20;40;36;64;40;0;38;34;33;0;39;0;19;16;25;19;0;37;0;1;32;31;29;0;30;25;24;0;0;15;0
24.02.2017;16;216;0;20;30;42;42;41;0;43;30;22;19;42;0;28;36;25;33;0;38;0;0;18;28;22;0;28;21;22;0;0;21;0
24.02.2017;17;208;0;27;36;48;55;51;0;44;31;28;34;25;0;12;36;5;34;0;38;0;0;0;34;12;0;34;21;14;0;0;17;0
24.02.2017;18;184;0;16;32;52;53;47;0;32;22;27;26;19;0;12;31;0;30;0;36;0;2;0;40;12;0;23;18;8;0;0;11;0
24.02.2017;19;190;0;17;38;46;55;44;0;39;29;30;35;17;0;11;32;0;35;0;33;0;0;0;36;17;0;22;22;17;0;0;21;0
24.02.2017;20;192;1;26;28;53;54;46;0;40;27;28;47;23;0;0;25;0;42;0;44;0;0;0;33;16;0;20;0;29;0;0;18;0
24.02.2017;21;161;0;27;26;42;4;45;0;36;0;37;0;34;0;0;22;0;29;0;35;0;1;0;28;13;0;22;0;28;0;0;13;0
24.02.2017;22;134;0;20;19;21;0;32;0;32;0;24;0;33;0;0;25;0;31;0;43;0;0;0;15;7;0;30;0;26;0;0;7;0
24.02.2017;23;106;0;10;13;24;0;33;0;20;0;19;0;26;0;0;25;0;23;0;34;0;0;0;8;14;0;18;0;17;0;0;11;0
24.02.2017;24;70;0;5;10;9;0;19;0;10;0;9;0;12;0;0;14;0;7;0;18;0;0;0;10;9;0;12;0;9;0;0;7;0
25.02.2017;1;39;0;5;7;12;0;19;0;10;0;7;0;10;0;0;15;0;11;0;15;0;0;0;17;11;0;9;0;6;0;0;10;0
25.02.2017;2;84;0;2;5;23;0;28;0;17;0;13;0;12;0;0;18;0;13;0;17;0;0;0;22;11;0;13;0;15;0;0;7;0
25.02.2017;3;112;0;3;11;24;0;23;0;15;0;12;0;19;0;0;26;0;26;0;33;0;1;0;18;24;0;11;0;12;0;0;16;0
25.02.2017;4;142;1;9;16;29;0;26;0;15;0;24;0;27;0;0;30;0;34;6;38;6;0;0;23;28;0;12;0;19;0;0;20;0
25.02.2017;5;150;0;21;30;38;24;29;18;29;25;28;29;20;0;7;20;0;36;18;31;17;0;0;12;12;0;20;3;14;0;0;13;0
25.02.2017;6;140;0;25;28;38;32;31;20;24;24;20;29;15;0;16;16;0;22;6;20;6;1;0;17;9;0;22;4;18;0;0;8;0
25.02.2017;7;156;0;17;35;43;43;37;23;23;38;23;25;16;0;15;23;0;26;0;28;0;1;0;23;13;0;22;9;27;0;0;5;0
25.02.2017;8;184;0;26;38;42;49;39;22;37;38;24;33;33;0;20;20;25;32;0;35;0;0;0;28;11;0;28;9;40;0;0;3;0
25.02.2017;9;186;0;17;22;35;35;30;0;39;30;20;0;24;0;21;22;36;28;0;31;0;2;0;26;20;0;25;11;28;0;0;8;0
25.02.2017;10;183;0;16;33;35;42;26;0;29;28;31;0;24;0;34;31;37;15;0;19;0;2;0;34;23;0;23;19;22;0;0;27;0
25.02.2017;11;172;0;13;27;36;39;29;1;30;26;24;0;26;0;25;30;24;18;0;17;0;2;0;38;18;0;29;16;15;0;0;23;0
25.02.2017;12;182;0;17;34;34;46;31;34;28;38;26;0;21;0;25;30;17;11;0;15;0;1;12;23;21;0;23;17;23;4;0;25;0
25.02.2017;13;204;0;29;32;35;50;35;38;30;33;30;0;29;0;28;35;22;18;0;24;0;0;18;24;20;0;19;18;22;14;0;23;0
25.02.2017;14;193;0;22;35;39;41;38;36;28;38;30;0;19;0;13;24;12;16;0;22;0;0;22;23;24;0;15;21;15;12;0;14;0
25.02.2017;15;211;2;22;31;41;53;39;35;29;46;29;0;22;0;21;26;25;16;0;20;0;0;25;26;39;0;16;29;29;10;0;20;0
25.02.2017;16;229;0;34;26;39;40;41;33;33;38;21;27;34;0;28;44;30;35;0;31;0;0;22;15;30;0;22;27;30;1;0;20;0
25.02.2017;17;207;0;23;46;47;47;47;39;22;43;40;31;19;0;15;36;8;26;0;31;0;1;11;16;26;0;21;25;17;0;0;17;0
25.02.2017;18;174;0;23;30;50;43;48;17;21;21;18;32;24;0;12;33;0;26;0;27;0;1;7;29;16;0;14;21;13;0;0;15;0
25.02.2017;19;197;0;25;31;56;59;53;25;25;27;24;33;19;0;12;35;0;30;0;30;3;0;0;45;11;0;20;28;9;0;0;15;0
25.02.2017;20;180;0;18;33;52;38;40;19;29;29;26;39;32;0;4;32;0;43;0;50;7;0;0;27;11;0;16;5;32;0;0;19;0
25.02.2017;21;145;0;21;20;34;0;36;0;36;0;28;0;34;0;0;21;0;30;0;37;0;1;0;24;13;0;17;0;27;0;0;11;0
25.02.2017;22;123;0;23;20;18;0;26;0;36;0;26;0;39;0;0;24;0;34;0;37;0;0;0;16;12;0;14;0;22;0;0;7;0
25.02.2017;23;94;0;4;11;24;0;31;0;18;0;12;0;27;0;0;20;0;28;0;34;0;0;0;10;8;0;17;0;17;0;0;7;0
25.02.2017;24;73;0;5;11;9;0;22;0;17;0;10;0;15;0;0;11;0;12;0;18;0;0;0;17;10;0;13;0;9;0;0;5;0
26.02.2017;1;0;4;5;11;0;18;0;8;0;4;0;6;0;0;10;0;8;0;12;0;0;0;21;10;0;9;0;4;0;0;6;0;
26.02.2017;2;0;2;2;20;0;22;0;6;0;10;0;8;0;0;16;0;6;0;10;0;0;0;22;9;0;8;0;15;0;0;6;0;
26.02.2017;3;0;7;5;22;0;19;0;11;0;11;0;17;0;0;24;0;16;0;24;0;1;0;14;19;0;14;0;14;0;0;22;0;
26.02.2017;4;0;10;13;28;0;26;0;17;0;17;0;21;0;0;25;0;28;0;37;0;0;0;21;24;0;20;1;16;0;0;19;0;
26.02.2017;5;0;19;25;43;27;24;31;33;34;24;27;18;0;19;26;0;34;14;38;13;0;0;11;11;0;25;8;13;0;0;17;0;
26.02.2017;6;0;25;32;40;36;29;22;28;31;24;31;21;0;14;22;0;26;0;29;10;1;0;16;7;0;25;6;20;0;0;10;0;
26.02.2017;7;0;24;31;43;45;29;29;33;39;28;19;19;0;15;27;0;17;0;20;0;0;0;21;11;0;27;10;31;0;0;6;0;
26.02.2017;8;0;33;44;43;60;46;25;39;43;29;39;32;0;27;21;29;33;0;27;0;0;0;30;12;0;36;10;41;0;0;4;0;
26.02.2017;9;0;22;28;35;41;30;31;35;32;21;0;26;0;31;23;40;28;0;40;0;1;0;34;22;0;26;12;31;0;0;16;0;
26.02.2017;10;0;12;40;37;42;37;22;21;32;35;0;28;0;27;24;37;15;0;19;0;1;0;24;22;0;24;17;19;0;0;24;0;
26.02.2017;11;0;15;35;43;41;38;25;20;44;28;0;24;0;19;20;29;18;0;24;0;3;0;38;26;0;23;23;22;0;0;16;0;
26.02.2017;12;0;18;38;37;50;35;31;26;42;33;0;31;0;30;35;28;24;0;22;0;1;12;34;21;0;20;17;27;8;0;25;0;
26.02.2017;13;0;27;35;42;54;36;41;36;35;33;0;26;0;33;27;28;19;0;23;0;0;21;21;14;8;16;26;21;10;0;32;0;
26.02.2017;14;0;31;31;43;57;43;47;38;45;27;0;22;0;21;26;22;20;0;30;0;0;29;24;14;11;19;23;25;16;0;19;0;
26.02.2017;15;0;33;42;37;57;45;56;44;48;34;3;26;0;31;39;28;21;0;26;0;0;39;27;14;18;21;27;28;15;0;27;0;
26.02.2017;16;0;35;31;43;51;47;49;41;31;21;27;8;0;25;32;25;28;10;33;4;0;29;17;21;7;19;12;15;16;0;20;0;
26.02.2017;17;1;41;39;51;65;51;45;46;47;40;46;17;0;13;19;20;28;13;28;10;0;21;21;29;0;19;26;17;9;0;16;0;
26.02.2017;18;0;36;41;51;64;52;37;37;37;37;47;26;0;20;25;22;42;3;41;0;2;23;20;18;0;19;17;16;13;0;14;1;
26.02.2017;19;0;36;45;51;64;49;36;37;31;38;43;21;0;20;43;0;36;0;40;0;1;19;29;19;0;23;22;18;9;0;18;0;
26.02.2017;20;0;27;42;51;50;45;28;37;33;34;44;19;0;9;36;0;44;0;51;0;0;3;39;14;0;24;23;24;0;0;15;0;
26.02.2017;21;0;31;25;40;32;37;20;33;17;21;25;19;0;0;29;0;29;0;31;0;1;0;21;15;0;19;0;27;0;0;16;1;
26.02.2017;22;0;26;28;19;0;28;0;35;0;30;0;34;0;0;26;0;31;0;36;0;0;0;17;9;0;18;0;25;0;0;12;0;
26.02.2017;23;0;21;15;24;0;33;0;31;0;21;0;28;0;0;33;0;24;0;35;0;0;0;12;20;0;17;0;24;0;0;14;0;
26.02.2017;24;0;3;7;8;0;14;0;14;0;12;0;14;0;0;18;0;15;0;23;0;0;0;11;16;0;15;0;16;0;0;12;0;
27.02.2017;1;0;5;8;11;0;14;0;8;0;8;0;5;0;0;14;0;6;0;9;0;0;0;17;8;0;8;0;14;0;0;11;0;
27.02.2017;2;0;3;2;20;0;23;0;10;0;13;0;6;0;0;16;0;5;0;14;0;0;0;24;10;0;14;0;21;0;0;8;0;
27.02.2017;3;0;2;5;22;0;22;0;9;0;8;0;15;0;0;17;0;19;3;32;0;1;0;19;14;0;14;0;12;0;0;14;0;
27.02.2017;4;0;10;13;29;6;24;1;14;1;17;3;27;0;0;22;0;21;15;37;15;0;0;19;15;0;17;0;24;0;0;8;0;
27.02.2017;5;0;20;36;42;34;34;21;25;33;26;38;33;0;14;26;0;22;15;36;25;0;0;15;6;0;25;7;26;0;0;10;0;
27.02.2017;6;0;27;35;36;36;32;29;31;22;15;37;27;0;11;25;0;18;2;19;12;1;0;14;10;0;30;9;17;7;0;9;0;
27.02.2017;7;0;18;40;35;47;35;22;27;47;40;7;29;0;20;26;6;20;0;22;0;0;0;18;11;0;16;11;32;15;0;5;0;
27.02.2017;8;0;25;40;47;59;50;29;38;42;33;0;40;0;17;14;24;32;0;33;0;0;4;24;15;0;19;8;38;19;0;5;0;
27.02.2017;9;0;23;27;39;48;40;30;35;33;28;0;25;0;28;21;34;26;0;35;0;1;3;29;21;2;14;12;35;12;0;14;0;
27.02.2017;10;0;20;23;30;35;29;19;25;31;22;0;21;0;20;21;27;16;0;16;0;1;5;20;7;7;17;17;25;11;0;12;0;
27.02.2017;11;0;13;28;38;37;33;23;18;33;30;0;17;0;20;18;18;13;0;18;0;2;9;20;14;4;16;14;24;12;0;12;1;
27.02.2017;12;0;16;36;34;40;29;19;20;30;26;11;21;0;21;25;24;16;0;15;0;1;14;22;8;8;18;13;21;9;0;16;0;
27.02.2017;13;0;34;38;33;53;35;31;33;42;31;27;13;0;23;30;25;23;0;32;0;1;11;30;8;5;23;28;19;22;0;21;0;
27.02.2017;14;1;23;37;43;50;47;35;23;40;29;18;8;0;19;17;23;19;0;26;0;0;21;34;11;7;23;26;21;22;0;16;1;
27.02.2017;15;0;25;35;45;56;42;37;27;52;30;30;16;0;23;23;27;20;0;34;0;1;32;29;18;20;19;33;26;15;0;19;1;
27.02.2017;16;0;28;24;45;46;43;39;31;32;17;42;12;0;28;39;16;31;0;33;0;0;18;18;13;7;22;18;20;5;0;17;1;
27.02.2017;17;0;34;34;45;54;42;25;31;33;25;41;11;0;11;34;0;40;0;39;0;0;16;17;10;0;27;22;18;0;0;12;0;
27.02.2017;18;0;25;38;53;63;53;19;24;20;23;39;20;0;11;31;0;32;0;31;0;1;17;19;12;0;24;21;8;0;0;15;0;
27.02.2017;19;0;21;36;45;56;38;24;28;31;26;37;26;0;15;36;0;33;0;34;0;1;17;35;9;0;25;24;10;0;0;20;0;
27.02.2017;20;0;20;36;51;50;45;32;26;38;23;50;33;0;1;30;0;42;0;49;10;0;2;32;8;0;21;22;18;0;0;19;0;
27.02.2017;21;0;26;19;38;31;39;21;26;16;13;17;25;0;0;25;0;28;0;30;2;0;0;22;11;0;15;0;26;0;0;15;0;
27.02.2017;22;0;30;19;18;0;28;0;42;0;22;0;33;0;0;24;0;36;0;35;0;2;0;9;7;0;13;0;24;0;0;8;0;
27.02.2017;23;0;10;8;24;0;24;0;17;0;12;0;23;0;0;18;0;26;0;26;0;1;0;6;11;0;14;0;15;0;0;8;0;
27.02.2017;24;0;4;4;5;0;11;0;5;0;4;0;7;0;0;10;0;10;0;16;0;0;0;8;6;0;10;0;5;0;0;6;0;
28.02.2017;1;34;0;4;4;13;0;16;0;6;0;6;0;3;0;0;10;0;5;0;10;0;0;0;12;4;0;7;0;11;0;0;4;0
28.02.2017;2;70;0;0;6;17;0;25;0;10;0;10;0;4;0;0;12;0;3;0;10;0;0;0;20;11;0;13;0;23;0;0;11;0
28.02.2017;3;95;0;2;8;23;0;18;0;8;0;12;0;11;0;0;12;0;18;0;29;0;1;0;16;12;0;16;0;18;0;0;10;0
28.02.2017;4;120;0;4;14;26;8;16;3;14;3;18;3;22;0;0;17;0;39;4;43;1;0;0;14;10;0;16;0;19;0;0;9;0
28.02.2017;5;157;0;21;34;40;28;36;25;30;44;34;28;19;0;5;25;0;32;15;35;17;0;0;10;6;0;19;1;29;0;0;10;0
28.02.2017;6;158;0;32;31;41;39;33;23;32;28;24;34;27;0;20;28;0;25;0;22;9;1;0;15;7;0;25;6;22;0;0;12;1
28.02.2017;7;163;0;25;31;43;41;39;26;31;39;25;21;14;0;16;26;0;23;0;31;0;0;0;20;14;0;24;10;27;4;0;8;0
28.02.2017;8;189;0;28;34;41;49;38;24;33;44;29;31;12;0;19;35;16;33;0;32;0;0;0;26;12;0;15;9;38;16;0;4;0
28.02.2017;9;187;0;17;23;34;41;33;20;23;35;18;21;11;0;23;24;38;26;0;28;0;2;0;25;15;0;23;11;33;14;0;14;0
28.02.2017;10;173;0;17;23;36;42;27;27;24;32;18;19;20;0;21;23;31;19;0;19;0;2;1;26;10;4;19;18;24;11;0;17;0
28.02.2017;11;173;0;17;27;39;41;29;24;27;31;17;17;14;0;22;27;25;18;0;23;0;1;8;26;9;4;17;21;26;19;0;18;2
28.02.2017;12;200;0;21;36;33;47;31;33;28;50;30;28;15;0;23;29;25;23;0;19;0;0;20;27;17;1;20;24;26;18;0;19;2
28.02.2017;13;208;1;27;33;33;47;32;38;33;42;34;25;20;0;28;30;28;27;0;28;0;2;14;22;13;0;25;23;22;19;0;24;2
28.02.2017;14;197;1;24;31;36;47;35;29;27;34;27;17;14;0;11;19;17;17;0;29;0;1;25;31;19;0;21;23;14;19;0;13;1
28.02.2017;15;212;0;24;37;41;48;38;33;30;47;37;19;11;0;26;19;21;18;0;32;0;0;26;34;28;0;22;26;26;15;0;22;2
28.02.2017;16;197;0;23;21;47;52;55;36;31;27;18;33;15;0;34;36;31;36;0;37;0;0;13;19;14;0;27;19;17;1;0;28;2
28.02.2017;17;190;0;33;34;43;45;38;29;39;35;30;36;24;0;19;27;19;41;0;40;0;0;0;31;18;0;25;26;16;0;0;25;2
28.02.2017;18;187;0;27;32;48;51;46;19;27;23;27;34;25;0;15;33;1;33;0;38;0;3;0;31;14;0;26;19;9;0;0;17;4
28.02.2017;19;200;0;22;31;50;52;48;28;23;25;27;39;25;0;12;36;0;33;0;38;0;1;9;30;11;0;26;21;6;0;0;21;1
28.02.2017;20;186;0;32;36;54;50;45;36;34;34;33;51;27;0;8;28;0;42;0;41;0;0;10;18;10;0;23;23;16;0;0;16;0
28.02.2017;21;137;1;21;24;28;13;30;4;26;4;26;7;28;0;0;19;0;30;0;31;0;1;0;15;16;0;18;0;20;0;0;9;3
28.02.2017;22;112;0;19;19;20;0;35;0;28;0;24;0;29;0;0;20;0;25;0;27;0;0;0;13;11;0;14;0;25;0;0;8;1
28.02.2017;23;94;0;9;11;20;0;32;0;19;0;12;0;20;0;0;22;0;18;0;26;0;0;0;6;14;0;19;0;15;0;0;12;0
28.02.2017;24;58;0;5;5;4;0;10;0;13;0;12;0;11;0;0;8;0;10;0;17;0;0;0;10;12;0;13;0;12;0;0;5;0
