01.01.2017;1;0;0;0;0;0;0;0;0;0;0;0;0;0;0;6;0;4;0;4;0;0;0;8;12;0;0;0;0;3;0;6;0;0
01.01.2017;2;0;0;0;0;0;0;0;0;0;0;0;0;0;0;11;0;3;0;7;0;0;0;7;7;0;3;0;0;6;0;3;0;0
01.01.2017;3;0;0;0;0;0;0;0;0;0;0;0;0;0;0;9;0;3;0;11;0;0;0;8;17;0;9;0;0;11;0;7;0;0
01.01.2017;4;0;0;0;0;0;0;0;0;0;0;0;0;0;0;9;0;4;0;4;0;0;0;13;25;0;5;0;0;11;0;8;0;0
01.01.2017;5;0;0;0;0;0;0;0;0;0;0;0;0;0;0;8;0;3;0;4;0;0;0;6;9;0;3;0;0;9;0;2;0;0
01.01.2017;6;0;0;0;0;0;0;0;0;0;0;0;0;0;0;13;0;6;0;7;0;1;0;13;8;0;5;0;0;13;0;2;0;0
01.01.2017;7;0;0;0;0;0;0;0;0;0;0;0;0;0;0;15;0;5;0;4;0;0;0;16;10;0;11;0;0;10;0;2;0;0
01.01.2017;8;0;0;0;0;0;0;0;0;0;0;0;0;0;0;17;0;11;0;12;0;0;0;19;11;0;6;0;0;13;0;4;0;0
01.01.2017;9;0;0;0;0;0;0;0;0;0;0;0;0;0;4;22;0;12;0;12;0;1;0;33;16;0;10;0;4;16;0;11;0;0
01.01.2017;10;0;0;0;0;0;0;0;0;0;0;0;0;0;7;25;0;12;0;13;0;0;0;32;22;0;15;0;5;17;0;9;0;0
01.01.2017;11;0;0;0;0;0;0;0;0;0;0;0;0;0;15;43;0;8;0;5;0;0;0;27;27;0;13;0;15;31;0;7;0;0
01.01.2017;12;0;0;0;0;0;0;0;0;0;0;0;0;0;18;42;0;11;0;8;0;1;0;30;22;0;11;0;9;28;0;12;0;0
01.01.2017;13;0;0;0;0;0;0;0;0;0;0;0;0;0;19;46;0;17;0;18;0;0;0;38;21;0;14;0;14;22;0;9;0;0
01.01.2017;14;0;0;0;0;0;0;0;0;0;0;0;0;0;16;33;0;17;0;23;0;0;0;51;21;0;22;0;15;20;0;14;0;0
01.01.2017;15;0;0;0;0;0;0;0;0;0;0;0;0;0;17;45;0;12;0;17;0;0;0;55;33;0;19;0;27;26;0;12;0;0
01.01.2017;16;0;0;0;0;0;0;0;0;0;0;0;0;0;26;55;0;27;0;30;0;1;0;33;33;0;14;0;18;22;0;18;0;0
01.01.2017;17;0;0;0;0;0;0;0;0;0;0;0;0;0;13;42;0;32;0;32;0;0;0;32;25;0;21;0;26;18;0;13;0;0
01.01.2017;18;0;0;0;0;0;0;0;0;0;0;0;0;0;12;27;0;28;0;26;0;1;0;40;14;0;22;0;23;11;0;8;0;0
01.01.2017;19;0;0;0;0;0;0;0;0;0;0;0;0;0;15;39;0;39;0;33;0;1;0;36;10;0;14;0;16;17;0;13;0;0
01.01.2017;20;0;0;0;0;0;0;0;0;0;0;0;0;0;4;35;0;48;0;43;0;1;0;32;10;0;17;0;0;31;0;10;0;0
01.01.2017;21;0;0;0;0;0;0;0;0;0;0;0;0;0;0;30;0;33;0;38;0;0;0;18;10;0;19;0;0;29;0;15;0;0
01.01.2017;22;0;0;0;0;0;0;0;0;0;0;0;0;0;0;30;0;35;0;37;0;0;0;10;10;0;11;0;0;28;0;6;0;0
01.01.2017;23;0;0;0;0;0;0;0;0;0;0;0;0;0;0;25;0;29;0;29;0;0;0;15;11;0;16;0;0;20;0;9;0;0
01.01.2017;24;0;0;0;0;0;0;0;0;0;0;0;0;0;0;15;0;13;0;17;0;0;0;12;15;0;9;0;0;9;0;8;0;0
02.01.2017;1;0;0;0;0;0;0;0;0;0;0;0;0;0;0;20;0;7;0;10;0;0;0;15;13;0;6;0;0;10;0;14;0;0
02.01.2017;2;0;0;0;0;0;0;0;0;0;0;0;0;0;0;19;0;5;0;8;0;0;0;19;8;0;12;0;0;18;0;8;0;0
02.01.2017;3;0;0;0;0;0;0;0;0;0;0;0;0;0;0;16;0;16;0;26;0;1;0;15;25;0;9;0;0;18;0;11;0;0
02.01.2017;4;0;0;0;0;0;0;0;0;0;0;0;0;0;0;25;0;35;8;35;8;0;0;20;32;0;18;0;0;22;0;13;0;0
02.01.2017;5;0;0;0;0;0;0;0;0;0;0;0;0;0;0;28;0;26;14;25;12;0;0;17;19;0;24;0;0;21;0;10;0;0
02.01.2017;6;0;0;0;0;0;0;0;0;0;0;0;0;0;8;25;0;21;5;22;10;1;0;19;11;0;26;0;9;23;0;11;0;0
02.01.2017;7;0;0;0;0;0;0;0;0;0;0;0;0;0;15;24;0;12;0;14;0;0;0;26;10;0;32;0;10;27;0;4;0;0
02.01.2017;8;0;0;0;0;0;0;0;0;0;0;0;0;0;19;43;0;30;0;24;0;0;0;33;21;0;30;0;11;39;0;4;0;2
02.01.2017;9;0;0;0;0;0;0;0;0;0;0;0;0;0;21;45;0;25;0;31;0;1;0;32;33;0;27;0;10;28;0;14;0;0
02.01.2017;10;0;0;0;0;0;0;0;0;0;0;0;0;0;19;49;0;20;0;25;0;2;0;45;42;0;30;0;20;31;0;16;0;0
02.01.2017;11;0;0;0;0;0;0;0;0;0;0;0;0;0;26;60;2;18;0;19;0;2;0;39;56;7;22;0;20;21;0;19;0;0
02.01.2017;12;0;0;0;0;0;0;0;0;0;0;0;0;0;29;41;25;22;0;18;0;0;9;27;21;11;16;0;21;21;0;24;0;0
02.01.2017;13;0;0;0;0;0;0;0;0;0;0;0;0;0;32;25;30;26;0;26;0;1;10;24;25;1;25;0;21;16;0;25;0;0
02.01.2017;14;0;0;0;0;0;0;0;0;0;0;0;0;0;11;29;5;16;0;23;0;0;21;28;24;0;31;0;15;18;0;17;0;0
02.01.2017;15;0;0;0;0;0;0;0;0;0;0;0;0;0;22;46;0;18;0;26;0;0;30;26;43;0;26;0;24;27;0;21;0;1
02.01.2017;16;0;0;0;0;0;0;0;0;0;0;0;0;0;29;54;7;31;0;37;0;0;31;23;34;10;27;0;25;26;0;23;0;3
02.01.2017;17;0;0;0;0;0;0;0;0;0;0;0;0;0;17;30;9;38;0;51;0;0;11;23;18;2;23;0;19;14;0;17;0;0
02.01.2017;18;0;0;0;0;0;0;0;0;0;0;0;0;0;6;23;0;36;0;36;0;1;0;30;18;0;14;0;23;13;0;9;0;0
02.01.2017;19;0;0;0;0;0;0;0;0;0;0;0;0;0;7;35;0;36;0;39;0;1;0;44;15;0;19;0;27;10;0;17;0;0
02.01.2017;20;0;0;0;0;0;0;0;0;0;0;0;0;0;4;29;0;43;0;45;0;1;0;32;13;0;21;0;16;24;0;14;0;0
02.01.2017;21;0;0;0;0;0;0;0;0;0;0;0;0;0;0;23;0;28;0;33;0;0;0;20;10;0;20;0;0;25;0;12;0;0
02.01.2017;22;0;0;0;0;0;0;0;0;0;0;0;0;0;0;25;0;31;0;35;0;0;0;14;10;0;18;0;0;34;0;6;0;0
02.01.2017;23;0;0;0;0;0;0;0;0;0;0;0;0;0;0;26;0;29;0;39;0;0;0;12;12;0;17;0;0;24;0;7;0;0
02.01.2017;24;0;0;0;0;0;0;0;0;0;0;0;0;0;0;17;0;12;0;17;0;0;0;10;17;0;14;0;0;13;0;10;0;0
03.01.2017;1;0;0;0;0;0;0;0;0;0;0;0;0;0;0;12;0;7;0;13;0;0;0;16;7;0;9;0;0;13;0;4;0;0
03.01.2017;2;0;0;0;0;0;0;0;0;0;0;0;0;0;0;18;0;8;0;13;0;0;0;19;11;0;7;0;0;9;0;10;0;0
03.01.2017;3;0;0;0;0;0;0;0;0;0;0;0;0;0;0;12;0;16;0;30;0;1;0;23;18;0;14;0;0;19;0;12;0;0
03.01.2017;4;0;0;0;0;0;0;0;0;0;0;0;0;0;0;26;0;32;0;40;0;0;0;25;26;0;15;0;0;26;0;13;0;0
03.01.2017;5;0;0;0;0;0;0;0;0;0;0;0;0;0;14;26;0;50;0;46;0;0;0;12;17;0;20;0;17;16;0;14;0;0
03.01.2017;6;0;0;0;0;0;0;0;0;0;0;0;0;0;11;18;0;32;0;27;0;1;0;9;11;0;31;0;11;13;0;9;0;0
03.01.2017;7;0;0;0;0;0;0;0;0;0;0;0;0;0;19;27;0;23;0;19;0;1;0;26;14;0;30;0;11;24;0;8;0;0
03.01.2017;8;0;0;0;0;0;0;0;0;0;0;0;0;0;22;35;0;26;0;28;0;1;0;35;16;0;28;0;12;33;0;8;0;0
03.01.2017;9;0;0;0;0;0;0;0;0;0;0;0;0;0;27;49;0;25;0;28;0;1;0;36;22;0;23;0;6;29;0;13;0;0
03.01.2017;10;0;0;0;0;0;0;0;0;0;0;0;0;0;17;47;0;23;0;26;0;1;0;30;28;0;25;0;12;23;0;13;0;2
03.01.2017;11;0;0;0;0;0;0;0;0;0;0;0;0;0;27;46;15;14;0;15;0;2;0;27;26;0;26;0;16;22;0;16;0;1
03.01.2017;12;0;0;0;0;0;0;0;0;0;0;0;0;0;28;25;27;17;0;15;0;1;0;24;28;2;20;0;20;21;0;25;0;0
03.01.2017;13;0;0;0;0;0;0;0;0;0;0;0;0;0;29;24;23;22;0;26;0;1;12;29;15;7;20;13;17;17;0;27;0;0
03.01.2017;14;0;0;0;0;0;0;0;0;0;0;0;0;0;24;23;22;14;0;17;0;0;24;21;10;8;16;9;21;18;0;19;0;0
03.01.2017;15;0;0;0;0;0;0;0;0;0;0;0;0;0;23;20;24;9;0;18;0;0;23;23;15;16;13;13;23;23;0;19;0;0
03.01.2017;16;0;0;0;0;0;0;0;0;0;0;0;0;0;23;40;28;32;0;38;0;0;23;23;20;7;15;14;29;24;0;15;0;0
03.01.2017;17;0;0;0;0;0;0;0;0;0;0;0;0;0;18;41;0;42;0;43;0;0;3;37;21;0;19;6;23;17;0;14;0;0
03.01.2017;18;0;0;0;0;0;0;0;0;0;0;0;0;0;13;37;0;33;0;30;0;2;0;35;18;0;21;0;24;10;0;15;0;0
03.01.2017;19;0;0;0;0;0;0;0;0;0;0;0;0;0;12;36;0;33;0;29;0;1;0;34;8;0;20;0;25;3;0;14;0;0
03.01.2017;20;0;0;0;0;0;0;0;0;0;0;0;0;0;6;28;0;44;0;40;0;0;0;31;15;0;20;0;13;26;0;18;0;0
03.01.2017;21;0;0;0;0;0;0;0;0;0;0;0;0;0;0;24;0;40;0;43;0;1;0;12;14;0;17;0;0;27;0;18;0;0
03.01.2017;22;0;0;0;0;0;0;0;0;0;0;0;0;0;0;19;0;38;0;39;0;0;0;17;9;0;15;0;0;28;0;8;0;0
03.01.2017;23;0;0;0;0;0;0;0;0;0;0;0;0;0;0;20;0;24;0;33;0;0;0;8;8;0;15;0;0;20;0;4;0;0
03.01.2017;24;0;0;0;0;0;0;0;0;0;0;0;0;0;0;9;0;12;0;20;0;0;0;10;11;0;13;0;0;12;0;6;0;0
04.01.2017;1;0;0;0;0;0;0;0;0;0;0;0;0;0;0;9;0;6;0;11;0;0;0;15;6;0;8;0;9;0;0;4;0;0
04.01.2017;2;0;0;0;0;0;0;0;0;0;0;0;0;0;0;13;0;13;0;18;0;0;0;22;8;0;9;0;12;0;0;7;0;0
04.01.2017;3;0;0;0;0;0;0;0;0;0;0;0;0;0;0;25;0;20;0;24;0;1;0;13;16;0;11;0;13;0;0;16;0;0
04.01.2017;4;0;0;0;0;0;0;0;0;0;0;0;0;0;0;27;0;29;13;35;9;0;0;19;24;0;19;0;22;0;0;16;0;0
04.01.2017;5;0;0;0;0;0;0;0;0;0;0;0;0;0;6;23;0;21;15;30;22;0;0;8;19;0;23;14;18;0;0;18;0;0
04.01.2017;6;0;0;0;0;0;0;0;0;0;0;0;0;0;10;23;0;15;4;16;15;1;0;12;9;0;24;8;17;0;0;9;0;0
04.01.2017;7;0;0;0;0;0;0;0;0;0;0;0;0;0;20;34;4;16;0;21;0;0;0;22;16;0;29;11;29;0;0;10;0;0
04.01.2017;8;0;0;0;0;0;0;0;0;0;0;0;0;0;18;16;23;24;0;24;0;0;0;30;12;0;34;11;39;0;0;5;0;0
04.01.2017;9;0;0;0;0;0;0;0;0;0;0;0;0;0;27;19;27;26;0;30;0;2;3;27;20;0;20;9;29;0;0;14;0;1
04.01.2017;10;0;0;0;0;0;0;0;0;0;0;0;0;0;26;27;31;17;0;17;0;1;7;29;22;0;24;19;29;7;0;15;0;1
04.01.2017;11;0;0;0;0;0;0;0;0;0;0;0;0;0;22;19;32;16;0;18;0;1;11;20;18;4;10;20;23;11;0;18;0;0
04.01.2017;12;0;0;0;0;0;0;0;0;0;0;0;0;0;27;31;22;17;0;13;0;1;13;18;14;9;15;20;22;7;0;21;0;1
04.01.2017;13;0;0;0;0;0;0;0;0;0;0;0;0;0;29;28;21;22;0;27;0;1;17;23;9;4;15;18;19;9;0;24;0;1
04.01.2017;14;0;0;0;0;0;0;0;0;0;0;0;0;0;16;25;21;17;0;26;0;0;24;20;16;1;19;23;17;18;0;13;0;0
04.01.2017;15;0;0;0;0;0;0;0;0;0;0;0;0;0;17;28;16;22;0;22;0;0;35;22;25;7;16;29;24;8;0;14;0;0
04.01.2017;16;0;0;0;0;0;0;0;0;0;0;0;0;0;21;48;0;35;0;42;0;0;32;17;24;0;22;19;20;0;0;18;0;0
04.01.2017;17;0;0;0;0;0;0;0;0;0;0;0;0;0;15;38;0;33;0;38;0;0;16;23;18;0;20;19;15;0;0;21;0;0
04.01.2017;18;0;0;0;0;0;0;0;0;0;0;0;0;0;15;37;0;30;0;33;0;2;1;30;11;0;22;20;8;0;0;19;0;0
04.01.2017;19;0;0;0;0;0;0;0;0;0;0;0;0;0;13;35;0;37;0;37;0;0;0;36;12;0;22;22;4;0;0;20;0;0
04.01.2017;20;0;0;0;0;0;0;0;0;0;0;0;0;0;7;33;0;51;0;47;0;0;0;32;16;0;17;16;14;0;0;21;0;0
04.01.2017;21;0;0;0;0;0;0;0;0;0;0;0;0;0;0;27;0;42;0;41;0;1;0;20;13;0;16;0;24;0;0;13;0;0
04.01.2017;22;0;0;0;0;0;0;0;0;0;0;0;0;0;0;26;0;30;0;36;0;0;0;17;11;0;18;0;29;0;0;6;0;0
04.01.2017;23;0;0;0;0;0;0;0;0;0;0;0;0;0;0;16;0;31;0;39;0;0;0;11;7;0;21;0;22;0;0;4;0;0
04.01.2017;24;0;0;0;0;0;0;0;0;0;0;0;0;0;0;9;0;11;0;20;0;0;0;13;11;0;19;0;15;0;0;6;0;0
05.01.2017;1;0;0;0;0;0;0;0;0;0;0;0;0;0;0;10;0;10;0;12;0;0;0;16;7;0;7;0;12;0;0;4;0;0
05.01.2017;2;0;0;0;0;0;0;0;0;0;0;0;0;0;0;15;0;9;0;13;0;0;0;18;13;0;7;0;17;0;0;9;0;0
05.01.2017;3;0;0;0;0;0;0;0;0;0;0;0;0;0;0;22;0;17;0;25;0;1;0;14;19;0;12;0;16;0;0;15;0;0
05.01.2017;4;0;0;0;0;0;0;0;0;0;0;0;0;0;0;30;0;30;5;33;1;0;0;18;30;0;19;0;27;0;0;21;0;0
05.01.2017;5;0;0;0;0;0;0;0;0;0;0;0;0;0;4;25;0;32;17;31;18;0;0;19;19;0;17;4;20;0;0;19;0;0
05.01.2017;6;0;0;0;0;0;0;0;0;0;0;0;0;0;11;23;0;18;0;22;13;0;0;16;15;0;24;9;15;0;0;12;0;0
05.01.2017;7;0;0;0;0;0;0;0;0;0;0;0;0;0;13;27;0;17;0;15;0;0;0;25;13;0;27;14;19;0;0;3;0;0
05.01.2017;8;0;0;0;0;0;0;0;0;0;0;0;0;0;18;23;14;22;0;18;0;0;0;25;10;0;30;12;40;0;0;4;0;0
05.01.2017;9;0;0;0;0;0;0;0;0;0;0;0;0;0;33;26;34;23;0;28;0;1;0;29;14;0;30;8;35;0;0;18;0;0
05.01.2017;10;0;0;0;0;0;0;0;0;0;0;0;0;0;28;21;38;17;0;23;0;0;0;32;29;1;25;17;30;4;0;28;0;0
05.01.2017;11;0;0;0;0;0;0;0;0;0;0;0;0;0;22;17;23;17;0;19;0;2;2;30;18;5;10;11;19;4;0;20;0;0
05.01.2017;12;0;0;0;0;0;0;0;0;0;0;0;0;0;22;27;18;19;0;14;0;0;17;16;11;13;10;13;16;6;0;22;0;0
05.01.2017;13;0;0;0;0;0;0;0;0;0;0;0;0;0;27;31;23;22;0;25;0;1;19;19;9;6;20;20;21;15;0;28;0;0
05.01.2017;14;0;0;0;0;0;0;0;0;0;0;0;0;0;18;24;19;21;0;23;0;0;26;22;17;0;21;24;20;7;0;19;0;0
05.01.2017;15;0;0;0;0;0;0;0;0;0;0;0;0;0;15;17;16;13;0;18;0;0;33;20;31;0;21;28;18;0;0;12;0;0
05.01.2017;16;0;0;0;0;0;0;0;0;0;0;0;0;0;32;26;30;36;0;39;0;0;30;25;28;0;22;18;29;0;0;21;0;0
05.01.2017;17;0;0;0;0;0;0;0;0;0;0;0;0;0;22;45;14;34;0;50;0;0;1;34;23;0;16;19;25;0;0;20;0;0
05.01.2017;18;0;0;0;0;0;0;0;0;0;0;0;0;0;15;34;0;33;0;30;0;3;0;27;20;0;23;26;11;0;0;15;0;0
05.01.2017;19;0;0;0;0;0;0;0;0;0;0;0;0;0;18;31;0;35;0;40;0;2;0;32;16;0;17;21;6;0;0;20;0;0
05.01.2017;20;0;0;0;0;0;0;0;0;0;0;0;0;0;10;34;0;48;0;44;0;1;0;32;10;0;19;15;18;0;0;18;0;0
05.01.2017;21;0;0;0;0;0;0;0;0;0;0;0;0;0;0;30;0;38;0;41;0;1;0;24;13;0;18;0;34;0;0;16;0;0
05.01.2017;22;0;0;0;0;0;0;0;0;0;0;0;0;0;0;22;0;29;0;36;0;0;0;19;12;0;22;0;33;0;0;8;0;0
05.01.2017;23;0;0;0;0;0;0;0;0;0;0;0;0;0;0;20;0;24;0;31;0;0;0;8;10;0;14;0;20;0;0;6;0;0
05.01.2017;24;0;0;0;0;0;0;0;0;0;0;0;0;0;0;12;0;13;0;16;0;0;0;11;8;0;18;0;12;0;0;2;0;0
06.01.2017;1;0;0;0;0;0;0;0;0;0;0;0;0;0;0;13;0;10;0;17;0;0;0;14;2;0;7;0;9;0;0;3;0;0
06.01.2017;2;0;0;0;0;0;0;0;0;0;0;0;0;0;0;17;0;8;0;14;0;0;0;21;8;0;14;0;14;0;0;10;0;0
06.01.2017;3;0;0;0;0;0;0;0;0;0;0;0;0;0;0;26;0;20;0;27;0;1;0;14;28;0;11;0;22;0;0;17;0;0
06.01.2017;4;0;0;0;0;0;0;0;0;0;0;0;0;0;6;25;0;28;6;34;5;0;0;16;25;0;22;10;19;0;0;13;0;0
06.01.2017;5;0;0;0;0;0;0;0;0;0;0;0;0;0;14;24;0;27;18;28;13;0;0;14;12;0;26;16;8;0;0;17;0;0
06.01.2017;6;0;0;0;0;0;0;0;0;0;0;0;0;0;16;23;0;20;6;20;13;1;0;15;10;0;29;9;19;0;0;10;0;0
06.01.2017;7;0;0;0;0;0;0;0;0;0;0;0;0;0;14;28;0;15;4;16;0;0;0;23;13;0;33;11;21;0;0;6;0;0
06.01.2017;8;0;0;0;0;0;0;0;0;0;0;0;0;0;17;24;12;24;0;22;0;0;0;28;6;0;30;9;34;0;0;3;0;0
06.01.2017;9;0;0;0;0;0;0;0;0;0;0;0;0;0;22;24;22;24;0;25;0;1;0;26;22;0;24;9;29;0;0;10;0;0
06.01.2017;10;0;0;0;0;0;0;0;0;0;0;0;0;0;27;32;27;19;0;20;0;1;0;29;18;0;26;16;22;0;0;19;0;0
06.01.2017;11;0;0;0;0;0;0;0;0;0;0;0;0;0;20;28;20;18;0;16;0;2;0;22;19;0;16;19;21;0;0;22;0;0
06.01.2017;12;0;0;0;0;0;0;0;0;0;0;0;0;0;24;33;25;15;0;13;0;0;0;22;23;0;18;16;22;0;0;21;0;0
06.01.2017;13;0;0;0;0;0;0;0;0;0;0;0;0;0;41;39;30;25;0;29;0;0;10;19;21;0;15;18;20;8;0;38;0;0
06.01.2017;14;0;0;0;0;0;0;0;0;0;0;0;0;0;15;36;7;16;0;21;0;0;19;18;17;0;16;20;17;17;0;16;0;2
06.01.2017;15;0;0;0;0;0;0;0;0;0;0;0;0;0;16;33;0;15;0;21;0;0;25;30;33;0;14;26;23;16;0;16;0;0
06.01.2017;16;0;0;0;0;0;0;0;0;0;0;0;0;0;24;50;0;37;0;41;0;0;25;23;25;0;23;21;26;9;0;19;0;0
06.01.2017;17;0;0;0;0;0;0;0;0;0;0;0;0;0;19;46;0;43;0;45;0;0;18;19;19;0;26;20;19;0;0;17;0;0
06.01.2017;18;0;0;0;0;0;0;0;0;0;0;0;0;0;13;36;0;35;0;36;0;2;8;29;15;0;34;23;9;0;0;17;0;0
06.01.2017;19;0;0;0;0;0;0;0;0;0;0;0;0;0;10;39;0;37;0;38;0;0;0;31;11;0;22;22;14;0;0;16;0;0
06.01.2017;20;0;0;0;0;0;0;0;0;0;0;0;0;0;0;31;0;49;0;42;0;0;0;36;13;0;20;0;32;0;0;23;0;0
06.01.2017;21;0;0;0;0;0;0;0;0;0;0;0;0;0;0;20;0;37;0;39;0;1;0;23;10;0;22;0;22;0;0;14;0;0
06.01.2017;22;0;0;0;0;0;0;0;0;0;0;0;0;0;0;25;0;38;0;42;0;0;0;17;11;0;18;0;32;0;0;7;0;0
06.01.2017;23;0;0;0;0;0;0;0;0;0;0;0;0;0;0;18;0;35;0;48;0;0;0;9;10;0;18;0;22;0;0;5;0;0
06.01.2017;24;0;0;0;0;0;0;0;0;0;0;0;0;0;0;11;0;21;0;25;0;0;0;16;10;0;14;0;13;0;0;6;0;0
07.01.2017;1;0;0;0;0;0;0;0;0;0;0;0;0;0;0;11;0;16;0;19;0;0;0;24;7;0;11;0;12;0;0;7;0;0
07.01.2017;2;0;0;0;0;0;0;0;0;0;0;0;0;0;0;12;0;7;0;15;0;0;0;23;11;0;14;0;9;0;0;13;0;0
07.01.2017;3;0;0;0;0;0;0;0;0;0;0;0;0;0;0;25;0;14;0;24;0;1;0;20;27;0;14;0;15;0;0;17;0;0
07.01.2017;4;0;0;0;0;0;0;0;0;0;0;0;0;0;0;30;0;31;0;36;6;0;0;17;36;0;18;0;22;0;0;16;0;0
07.01.2017;5;0;0;0;0;0;0;0;0;0;0;0;0;0;12;20;0;27;0;44;15;0;0;14;14;0;27;9;9;0;0;14;0;0
07.01.2017;6;0;0;0;0;0;0;0;0;0;0;0;0;0;12;19;0;27;0;26;9;0;0;17;14;0;27;8;12;0;0;11;0;0
07.01.2017;7;0;0;0;0;0;0;0;0;0;0;0;0;0;14;23;0;21;0;19;0;1;0;22;13;0;36;14;22;0;0;6;0;0
07.01.2017;8;0;0;0;0;0;0;0;0;0;0;0;0;0;14;31;0;23;0;24;0;0;0;27;9;0;25;10;26;0;0;3;0;0
07.01.2017;9;0;0;0;0;0;0;0;0;0;0;0;0;0;20;44;0;23;0;26;0;1;0;24;15;0;18;10;28;0;0;10;0;0
07.01.2017;10;0;0;0;0;0;0;0;0;0;0;0;0;0;29;53;0;14;0;23;0;1;0;28;23;0;32;12;28;0;0;15;0;0
07.01.2017;11;0;0;0;0;0;0;0;0;0;0;0;0;0;20;41;0;15;0;15;0;1;0;30;13;0;26;14;18;0;0;17;0;0
07.01.2017;12;0;0;0;0;0;0;0;0;0;0;0;0;0;26;51;0;19;0;18;0;1;0;27;25;0;20;19;26;0;0;16;0;0
07.01.2017;13;0;0;0;0;0;0;0;0;0;0;0;0;0;29;52;0;18;0;19;0;0;3;37;30;0;26;16;27;0;0;26;0;0
07.01.2017;14;0;0;0;0;0;0;0;0;0;0;0;0;0;27;49;0;15;0;21;0;0;23;29;24;1;33;12;25;0;0;22;0;0
07.01.2017;15;0;0;0;0;0;0;0;0;0;0;0;0;0;23;48;0;21;0;26;0;0;30;33;19;13;30;26;27;0;0;20;0;0
07.01.2017;16;0;0;0;0;0;0;0;0;0;0;0;0;0;32;56;0;37;0;37;0;0;32;21;17;15;17;31;27;0;0;22;0;0
07.01.2017;17;0;0;0;0;0;0;0;0;0;0;0;0;0;21;41;0;29;0;34;0;0;10;34;18;28;25;21;16;0;0;21;0;0
07.01.2017;18;0;0;0;0;0;0;0;0;0;0;0;0;0;16;39;0;21;0;20;0;0;0;40;15;1;21;26;16;0;0;17;0;1
07.01.2017;19;0;0;0;0;0;0;0;0;0;0;0;0;0;16;42;0;35;0;38;0;1;0;41;19;0;17;21;25;0;0;19;0;0
07.01.2017;20;0;0;0;0;0;0;0;0;0;0;0;0;0;11;36;0;48;0;41;0;1;0;29;14;0;18;1;24;0;0;21;0;0
07.01.2017;21;0;0;0;0;0;0;0;0;0;0;0;0;0;0;27;0;37;0;35;0;0;0;34;17;0;17;0;27;0;0;11;0;0
07.01.2017;22;0;0;0;0;0;0;0;0;0;0;0;0;0;0;30;0;37;0;41;0;0;0;19;12;0;16;0;31;0;0;9;0;1
07.01.2017;23;0;0;0;0;0;0;0;0;0;0;0;0;0;0;23;0;33;0;38;0;0;0;10;9;0;8;0;26;0;0;8;0;0
07.01.2017;24;0;0;0;0;0;0;0;0;0;0;0;0;0;0;14;0;22;0;26;0;0;0;13;2;0;12;0;18;0;0;2;0;0
08.01.2017;1;0;0;0;0;0;0;0;0;0;0;0;0;0;0;13;0;18;0;24;0;0;0;15;6;0;12;0;17;0;0;4;0;0
08.01.2017;2;0;0;0;0;0;0;0;0;0;0;0;0;0;0;20;0;6;0;15;0;0;0;23;14;0;14;0;16;0;0;11;0;1
08.01.2017;3;0;0;0;0;0;0;0;0;0;0;0;0;0;0;28;0;7;0;19;0;1;0;20;20;0;13;0;20;0;0;19;0;0
08.01.2017;4;0;0;0;0;0;0;0;0;0;0;0;0;0;0;33;0;25;5;32;4;0;0;18;28;0;19;0;24;0;0;22;0;0
08.01.2017;5;0;0;0;0;0;0;0;0;0;0;0;0;0;0;26;0;32;22;25;12;0;0;11;15;0;22;4;18;0;0;10;0;0
08.01.2017;6;0;0;0;0;0;0;0;0;0;0;0;0;0;0;30;0;27;11;27;14;1;0;11;8;0;24;13;21;0;0;7;0;0
08.01.2017;7;0;0;0;0;0;0;0;0;0;0;0;0;0;4;26;0;18;0;23;0;0;0;19;15;0;33;9;21;0;0;5;0;0
08.01.2017;8;0;0;0;0;0;0;0;0;0;0;0;0;0;18;44;0;25;0;24;0;0;0;29;12;0;29;6;30;0;0;6;0;0
08.01.2017;9;0;0;0;0;0;0;0;0;0;0;0;0;0;34;56;0;28;0;31;0;0;0;26;19;0;23;8;31;0;0;19;0;0
08.01.2017;10;0;0;0;0;0;0;0;0;0;0;0;0;0;38;62;0;18;0;21;0;1;0;28;28;0;29;14;23;0;0;29;0;0
08.01.2017;11;0;0;0;0;0;0;0;0;0;0;0;0;0;22;41;9;16;0;19;0;2;0;33;30;0;27;16;23;0;0;26;0;0
08.01.2017;12;0;0;0;0;0;0;0;0;0;0;0;0;0;28;33;25;15;0;14;0;0;0;32;31;0;24;16;26;0;0;20;0;0
08.01.2017;13;0;0;0;0;0;0;0;0;0;0;0;0;0;33;36;21;25;0;27;0;1;13;24;26;0;27;21;21;0;0;33;0;0
08.01.2017;14;0;0;0;0;0;0;0;0;0;0;0;0;0;21;17;21;22;0;30;0;0;14;22;11;8;33;19;18;0;0;23;0;0
08.01.2017;15;0;0;0;0;0;0;0;0;0;0;0;0;0;22;20;24;17;0;20;0;0;30;32;24;20;27;22;26;16;0;18;0;5
08.01.2017;16;0;0;0;0;0;0;0;0;0;0;0;0;0;36;32;30;35;0;40;0;0;28;21;32;15;24;16;29;10;0;19;0;0
08.01.2017;17;0;0;0;0;0;0;0;0;0;0;0;0;0;16;34;14;38;0;32;0;0;17;29;37;0;26;18;13;0;0;24;0;0
08.01.2017;18;0;0;0;0;0;0;0;0;0;0;0;0;0;16;38;0;45;0;44;0;1;0;36;25;0;28;22;15;0;0;22;0;0
08.01.2017;19;0;0;0;0;0;0;0;0;0;0;0;0;0;12;33;0;36;0;32;0;0;0;36;18;0;33;23;13;0;0;21;0;0
08.01.2017;20;0;0;0;0;0;0;0;0;0;0;0;0;0;11;47;0;52;0;51;0;1;0;35;11;0;22;18;28;0;0;17;0;0
08.01.2017;21;0;0;0;0;0;0;0;0;0;0;0;0;0;0;23;0;29;0;34;0;0;0;24;14;0;22;0;25;0;0;18;0;0
08.01.2017;22;0;0;0;0;0;0;0;0;0;0;0;0;0;0;19;0;44;0;32;0;0;0;13;10;0;23;0;22;0;0;9;0;0
08.01.2017;23;0;0;0;0;0;0;0;0;0;0;0;0;0;0;27;0;34;0;40;0;0;0;10;10;0;16;0;28;0;0;10;0;0
08.01.2017;24;0;0;0;0;0;0;0;0;0;0;0;0;0;0;15;0;15;0;23;0;0;0;10;9;0;15;0;19;0;0;3;0;0
09.01.2017;1;0;0;0;0;0;0;0;0;0;0;0;0;0;0;14;0;13;0;14;0;0;0;16;7;0;9;0;12;0;0;8;0;0
09.01.2017;2;0;0;0;0;0;0;0;0;0;0;0;0;0;0;22;0;5;0;13;0;0;0;25;17;0;16;0;18;0;0;15;0;0
09.01.2017;3;0;0;0;0;0;0;0;0;0;0;0;0;0;0;34;0;16;0;29;0;1;0;17;33;0;11;0;22;0;0;19;0;0
09.01.2017;4;0;0;0;0;0;0;0;0;0;0;0;0;0;1;39;0;41;11;57;11;0;0;26;38;0;20;6;22;0;0;23;0;0
09.01.2017;5;0;0;0;0;0;0;0;0;0;0;0;0;0;15;26;0;46;13;39;12;1;0;16;15;0;21;12;12;0;0;17;0;0
09.01.2017;6;0;0;0;0;0;0;0;0;0;0;0;0;0;12;23;0;31;0;26;0;0;0;17;9;0;22;11;18;0;0;10;0;0
09.01.2017;7;0;0;0;0;0;0;0;0;0;0;0;0;0;11;18;0;22;0;30;0;0;0;21;14;0;34;14;22;0;0;3;0;0
09.01.2017;8;0;0;0;0;0;0;0;0;0;0;0;0;0;20;41;0;27;0;27;0;0;0;26;18;0;27;8;38;0;0;5;0;0
09.01.2017;9;0;0;0;0;0;0;0;0;0;0;0;0;0;24;51;0;29;0;34;0;0;0;31;30;0;27;15;33;0;0;17;0;0
09.01.2017;10;0;0;0;0;0;0;0;0;0;0;0;0;0;29;56;0;15;0;17;0;1;0;20;28;0;26;14;26;0;0;19;0;0
09.01.2017;11;0;0;0;0;0;0;0;0;0;0;0;0;0;24;48;0;15;0;16;0;2;0;31;27;0;21;18;18;0;0;21;0;0
09.01.2017;12;0;0;0;0;0;0;0;0;0;0;0;0;0;26;46;0;19;0;20;0;2;0;35;25;0;19;19;22;0;0;21;0;0
09.01.2017;13;0;0;0;0;0;0;0;0;0;0;0;0;0;31;32;19;23;0;34;0;0;10;29;14;6;22;15;27;13;0;31;0;0
09.01.2017;14;0;0;0;0;0;0;0;0;0;0;0;0;0;27;25;20;18;0;28;0;0;21;27;18;4;20;19;21;17;0;18;0;0
09.01.2017;15;0;0;0;0;0;0;0;0;0;0;0;0;0;21;23;20;21;0;35;0;0;27;32;25;11;20;22;23;22;0;15;0;1
09.01.2017;16;0;0;0;0;0;0;0;0;0;0;0;0;0;30;29;25;36;0;47;0;0;28;22;19;21;10;14;24;17;0;22;0;0
09.01.2017;17;0;0;0;0;0;0;0;0;0;0;0;0;0;19;39;13;33;0;29;0;0;16;18;30;1;17;26;16;3;0;22;0;0
09.01.2017;18;0;0;0;0;0;0;0;0;0;0;0;0;0;10;34;0;39;0;40;0;1;17;18;20;0;21;23;17;11;0;12;0;0
09.01.2017;19;0;0;0;0;0;0;0;0;0;0;0;0;0;11;36;0;38;0;33;0;1;16;22;16;0;20;23;9;3;0;17;0;1
09.01.2017;20;0;0;0;0;0;0;0;0;0;0;0;0;0;10;29;0;44;0;50;0;1;2;36;16;0;31;15;18;0;0;20;0;0
09.01.2017;21;0;0;0;0;0;0;0;0;0;0;0;0;0;0;24;0;33;0;33;0;0;0;30;12;0;25;0;24;0;0;10;0;0
09.01.2017;22;0;0;0;0;0;0;0;0;0;0;0;0;0;0;23;0;32;0;30;0;0;0;15;13;0;15;0;24;0;0;9;0;0
09.01.2017;23;0;0;0;0;0;0;0;0;0;0;0;0;0;0;19;0;24;0;28;0;0;0;12;13;0;19;0;20;0;0;8;0;0
09.01.2017;24;0;0;0;0;0;0;0;0;0;0;0;0;0;0;10;0;19;0;25;0;0;0;7;7;0;12;0;12;0;0;2;0;0
10.01.2017;1;0;0;0;0;0;0;0;0;0;0;0;0;0;0;9;0;7;0;12;0;0;0;17;1;0;9;0;11;0;0;5;0;0
10.01.2017;2;0;0;0;0;0;0;0;0;0;0;0;0;0;0;17;0;7;0;17;0;0;0;26;12;0;14;0;21;0;0;8;0;0
10.01.2017;3;0;0;0;0;0;0;0;0;0;0;0;0;0;0;24;0;17;0;31;0;1;0;21;25;0;17;0;20;0;0;17;0;0
10.01.2017;4;0;0;0;0;0;0;0;0;0;0;0;0;0;0;33;0;30;10;38;12;0;0;20;34;0;23;0;24;0;0;23;0;0
10.01.2017;5;0;0;0;0;0;0;0;0;0;0;0;0;0;4;28;0;34;16;32;23;0;0;12;17;0;21;7;16;0;0;16;0;0
10.01.2017;6;0;0;0;0;0;0;0;0;0;0;0;0;0;12;22;0;25;2;21;8;1;0;17;9;0;18;10;16;0;0;11;0;0
10.01.2017;7;0;0;0;0;0;0;0;0;0;0;0;0;0;10;25;2;15;0;19;0;0;0;26;17;0;32;11;22;0;0;4;0;0
10.01.2017;8;0;0;0;0;0;0;0;0;0;0;0;0;0;15;24;29;31;0;33;0;0;0;25;17;0;34;12;39;6;0;5;0;3
10.01.2017;9;0;0;0;0;0;0;0;0;0;0;0;0;0;23;24;34;25;0;32;0;0;5;25;17;0;18;12;37;11;0;11;0;4
10.01.2017;10;0;0;0;0;0;0;0;0;0;0;0;0;0;29;25;36;19;0;22;0;2;8;23;27;0;18;13;29;11;0;20;0;0
10.01.2017;11;0;0;0;0;0;0;0;0;0;0;0;0;0;23;23;22;16;0;19;0;3;12;24;15;9;14;14;25;11;0;19;0;2
10.01.2017;12;0;0;0;0;0;0;0;0;0;0;0;0;0;26;25;25;22;0;17;0;0;15;19;10;10;17;15;25;11;0;17;0;2
10.01.2017;13;0;0;0;0;0;0;0;0;0;0;0;0;0;23;31;26;28;0;32;0;0;13;22;15;11;15;21;17;18;0;27;0;0
10.01.2017;14;0;0;0;0;0;0;0;0;0;0;0;0;0;22;27;17;18;0;26;0;1;19;29;15;13;26;25;15;24;0;23;0;0
10.01.2017;15;0;0;0;0;0;0;0;0;0;0;0;0;0;27;27;27;17;0;27;0;0;24;37;16;21;24;30;23;23;0;19;0;2
10.01.2017;16;0;0;0;0;0;0;0;0;0;0;0;0;0;34;65;10;36;0;34;0;0;23;19;38;6;21;23;25;12;0;27;0;3
10.01.2017;17;0;0;0;0;0;0;0;0;0;0;0;0;0;19;38;0;33;0;45;0;0;19;14;19;0;22;24;15;0;0;24;0;0
10.01.2017;18;0;0;0;0;0;0;0;0;0;0;0;0;0;14;35;0;32;0;34;0;1;12;30;19;0;26;23;10;0;0;14;0;0
10.01.2017;19;0;0;0;0;0;0;0;0;0;0;0;0;0;14;33;0;31;0;34;0;1;0;33;8;0;24;21;5;0;0;21;0;0
10.01.2017;20;0;0;0;0;0;0;0;0;0;0;0;0;0;7;28;0;46;0;41;0;1;0;35;6;0;21;12;23;0;0;15;0;0
10.01.2017;21;0;0;0;0;0;0;0;0;0;0;0;0;0;0;23;0;33;0;34;0;0;0;24;15;0;17;0;21;0;0;13;0;0
10.01.2017;22;0;0;0;0;0;0;0;0;0;0;0;0;0;0;23;0;30;0;35;0;0;0;16;14;0;14;0;26;0;0;7;0;0
10.01.2017;23;0;0;0;0;0;0;0;0;0;0;0;0;0;0;24;0;26;0;34;0;0;0;9;12;0;17;0;20;0;0;8;0;0
10.01.2017;24;0;0;0;0;0;0;0;0;0;0;0;0;0;0;12;0;7;0;15;0;0;0;8;7;0;14;0;9;0;0;3;0;0
11.01.2017;1;0;0;0;0;0;0;0;0;0;0;0;0;0;0;9;0;2;0;6;0;0;0;15;3;0;11;0;5;0;0;6;0;0
11.01.2017;2;0;0;0;0;0;0;0;0;0;0;0;0;0;0;18;0;5;0;13;0;0;0;20;12;0;11;0;21;0;0;7;0;0
11.01.2017;3;0;0;0;0;0;0;0;0;0;0;0;0;0;0;37;0;17;0;35;0;1;0;23;22;0;15;0;22;0;0;18;0;0
11.01.2017;4;0;0;0;0;0;0;0;0;0;0;0;0;0;0;38;0;35;3;45;6;0;0;25;39;0;18;0;21;0;0;30;0;0
11.01.2017;5;0;0;0;0;0;0;0;0;0;0;0;0;0;3;25;0;29;16;36;21;0;0;13;17;0;19;6;23;0;0;19;0;0
11.01.2017;6;0;0;0;0;0;0;0;0;0;0;0;0;0;14;20;0;17;0;24;12;1;0;19;8;0;28;15;21;0;0;10;0;0
11.01.2017;7;0;0;0;0;0;0;0;0;0;0;0;0;0;15;24;0;25;0;26;0;0;0;24;18;0;33;12;20;0;0;5;0;0
11.01.2017;8;0;0;0;0;0;0;0;0;0;0;0;0;0;18;22;23;32;0;35;0;0;0;31;10;1;26;14;40;19;0;5;0;0
11.01.2017;9;0;0;0;0;0;0;0;0;0;0;0;0;0;26;30;34;27;0;36;0;2;0;40;21;4;15;6;38;13;0;12;0;1
11.01.2017;10;0;0;0;0;0;0;0;0;0;0;0;0;0;40;29;41;21;0;25;0;2;0;35;21;11;15;17;28;15;0;30;0;0
11.01.2017;11;0;0;0;0;0;0;0;0;0;0;0;0;0;26;21;24;16;0;15;0;3;13;34;25;8;11;20;23;8;0;28;0;3
11.01.2017;12;0;0;0;0;0;0;0;0;0;0;0;0;0;22;23;20;18;0;20;0;0;19;19;28;1;9;16;23;7;0;18;0;1
11.01.2017;13;0;0;0;0;0;0;0;0;0;0;0;0;0;29;38;29;29;0;36;0;1;13;22;15;0;16;22;22;13;0;23;0;1
11.01.2017;14;0;0;0;0;0;0;0;0;0;0;0;0;0;18;40;0;18;0;28;0;0;20;26;20;0;25;26;15;18;0;14;0;2
11.01.2017;15;0;0;0;0;0;0;0;0;0;0;0;0;0;23;42;0;13;0;20;0;0;24;27;28;0;22;34;27;21;0;13;0;1
11.01.2017;16;0;0;0;0;0;0;0;0;0;0;0;0;0;23;44;0;34;0;34;0;0;26;25;28;0;21;24;21;13;0;16;0;0
11.01.2017;17;0;0;0;0;0;0;0;0;0;0;0;0;0;15;38;0;35;0;32;0;0;0;31;23;0;19;26;18;10;0;22;0;0
11.01.2017;18;0;0;0;0;0;0;0;0;0;0;0;0;0;15;37;0;30;0;33;0;2;0;28;13;0;20;19;5;15;0;21;0;0
11.01.2017;19;0;0;0;0;0;0;0;0;0;0;0;0;0;11;34;0;27;0;30;0;2;0;31;10;0;33;26;7;0;0;14;0;0
11.01.2017;20;0;0;0;0;0;0;0;0;0;0;0;0;0;12;28;0;40;0;40;0;0;0;29;14;0;30;25;15;0;0;22;0;0
11.01.2017;21;0;0;0;0;0;0;0;0;0;0;0;0;0;0;17;0;34;0;39;0;1;0;22;8;0;25;0;29;0;0;9;0;1
11.01.2017;22;0;0;0;0;0;0;0;0;0;0;0;0;0;0;23;0;25;0;27;0;0;0;7;13;0;24;0;25;0;0;9;0;0
11.01.2017;23;0;0;0;0;0;0;0;0;0;0;0;0;0;0;18;0;20;0;28;0;1;0;7;7;0;22;0;17;0;0;4;0;0
11.01.2017;24;0;0;0;0;0;0;0;0;0;0;0;0;0;0;11;0;9;0;20;0;1;0;11;8;0;14;0;14;0;0;3;0;0
12.01.2017;1;0;0;0;0;0;0;0;0;0;0;0;0;0;0;12;0;4;0;7;0;0;0;16;9;0;5;0;7;0;0;6;0;0
12.01.2017;2;0;0;0;0;0;0;0;0;0;0;0;0;0;0;13;0;7;0;13;0;0;0;16;12;0;8;0;21;0;0;10;0;0
12.01.2017;3;0;0;0;0;0;0;0;0;0;0;0;0;0;0;21;0;22;0;29;0;1;0;16;28;0;12;0;23;0;0;22;0;1
12.01.2017;4;0;0;0;0;0;0;0;0;0;0;0;0;0;5;29;0;38;10;47;15;0;0;18;29;0;9;8;20;0;0;24;0;0
12.01.2017;5;0;0;0;0;0;0;0;0;0;0;0;0;0;19;27;0;35;22;30;27;0;0;16;19;0;23;14;10;0;0;21;0;0
12.01.2017;6;0;0;0;0;0;0;0;0;0;0;0;0;0;11;23;0;16;4;16;11;1;0;23;12;0;22;11;15;0;0;13;0;0
12.01.2017;7;0;0;0;0;0;0;0;0;0;0;0;0;0;16;28;0;27;0;28;0;0;0;26;16;0;23;13;23;0;0;8;0;0
12.01.2017;8;0;0;0;0;0;0;0;0;0;0;0;0;0;22;34;0;27;0;22;0;0;0;19;10;0;23;10;36;0;0;6;0;0
12.01.2017;9;0;0;0;0;0;0;0;0;0;0;0;0;0;19;40;0;29;0;33;0;2;0;20;16;0;31;11;34;0;0;9;0;0
12.01.2017;10;0;0;0;0;0;0;0;0;0;0;0;0;0;34;52;0;19;0;27;0;1;0;37;21;0;30;15;28;0;0;27;0;1
12.01.2017;11;0;0;0;0;0;0;0;0;0;0;0;0;0;23;44;0;23;0;21;0;2;16;30;27;0;23;10;23;0;0;23;0;0
12.01.2017;12;0;0;0;0;0;0;0;0;0;0;0;0;0;27;49;0;25;0;25;0;0;22;24;26;0;22;20;26;0;0;22;0;0
12.01.2017;13;0;0;0;0;0;0;0;0;0;0;0;0;0;32;56;0;31;0;38;0;0;19;29;26;0;20;18;22;11;0;27;0;2
12.01.2017;14;0;0;0;0;0;0;0;0;0;0;0;0;0;23;47;0;15;0;22;0;0;19;26;24;0;23;29;17;13;0;27;0;0
12.01.2017;15;0;0;0;0;0;0;0;0;0;0;0;0;0;22;40;0;17;0;24;0;0;30;36;38;0;16;28;17;10;0;22;0;0
12.01.2017;16;0;0;0;0;0;0;0;0;0;0;0;0;0;26;50;0;33;0;32;0;0;27;24;25;0;20;16;20;2;0;19;0;0
12.01.2017;17;0;0;0;0;0;0;0;0;0;0;0;0;0;23;46;0;29;0;29;0;0;17;22;21;0;28;27;21;0;0;23;0;0
12.01.2017;18;0;0;0;0;0;0;0;0;0;0;0;0;0;16;32;0;26;0;24;0;0;0;29;15;0;24;26;16;0;0;17;0;0
12.01.2017;19;0;0;0;0;0;0;0;0;0;0;0;0;0;12;32;0;37;0;39;0;2;0;29;7;0;25;16;13;0;0;21;0;0
12.01.2017;20;0;0;0;0;0;0;0;0;0;0;0;0;0;0;30;0;30;0;37;0;1;0;38;8;0;28;1;23;0;0;19;0;0
12.01.2017;21;0;0;0;0;0;0;0;0;0;0;0;0;0;0;22;0;37;0;39;0;0;0;24;14;0;20;0;20;0;0;16;0;0
12.01.2017;22;0;0;0;0;0;0;0;0;0;0;0;0;0;0;26;0;36;0;45;0;1;0;17;7;0;23;0;27;0;0;10;0;0
12.01.2017;23;0;0;0;0;0;0;0;0;0;0;0;0;0;0;25;0;27;0;40;0;0;0;9;8;0;15;0;21;0;0;8;0;0
12.01.2017;24;0;0;0;0;0;0;0;0;0;0;0;0;0;0;12;0;16;0;19;0;0;0;14;10;0;17;0;8;0;0;3;0;0
13.01.2017;1;0;0;0;0;0;0;0;0;0;0;0;0;0;0;11;0;12;0;22;0;0;0;16;4;0;14;0;10;0;0;4;0;0
13.01.2017;2;0;0;0;0;0;0;0;0;0;0;0;0;0;0;19;0;6;0;13;0;0;0;15;13;0;9;0;27;0;0;9;0;0
13.01.2017;3;0;0;0;0;0;0;0;0;0;0;0;0;0;0;25;0;19;0;27;0;1;0;13;24;0;12;0;20;0;0;15;0;0
13.01.2017;4;0;0;0;0;0;0;0;0;0;0;0;0;0;0;32;0;25;0;38;7;0;0;20;24;0;19;0;31;0;0;16;0;0
13.01.2017;5;0;0;0;0;0;0;0;0;0;0;0;0;0;14;28;0;29;0;48;22;0;0;17;10;0;17;14;18;0;0;14;0;0
13.01.2017;6;0;0;0;0;0;0;0;0;0;0;0;0;0;12;20;0;30;0;26;11;0;0;13;7;0;25;10;16;0;0;10;0;0
13.01.2017;7;0;0;0;0;0;0;0;0;0;0;0;0;0;18;26;0;23;0;21;0;0;0;23;10;0;27;12;25;0;0;6;0;1
13.01.2017;8;0;0;0;0;0;0;0;0;0;0;0;0;0;20;45;0;35;0;33;0;0;0;28;12;0;31;12;38;0;0;4;0;0
13.01.2017;9;0;0;0;0;0;0;0;0;0;0;0;0;0;22;43;18;33;0;39;0;1;0;29;27;0;20;17;28;0;0;12;0;0
13.01.2017;10;0;0;0;0;0;0;0;0;0;0;0;0;0;23;22;41;20;0;22;0;1;0;32;27;0;31;22;17;0;0;20;0;1
13.01.2017;11;0;0;0;0;0;0;0;0;0;0;0;0;0;15;26;24;18;0;16;0;3;15;31;28;0;31;30;23;0;0;19;0;0
13.01.2017;12;0;0;0;0;0;0;0;0;0;0;0;0;0;23;50;1;22;0;20;0;0;16;16;13;0;25;16;24;0;0;16;0;0
13.01.2017;13;0;0;0;0;0;0;0;0;0;0;0;0;0;25;46;0;23;0;28;0;0;11;23;23;0;31;16;17;0;0;27;0;0
13.01.2017;14;0;0;0;0;0;0;0;0;0;0;0;0;0;10;29;0;21;0;29;0;0;22;30;19;0;29;19;18;0;0;11;0;0
13.01.2017;15;0;0;0;0;0;0;0;0;0;0;0;0;0;20;39;0;18;0;28;0;0;33;35;29;0;42;23;26;0;0;14;0;0
13.01.2017;16;0;0;0;0;0;0;0;0;0;0;0;0;0;23;58;0;39;0;44;0;0;18;29;29;0;26;30;23;0;0;15;0;0
13.01.2017;17;0;0;0;0;0;0;0;0;0;0;0;0;0;16;38;0;36;0;39;0;0;1;36;19;0;34;28;18;0;0;15;0;0
13.01.2017;18;0;0;0;0;0;0;0;0;0;0;0;0;0;14;27;0;37;0;39;0;1;0;37;19;0;32;14;7;0;0;15;0;0
13.01.2017;19;0;0;0;0;0;0;0;0;0;0;0;0;0;17;34;0;38;0;40;0;1;0;41;9;0;28;22;9;0;0;19;0;0
13.01.2017;20;0;0;0;0;0;0;0;0;0;0;0;0;0;8;28;0;43;0;46;0;1;0;33;19;0;27;8;30;0;0;21;0;0
13.01.2017;21;0;0;0;0;0;0;0;0;0;0;0;0;0;0;21;0;32;0;37;0;1;0;18;12;0;24;0;24;0;0;11;0;0
13.01.2017;22;0;0;0;0;0;0;0;0;0;0;0;0;0;0;23;0;30;0;34;0;0;0;13;7;0;26;0;23;0;0;6;0;0
13.01.2017;23;0;0;0;0;0;0;0;0;0;0;0;0;0;0;19;0;22;0;35;0;0;0;9;12;0;22;0;20;0;0;6;0;0
13.01.2017;24;0;0;0;0;0;0;0;0;0;0;0;0;0;0;10;0;13;0;22;0;0;0;14;21;0;10;0;11;0;0;12;0;0
14.01.2017;1;0;0;0;0;0;0;0;0;0;0;0;0;0;0;13;0;6;0;12;0;0;0;18;12;0;4;0;12;0;0;11;0;0
14.01.2017;2;0;0;0;0;0;0;0;0;0;0;0;0;0;0;17;0;8;0;24;0;0;0;21;14;0;17;0;18;0;0;16;0;0
14.01.2017;3;0;0;0;0;0;0;0;0;0;0;0;0;0;0;25;0;24;0;33;0;1;0;15;24;0;16;0;18;0;0;19;0;0
14.01.2017;4;0;0;0;0;0;0;0;0;0;0;0;0;0;0;41;0;25;5;36;11;0;0;21;34;0;19;0;24;0;0;23;0;0
14.01.2017;5;0;0;0;0;0;0;0;0;0;0;0;0;0;0;27;0;24;13;33;26;0;0;11;21;0;19;1;20;0;0;20;0;0
14.01.2017;6;0;0;0;0;0;0;0;0;0;0;0;0;0;0;23;0;17;2;19;10;1;0;14;12;0;24;7;16;0;0;11;0;0
14.01.2017;7;0;0;0;0;0;0;0;0;0;0;0;0;0;0;25;0;21;0;30;0;0;0;24;16;0;27;15;22;0;0;6;0;0
14.01.2017;8;0;0;0;0;0;0;0;0;0;0;0;0;0;15;31;0;31;0;33;0;0;0;33;20;0;41;10;30;0;0;3;0;0
14.01.2017;9;0;0;0;0;0;0;0;0;0;0;0;0;0;23;50;0;25;0;30;0;1;0;26;25;0;25;9;28;0;0;10;0;1
14.01.2017;10;0;0;0;0;0;0;0;0;0;0;0;0;0;21;50;0;19;0;23;0;2;0;26;24;0;22;16;22;0;0;13;0;0
14.01.2017;11;0;0;0;0;0;0;0;0;0;0;0;0;0;27;40;9;19;0;14;0;2;0;26;21;0;21;18;24;0;0;19;0;0
14.01.2017;12;0;0;0;0;0;0;0;0;0;0;0;0;0;36;30;28;14;0;13;0;1;0;26;29;0;17;18;28;0;0;24;0;2
14.01.2017;13;0;0;0;0;0;0;0;0;0;0;0;0;0;39;33;20;25;0;24;0;0;0;47;26;0;29;17;29;0;0;36;0;0
14.01.2017;14;0;0;0;0;0;0;0;0;0;0;0;0;0;22;23;16;17;0;20;0;0;18;30;26;0;29;28;22;0;0;21;0;0
14.01.2017;15;0;0;0;0;0;0;0;0;0;0;0;0;0;15;17;19;11;0;17;0;0;26;29;38;0;26;28;19;0;0;16;0;0
14.01.2017;16;0;0;0;0;0;0;0;0;0;0;0;0;0;32;59;5;38;0;39;0;0;26;15;33;0;21;24;28;0;0;18;0;0
14.01.2017;17;0;0;0;0;0;0;0;0;0;0;0;0;0;21;42;0;29;0;27;0;0;4;31;25;0;21;24;20;0;0;20;0;0
14.01.2017;18;0;0;0;0;0;0;0;0;0;0;0;0;0;9;28;0;23;0;30;0;1;0;29;23;0;19;19;10;0;0;12;0;0
14.01.2017;19;0;0;0;0;0;0;0;0;0;0;0;0;0;14;31;0;23;0;27;0;0;0;31;11;0;27;22;6;0;0;23;0;0
14.01.2017;20;0;0;0;0;0;0;0;0;0;0;0;0;0;2;30;0;31;0;37;0;0;0;35;12;0;26;8;22;0;0;25;0;0
14.01.2017;21;0;0;0;0;0;0;0;0;0;0;0;0;0;0;19;0;25;0;39;0;1;0;19;16;0;24;0;23;0;0;12;0;0
14.01.2017;22;0;0;0;0;0;0;0;0;0;0;0;0;0;0;24;0;25;0;33;0;0;0;12;11;0;19;0;29;0;0;9;0;0
14.01.2017;23;0;0;0;0;0;0;0;0;0;0;0;0;0;0;18;0;19;0;31;0;0;0;5;9;0;15;0;21;0;0;6;0;0
14.01.2017;24;0;0;0;0;0;0;0;0;0;0;0;0;0;0;12;0;11;0;19;0;0;0;16;14;0;17;0;10;0;0;4;0;0
15.01.2017;1;0;0;0;0;0;0;0;0;0;0;0;0;0;0;13;0;8;0;13;0;0;0;16;9;0;11;0;10;0;0;7;0;0
15.01.2017;2;0;0;0;0;0;0;0;0;0;0;0;0;0;0;18;0;9;0;13;0;0;0;19;11;0;11;0;13;0;0;13;0;0
15.01.2017;3;0;0;0;0;0;0;0;0;0;0;0;0;0;0;20;0;26;0;30;0;1;0;16;20;0;13;0;20;0;0;16;0;0
15.01.2017;4;0;0;0;0;0;0;0;0;0;0;0;0;0;0;32;0;37;0;41;0;0;0;16;25;0;10;0;23;0;0;19;0;0
15.01.2017;5;0;0;0;0;0;0;0;0;0;0;0;0;0;15;26;0;51;0;50;0;0;0;17;18;0;18;6;12;0;0;17;0;0
15.01.2017;6;0;0;0;0;0;0;0;0;0;0;0;0;0;16;18;0;31;0;25;0;1;0;13;13;0;20;8;17;0;0;13;0;0
15.01.2017;7;0;0;0;0;0;0;0;0;0;0;0;0;0;15;23;0;20;0;22;0;0;0;14;12;0;22;9;20;0;0;5;0;0
15.01.2017;8;0;0;0;0;0;0;0;0;0;0;0;0;0;23;35;0;28;0;28;0;0;0;23;19;0;34;4;34;0;0;8;0;2
15.01.2017;9;0;0;0;0;0;0;0;0;0;0;0;0;0;22;45;0;28;0;28;0;0;0;31;20;0;21;10;26;0;0;14;0;1
15.01.2017;10;0;0;0;0;0;0;0;0;0;0;0;0;0;34;39;27;18;0;24;0;1;0;31;25;0;24;15;25;0;0;21;0;0
15.01.2017;11;0;0;0;0;0;0;0;0;0;0;0;0;0;25;20;21;22;0;23;0;2;3;50;28;0;21;18;19;0;0;19;0;0
15.01.2017;12;0;0;0;0;0;0;0;0;0;0;0;0;0;27;26;23;22;0;19;0;1;23;35;30;1;17;21;24;0;0;20;0;0
15.01.2017;13;0;0;0;0;0;0;0;0;0;0;0;0;0;32;26;22;23;0;36;0;1;13;18;16;8;23;18;23;8;0;27;0;0
15.01.2017;14;0;0;0;0;0;0;0;0;0;0;0;0;0;21;22;23;26;0;34;0;0;18;24;16;9;19;20;15;13;0;21;0;0
15.01.2017;15;0;0;0;0;0;0;0;0;0;0;0;0;0;22;23;15;16;0;21;0;0;26;40;16;17;18;26;20;12;0;24;0;0
15.01.2017;16;0;0;0;0;0;0;0;0;0;0;0;0;0;22;38;9;25;0;21;0;1;30;24;20;5;16;18;19;11;0;16;0;0
15.01.2017;17;0;0;0;0;0;0;0;0;0;0;0;0;0;23;45;0;41;0;40;0;0;18;20;23;0;31;26;23;0;0;17;0;0
15.01.2017;18;0;0;0;0;0;0;0;0;0;0;0;0;0;20;35;0;31;0;41;0;0;19;20;20;0;28;23;15;0;0;17;0;0
15.01.2017;19;0;0;0;0;0;0;0;0;0;0;0;0;0;10;28;0;28;0;37;0;3;11;31;9;0;31;19;4;0;0;19;0;1
15.01.2017;20;0;0;0;0;0;0;0;0;0;0;0;0;0;9;36;0;32;0;39;0;1;0;24;15;0;29;21;17;0;0;15;0;0
15.01.2017;21;0;0;0;0;0;0;0;0;0;0;0;0;0;0;30;0;31;0;35;0;2;0;32;15;0;24;0;31;0;0;17;0;0
15.01.2017;22;0;0;0;0;0;0;0;0;0;0;0;0;0;0;19;0;31;0;34;0;0;0;24;13;0;26;0;30;0;0;8;0;1
15.01.2017;23;0;0;0;0;0;0;0;0;0;0;0;0;0;0;25;0;25;0;35;0;0;0;10;10;0;26;0;27;0;0;4;0;0
15.01.2017;24;0;0;0;0;0;0;0;0;0;0;0;0;0;0;11;0;13;0;23;0;0;0;11;10;0;13;0;17;0;0;5;0;0
16.01.2017;1;0;0;0;0;0;0;0;0;0;0;0;0;0;0;12;0;9;0;15;0;0;0;13;7;0;10;0;16;0;0;6;0;0
16.01.2017;2;0;0;0;0;0;0;0;0;0;0;0;0;0;0;21;0;8;0;16;0;0;0;21;16;0;9;0;20;0;0;11;0;0
16.01.2017;3;0;0;0;0;0;0;0;0;0;0;0;0;0;0;25;0;33;0;38;0;1;0;21;30;0;9;0;24;0;0;17;0;0
16.01.2017;4;0;0;0;0;0;0;0;0;0;0;0;0;0;0;32;0;35;12;38;14;1;0;24;28;0;16;0;20;0;0;16;0;0
16.01.2017;5;0;0;0;0;0;0;0;0;0;0;0;0;0;7;30;0;29;17;35;27;1;0;23;16;0;15;14;20;0;0;18;0;0
16.01.2017;6;0;0;0;0;0;0;0;0;0;0;0;0;0;11;18;0;24;3;28;16;1;0;17;11;0;22;6;12;0;0;11;0;2
16.01.2017;7;0;0;0;0;0;0;0;0;0;0;0;0;0;13;20;5;25;0;28;0;0;0;24;10;0;30;11;25;0;0;4;0;1
16.01.2017;8;0;0;0;0;0;0;0;0;0;0;0;0;0;17;20;25;37;0;40;0;0;0;31;18;0;33;10;38;0;0;7;0;4
16.01.2017;9;0;0;0;0;0;0;0;0;0;0;0;0;0;22;26;31;31;0;34;0;2;0;36;31;0;29;14;26;0;0;16;0;2
16.01.2017;10;0;0;0;0;0;0;0;0;0;0;0;0;0;31;17;38;20;0;19;0;1;0;35;20;9;23;14;19;0;0;21;0;2
16.01.2017;11;0;0;0;0;0;0;0;0;0;0;0;0;0;20;21;25;18;0;23;0;1;11;26;17;18;27;18;18;5;0;23;0;1
16.01.2017;12;0;0;0;0;0;0;0;0;0;0;0;0;0;25;24;22;18;0;23;0;0;13;19;5;8;19;18;25;15;0;23;0;2
16.01.2017;13;0;0;0;0;0;0;0;0;0;0;0;0;0;24;24;24;31;0;32;0;1;12;27;8;5;14;17;23;18;0;25;0;3
16.01.2017;14;0;0;0;0;0;0;0;0;0;0;0;0;0;11;21;14;25;0;29;0;0;17;21;16;6;19;28;14;10;0;10;0;0
16.01.2017;15;0;0;0;0;0;0;0;0;0;0;0;0;0;24;18;18;17;0;23;0;0;23;32;19;14;15;27;27;14;0;15;0;2
16.01.2017;16;0;0;0;0;0;0;0;0;0;0;0;0;0;30;49;13;29;0;35;0;0;23;22;21;5;27;19;19;6;0;23;0;0
16.01.2017;17;0;0;0;0;0;0;0;0;0;0;0;0;0;11;29;0;35;0;36;0;0;12;24;13;0;28;23;11;0;0;20;0;0
16.01.2017;18;0;0;0;0;0;0;0;0;0;0;0;0;0;5;22;0;30;0;33;0;0;0;27;7;0;26;13;8;0;0;9;0;0
16.01.2017;19;0;0;0;0;0;0;0;0;0;0;0;0;0;8;25;0;29;0;35;0;2;0;36;8;0;27;20;7;0;0;13;0;0
16.01.2017;20;0;0;0;0;0;0;0;0;0;0;0;0;0;0;24;0;42;0;43;0;0;0;33;11;0;32;7;24;0;0;15;0;0
16.01.2017;21;0;0;0;0;0;0;0;0;0;0;0;0;0;0;15;0;32;0;42;0;1;0;18;12;0;23;0;20;0;0;14;0;0
16.01.2017;22;0;0;0;0;0;0;0;0;0;0;0;0;0;0;15;0;27;0;34;0;0;0;14;8;0;20;0;25;0;0;6;0;0
16.01.2017;23;0;0;0;0;0;0;0;0;0;0;0;0;0;0;15;0;26;0;43;0;0;0;13;3;0;30;0;14;0;0;5;0;0
16.01.2017;24;0;0;0;0;0;0;0;0;0;0;0;0;0;0;7;0;8;0;18;0;0;0;13;7;0;15;0;9;0;0;3;0;0
17.01.2017;1;0;0;0;0;0;0;0;0;0;0;0;0;0;0;11;0;3;0;6;0;0;0;14;5;0;7;0;10;0;0;2;0;0
17.01.2017;2;0;0;0;0;0;0;0;0;0;0;0;0;0;0;19;0;8;0;15;0;0;0;20;15;0;9;0;17;0;0;10;0;0
17.01.2017;3;0;0;0;0;0;0;0;0;0;0;0;0;0;0;19;0;27;0;33;0;1;0;21;27;0;12;0;16;0;0;18;0;0
17.01.2017;4;0;0;0;0;0;0;0;0;0;0;0;0;0;0;29;0;48;2;44;0;0;0;14;25;0;14;0;25;0;0;12;0;0
17.01.2017;5;0;0;0;0;0;0;0;0;0;0;0;0;0;5;29;0;37;9;35;13;0;0;11;17;0;20;5;27;0;0;16;0;0
17.01.2017;6;0;0;0;0;0;0;0;0;0;0;0;0;0;12;25;0;22;0;20;9;1;0;15;7;0;24;9;14;0;0;9;0;0
17.01.2017;7;0;0;0;0;0;0;0;0;0;0;0;0;0;11;27;1;27;0;25;0;0;0;29;10;0;21;10;22;0;0;5;0;1
17.01.2017;8;0;0;0;0;0;0;0;0;0;0;0;0;0;22;26;24;35;0;35;0;0;0;32;15;0;17;15;42;17;0;8;0;0
17.01.2017;9;0;0;0;0;0;0;0;0;0;0;0;0;0;21;25;27;30;0;32;0;1;0;27;15;0;13;5;28;12;0;14;0;0
17.01.2017;10;0;0;0;0;0;0;0;0;0;0;0;0;0;24;19;25;14;0;23;0;1;0;21;17;0;15;16;17;9;0;19;0;1
17.01.2017;11;0;0;0;0;0;0;0;0;0;0;0;0;0;19;27;15;15;0;15;0;0;0;26;23;0;17;17;20;14;0;22;0;1
17.01.2017;12;0;0;0;0;0;0;0;0;0;0;0;0;0;25;27;24;23;0;26;0;1;8;19;19;0;14;15;26;9;0;24;0;1
17.01.2017;13;0;0;0;0;0;0;0;0;0;0;0;0;0;27;25;25;32;0;26;0;0;14;26;12;0;17;21;19;9;0;24;0;1
17.01.2017;14;0;0;0;0;0;0;0;0;0;0;0;0;0;12;29;0;19;0;30;0;1;14;21;15;0;16;17;12;13;0;11;0;2
17.01.2017;15;0;0;0;0;0;0;0;0;0;0;0;0;0;18;37;0;17;0;22;0;0;20;27;25;0;20;22;22;4;0;20;0;0
17.01.2017;16;0;0;0;0;0;0;0;0;0;0;0;0;0;26;59;0;36;0;35;0;0;16;26;26;0;27;30;20;0;0;17;0;1
17.01.2017;17;0;0;0;0;0;0;0;0;0;0;0;0;0;18;34;0;40;0;41;0;1;7;32;19;0;26;23;16;0;0;21;0;1
17.01.2017;18;0;0;0;0;0;0;0;0;0;0;0;0;0;14;38;0;33;0;30;0;2;0;30;14;0;20;18;13;0;0;12;0;0
17.01.2017;19;0;0;0;0;0;0;0;0;0;0;0;0;0;13;29;0;30;0;31;0;0;0;34;4;0;29;22;6;0;0;15;0;0
17.01.2017;20;0;0;0;0;0;0;0;0;0;0;0;0;0;7;22;0;38;0;40;0;1;0;38;7;0;20;11;18;0;0;14;0;0
17.01.2017;21;0;0;0;0;0;0;0;0;0;0;0;0;0;0;22;0;31;0;37;0;1;0;22;11;0;19;0;25;0;0;11;0;0
17.01.2017;22;0;0;0;0;0;0;0;0;0;0;0;0;0;0;22;0;29;0;31;0;0;0;8;11;0;21;0;23;0;0;8;0;0
17.01.2017;23;0;0;0;0;0;0;0;0;0;0;0;0;0;0;19;0;19;0;32;0;0;0;5;5;0;20;0;14;0;0;8;0;0
17.01.2017;24;0;0;0;0;0;0;0;0;0;0;0;0;0;0;8;0;8;0;15;0;0;0;12;5;0;11;0;7;0;0;1;0;0
18.01.2017;1;0;0;0;0;0;0;0;0;0;0;0;0;0;0;4;0;5;0;12;0;0;0;19;6;0;9;0;8;0;0;6;0;0
18.01.2017;2;0;0;0;0;0;0;0;0;0;0;0;0;0;0;17;0;5;0;16;0;0;0;20;13;0;17;0;22;0;0;4;0;0
18.01.2017;3;0;0;0;0;0;0;0;0;0;0;0;0;0;0;27;0;24;0;32;0;1;0;17;29;0;13;0;20;0;0;17;0;0
18.01.2017;4;0;0;0;0;0;0;0;0;0;0;0;0;0;2;25;0;28;8;36;9;0;0;14;29;0;17;10;17;0;0;16;0;0
18.01.2017;5;0;0;0;0;0;0;0;0;0;0;0;0;0;14;25;0;29;17;29;16;0;0;11;16;0;21;18;12;0;0;10;0;0
18.01.2017;6;0;0;0;0;0;0;0;0;0;0;0;0;0;13;21;0;22;3;22;9;1;0;15;7;0;26;9;15;0;0;10;0;2
18.01.2017;7;0;0;0;0;0;0;0;0;0;0;0;0;0;11;23;0;22;0;29;0;1;0;23;12;0;29;9;25;0;0;5;0;2
18.01.2017;8;0;0;0;0;0;0;0;0;0;0;0;0;0;15;40;0;28;0;36;0;1;0;31;19;0;43;14;35;0;0;5;0;4
18.01.2017;9;0;0;0;0;0;0;0;0;0;0;0;0;0;18;45;0;25;0;33;0;2;0;29;21;0;29;8;28;0;0;12;0;5
18.01.2017;10;0;0;0;0;0;0;0;0;0;0;0;0;0;22;47;0;23;0;26;0;2;0;26;15;0;31;16;24;0;0;16;0;5
18.01.2017;11;0;0;0;0;0;0;0;0;0;0;0;0;0;13;36;0;16;0;19;0;1;0;22;20;0;30;17;19;0;0;8;0;5
18.01.2017;12;0;0;0;0;0;0;0;0;0;0;0;0;0;21;54;0;19;0;23;0;0;0;30;26;0;23;21;28;0;0;18;0;3
18.01.2017;13;0;0;0;0;0;0;0;0;0;0;0;0;0;25;56;0;33;0;37;0;1;0;36;21;0;34;21;18;0;0;27;0;2
18.01.2017;14;0;0;0;0;0;0;0;0;0;0;0;0;0;12;34;0;26;0;34;0;0;6;35;19;0;35;19;21;0;0;16;0;4
18.01.2017;15;0;0;0;0;0;0;0;0;0;0;0;0;0;14;33;0;12;0;24;0;0;25;30;35;0;34;28;28;0;0;13;0;1
18.01.2017;16;0;0;0;0;0;0;0;0;0;0;0;0;0;27;53;0;22;0;28;0;0;18;29;26;0;33;35;24;0;0;15;0;0
18.01.2017;17;0;0;0;0;0;0;0;0;0;0;0;0;0;13;40;0;37;0;31;0;0;0;32;16;0;21;26;19;0;0;19;0;0
18.01.2017;18;0;0;0;0;0;0;0;0;0;0;0;0;0;10;37;0;31;0;37;0;2;0;34;11;0;24;21;15;0;0;9;0;0
18.01.2017;19;0;0;0;0;0;0;0;0;0;0;0;0;0;17;35;0;32;0;31;0;0;0;37;11;0;27;23;7;0;0;21;0;1
18.01.2017;20;0;0;0;0;0;0;0;0;0;0;0;0;0;4;25;0;46;0;43;0;0;0;29;15;0;25;7;22;0;0;21;0;0
18.01.2017;21;0;0;0;0;0;0;0;0;0;0;0;0;0;0;29;0;30;0;39;0;1;0;20;12;0;25;0;29;0;0;11;0;0
18.01.2017;22;0;0;0;0;0;0;0;0;0;0;0;0;0;0;21;0;33;0;32;0;0;0;9;10;0;13;0;25;0;0;10;0;0
18.01.2017;23;0;0;0;0;0;0;0;0;0;0;0;0;0;0;17;0;22;0;32;0;0;0;8;5;0;16;0;19;0;0;5;0;0
18.01.2017;24;0;0;0;0;0;0;0;0;0;0;0;0;0;0;7;0;9;0;19;0;0;0;6;6;0;19;0;12;0;0;3;0;0
19.01.2017;1;0;0;0;0;0;0;0;0;0;0;0;0;0;0;14;0;2;0;11;0;0;0;15;8;0;11;0;14;0;0;5;0;0
19.01.2017;2;0;0;0;0;0;0;0;0;0;0;0;0;0;0;21;0;3;0;16;0;0;0;24;11;0;17;0;20;0;0;9;0;0
19.01.2017;3;0;0;0;0;0;0;0;0;0;0;0;0;0;0;17;0;20;0;34;0;1;0;17;26;0;17;0;21;0;0;18;0;0
19.01.2017;4;0;0;0;0;0;0;0;0;0;0;0;0;0;0;26;0;32;0;54;9;0;0;12;19;0;18;0;26;0;0;18;0;0
19.01.2017;5;0;0;0;0;0;0;0;0;0;0;0;0;0;5;18;0;28;0;43;21;0;0;11;11;0;17;5;12;0;0;19;0;0
19.01.2017;6;0;0;0;0;0;0;0;0;0;0;0;0;0;12;20;0;16;0;17;6;1;0;15;7;0;28;8;16;0;0;10;0;0
19.01.2017;7;0;0;0;0;0;0;0;0;0;0;0;0;0;12;27;0;25;0;23;0;0;0;18;15;0;27;26;26;0;0;6;0;1
19.01.2017;8;0;0;0;0;0;0;0;0;0;0;0;0;0;19;47;0;31;0;35;0;0;0;24;9;0;29;11;45;0;0;6;0;3
19.01.2017;9;0;0;0;0;0;0;0;0;0;0;0;0;0;23;54;0;28;0;41;0;1;0;32;20;0;26;8;33;0;0;16;0;0
19.01.2017;10;0;0;0;0;0;0;0;0;0;0;0;0;0;19;42;0;16;0;20;0;1;0;27;20;0;23;14;17;0;0;15;0;1
19.01.2017;11;0;0;0;0;0;0;0;0;0;0;0;0;0;22;46;0;17;0;21;0;0;0;22;20;0;28;15;31;0;0;16;0;1
19.01.2017;12;0;0;0;0;0;0;0;0;0;0;0;0;0;25;58;0;20;0;24;0;1;0;37;17;0;26;20;29;0;0;19;0;3
19.01.2017;13;0;0;0;0;0;0;0;0;0;0;0;0;0;27;55;0;25;0;35;0;2;0;38;18;0;30;19;21;0;0;25;0;2
19.01.2017;14;0;0;0;0;0;0;0;0;0;0;0;0;0;16;36;0;26;0;34;0;1;15;35;17;0;26;22;15;0;0;14;0;0
19.01.2017;15;0;0;0;0;0;0;0;0;0;0;0;0;0;20;37;0;24;0;29;0;0;27;31;30;0;27;27;20;0;0;15;0;0
19.01.2017;16;0;0;0;0;0;0;0;0;0;0;0;0;0;23;52;0;32;0;40;0;0;14;23;23;0;32;22;21;0;0;17;0;0
19.01.2017;17;0;0;0;0;0;0;0;0;0;0;0;0;0;14;36;0;31;0;37;0;0;0;35;18;0;28;26;23;0;0;17;0;1
19.01.2017;18;0;0;0;0;0;0;0;0;0;0;0;0;0;13;28;0;35;0;32;0;2;0;30;13;0;32;24;9;0;0;14;0;1
19.01.2017;19;0;0;0;0;0;0;0;0;0;0;0;0;0;7;25;0;35;0;34;0;1;0;36;8;0;28;29;7;0;0;14;0;0
19.01.2017;20;0;0;0;0;0;0;0;0;0;0;0;0;0;0;27;0;44;0;44;0;0;0;26;7;0;20;12;21;0;0;17;0;0
19.01.2017;21;0;0;0;0;0;0;0;0;0;0;0;0;0;0;15;0;30;0;34;0;2;0;19;9;0;22;0;22;0;0;13;0;0
19.01.2017;22;0;0;0;0;0;0;0;0;0;0;0;0;0;0;17;0;32;0;33;0;0;0;14;7;0;15;0;19;0;0;9;0;0
19.01.2017;23;0;0;0;0;0;0;0;0;0;0;0;0;0;0;15;0;23;0;29;0;0;0;3;10;0;10;0;12;0;0;8;0;0
19.01.2017;24;0;0;0;0;0;0;0;0;0;0;0;0;0;0;10;0;8;0;12;0;0;0;7;4;0;13;0;7;0;0;2;0;0
20.01.2017;1;0;0;0;0;0;0;0;0;0;0;0;0;0;0;14;0;8;0;9;0;0;0;18;5;0;7;0;10;0;0;4;0;0
20.01.2017;2;0;0;0;0;0;0;0;0;0;0;0;0;0;0;18;0;6;0;11;0;0;0;20;16;0;12;0;14;0;0;10;0;0
20.01.2017;3;0;0;0;0;0;0;0;0;0;0;0;0;0;0;16;0;19;0;36;0;1;0;12;19;0;17;0;17;0;0;11;0;0
20.01.2017;4;0;0;0;0;0;0;0;0;0;0;0;0;0;0;22;0;30;8;46;5;0;0;15;15;0;25;0;26;0;0;10;0;0
20.01.2017;5;0;0;0;0;0;0;0;0;0;0;0;0;0;0;21;0;31;16;34;19;0;0;11;8;0;18;4;25;0;0;12;0;0
20.01.2017;6;0;0;0;0;0;0;0;0;0;0;0;0;0;10;28;0;16;2;16;10;1;0;16;8;0;24;9;19;0;0;11;0;0
20.01.2017;7;0;0;0;0;0;0;0;0;0;0;0;0;0;18;34;0;18;0;27;0;0;0;21;14;0;34;14;31;0;0;9;0;1
20.01.2017;8;0;0;0;0;0;0;0;0;0;0;0;0;0;19;42;0;29;0;32;0;0;0;29;13;0;33;7;41;0;0;3;0;1
20.01.2017;9;0;0;0;0;0;0;0;0;0;0;0;0;0;16;47;0;22;0;33;0;1;0;36;21;0;34;9;25;0;0;12;0;6
20.01.2017;10;0;0;0;0;0;0;0;0;0;0;0;0;0;19;46;0;22;0;23;0;1;0;40;21;0;27;19;18;0;0;17;0;3
20.01.2017;11;0;0;0;0;0;0;0;0;0;0;0;0;0;20;35;16;16;0;19;0;1;0;27;26;0;25;18;26;0;0;22;0;1
20.01.2017;12;0;0;0;0;0;0;0;0;0;0;0;0;0;21;28;28;17;0;22;0;3;0;32;21;0;30;21;24;0;0;16;0;1
20.01.2017;13;0;0;0;0;0;0;0;0;0;0;0;0;0;29;26;32;25;0;32;0;0;7;38;24;0;25;29;27;10;0;26;0;4
20.01.2017;14;0;0;0;0;0;0;0;0;0;0;0;0;0;16;18;23;22;0;33;0;1;15;26;20;0;20;23;19;23;0;19;0;1
20.01.2017;15;0;0;0;0;0;0;0;0;0;0;0;0;0;20;16;26;25;0;29;0;0;33;31;42;4;26;27;23;22;0;16;0;4
20.01.2017;16;0;0;0;0;0;0;0;0;0;0;0;0;0;28;27;24;46;0;46;0;0;19;17;17;13;36;19;21;6;0;23;0;0
20.01.2017;17;0;0;0;0;0;0;0;0;0;0;0;0;0;15;37;9;44;0;46;0;1;7;29;13;1;36;26;18;0;0;15;0;0
20.01.2017;18;0;0;0;0;0;0;0;0;0;0;0;0;0;14;29;0;39;0;41;0;2;0;34;18;0;28;16;10;0;0;13;0;3
20.01.2017;19;0;0;0;0;0;0;0;0;0;0;0;0;0;14;29;0;44;0;42;0;0;0;41;14;0;23;17;10;0;0;16;0;0
20.01.2017;20;0;0;0;0;0;0;0;0;0;0;0;0;0;5;29;0;53;0;53;0;1;0;38;13;0;22;5;33;0;0;15;0;0
20.01.2017;21;0;0;0;0;0;0;0;0;0;0;0;0;0;0;29;0;40;0;44;0;0;0;23;10;0;15;0;30;0;0;16;0;0
20.01.2017;22;0;0;0;0;0;0;0;0;0;0;0;0;0;0;16;0;30;0;36;0;0;0;14;14;0;15;0;21;0;0;9;0;0
20.01.2017;23;0;0;0;0;0;0;0;0;0;0;0;0;0;0;22;0;30;0;37;0;1;0;14;17;0;13;0;21;0;0;9;0;0
20.01.2017;24;0;0;0;0;0;0;0;0;0;0;0;0;0;0;16;0;11;0;19;0;0;0;13;16;0;9;0;9;0;0;6;0;0
21.01.2017;1;0;3;6;10;0;15;0;12;0;5;0;5;0;0;13;0;4;0;10;0;0;0;17;16;0;6;0;8;0;0;9;0;0
21.01.2017;2;0;2;3;16;0;19;0;18;0;12;0;5;0;0;12;0;5;0;13;0;0;0;23;15;0;13;0;17;0;0;9;0;0
21.01.2017;3;0;4;13;22;0;20;0;26;0;21;0;17;0;0;16;0;24;0;34;0;1;0;16;21;0;15;0;18;0;0;7;0;0
21.01.2017;4;0;6;14;30;3;27;0;18;0;22;0;29;0;0;24;0;33;0;42;5;0;0;17;18;0;22;0;21;0;0;11;0;0
21.01.2017;5;0;16;33;36;24;24;23;27;43;35;33;20;0;14;24;0;35;0;42;15;0;0;7;8;0;17;14;19;0;0;11;0;0
21.01.2017;6;0;28;30;38;35;29;31;26;31;22;20;21;0;14;21;0;28;0;23;0;1;0;15;9;0;24;11;18;0;0;8;0;0
21.01.2017;7;0;18;38;40;46;39;30;25;34;29;0;28;0;12;19;0;20;0;29;0;0;0;19;15;0;32;14;25;0;0;5;0;1
21.01.2017;8;0;32;37;39;51;37;33;32;39;28;0;32;0;16;34;0;29;0;30;0;0;0;25;15;0;33;16;34;0;0;1;0;1
21.01.2017;9;0;17;20;33;43;31;23;29;37;17;0;24;0;20;44;0;27;0;26;0;1;0;29;23;0;27;14;33;0;0;6;0;2
21.01.2017;10;0;13;34;28;31;28;21;19;31;29;0;18;0;19;35;0;18;0;18;0;3;0;28;15;0;18;17;23;0;0;13;0;2
21.01.2017;11;0;11;22;35;43;26;23;16;31;18;0;19;0;24;57;7;19;0;17;0;2;0;30;23;0;28;16;24;0;0;16;0;2
21.01.2017;12;0;17;26;29;45;27;38;27;38;20;0;28;0;32;35;26;18;0;13;0;1;0;27;25;0;29;18;25;0;0;27;0;1
21.01.2017;13;0;22;27;30;45;32;33;25;36;28;0;30;0;25;27;22;18;0;22;0;1;6;26;13;3;22;19;17;13;0;24;0;7
21.01.2017;14;0;23;28;31;42;34;34;26;36;28;0;16;0;17;22;15;15;0;17;0;0;14;25;12;8;20;20;21;18;0;17;0;2
21.01.2017;15;0;21;30;45;53;53;45;24;52;29;0;15;0;15;11;21;13;0;20;0;0;28;29;24;13;18;31;16;16;0;8;0;3
21.01.2017;16;0;25;38;36;46;38;33;25;44;37;30;23;0;26;24;31;29;0;34;0;0;18;13;22;13;12;25;23;14;0;13;0;1
21.01.2017;17;0;18;37;45;56;51;24;23;40;29;39;19;0;13;34;3;29;0;37;0;0;11;17;18;0;17;25;15;12;0;11;0;1
21.01.2017;18;0;12;37;44;39;46;24;17;33;31;35;17;0;8;27;0;26;0;34;0;1;15;16;18;0;14;18;12;7;0;9;0;0
21.01.2017;19;0;20;24;49;53;45;19;24;19;16;34;18;0;10;29;0;25;0;27;0;0;22;34;11;0;16;25;10;0;0;16;0;0
21.01.2017;20;0;15;34;44;52;43;23;19;27;16;50;25;0;4;33;0;45;0;38;0;0;2;32;11;0;16;13;21;0;0;17;0;0
21.01.2017;21;0;20;25;44;12;46;9;33;5;23;15;31;0;0;26;0;38;0;45;0;1;0;15;11;0;13;0;24;0;0;13;0;0
21.01.2017;22;0;24;16;15;0;28;0;41;0;19;0;36;0;0;18;0;29;0;27;0;0;0;16;13;0;8;0;26;0;0;10;0;0
21.01.2017;23;0;8;10;18;0;29;0;18;0;12;0;24;0;0;21;0;28;0;34;0;0;0;12;16;0;14;0;20;0;0;13;0;0
21.01.2017;24;0;0;11;7;0;15;0;10;0;5;0;9;0;0;13;0;7;0;17;0;0;0;18;13;0;10;0;6;0;0;6;0;0
22.01.2017;1;0;1;5;13;0;21;0;3;0;2;0;7;0;0;10;0;5;0;7;0;0;0;16;8;0;11;0;2;0;0;9;0;0
22.01.2017;2;0;1;3;13;0;17;0;13;0;13;0;6;0;0;15;0;4;0;7;0;0;0;18;13;0;9;0;20;0;0;5;0;0
22.01.2017;3;0;4;7;22;0;23;0;14;0;10;0;15;0;0;13;0;19;0;35;0;1;0;13;17;0;19;0;20;0;0;11;0;0
22.01.2017;4;0;7;12;32;5;32;2;12;9;17;1;26;0;0;20;0;28;6;38;5;0;0;13;15;0;25;0;22;0;0;11;0;0
22.01.2017;5;0;17;33;37;31;26;20;20;37;29;25;18;0;5;34;0;28;12;30;11;0;0;7;10;0;24;1;23;0;0;11;0;0
22.01.2017;6;0;21;24;40;39;30;18;21;28;20;23;16;0;9;25;0;21;1;18;6;1;0;16;7;0;22;10;14;0;0;7;0;0
22.01.2017;7;0;18;27;39;46;39;23;24;40;25;0;22;0;13;30;0;15;0;21;0;0;0;22;11;0;27;13;23;0;0;7;0;0
22.01.2017;8;0;34;37;36;55;38;24;41;39;29;0;30;0;21;19;22;25;0;25;0;0;0;31;13;0;31;11;35;0;0;8;0;1
22.01.2017;9;0;12;25;36;40;38;27;29;23;19;0;16;0;15;13;22;26;0;33;0;1;3;27;14;0;20;8;19;0;0;9;0;0
22.01.2017;10;0;13;26;37;29;23;21;20;35;27;0;26;0;15;21;24;21;0;22;0;1;5;24;14;1;19;17;20;8;0;12;0;0
22.01.2017;11;0;14;30;39;49;30;28;24;48;27;0;24;0;17;20;33;14;0;14;0;2;14;15;14;5;19;23;29;15;0;13;0;1
22.01.2017;12;0;20;36;26;33;19;19;22;37;28;13;25;0;19;26;31;17;0;17;0;2;11;10;8;9;16;17;25;9;0;13;0;0
22.01.2017;13;0;23;28;36;45;33;28;28;34;26;24;14;0;29;25;31;28;0;29;0;1;14;18;12;6;17;22;15;11;0;28;0;1
22.01.2017;14;0;28;30;43;57;43;36;32;34;25;22;13;0;21;14;23;20;0;20;0;0;23;32;23;0;23;20;17;18;0;23;0;0
22.01.2017;15;0;24;34;37;59;37;36;24;39;28;23;10;0;21;15;25;16;0;30;0;0;32;29;35;0;30;28;21;12;0;20;0;2
22.01.2017;16;0;22;32;43;43;37;32;25;28;23;29;14;0;18;39;15;31;0;38;0;0;24;22;28;0;29;18;17;0;0;20;0;0
22.01.2017;17;0;31;46;48;49;42;31;35;34;38;45;22;0;14;34;0;41;0;38;0;0;2;25;16;0;28;21;19;0;0;13;0;0
22.01.2017;18;0;19;34;40;35;38;15;19;19;23;37;19;0;7;27;0;36;0;32;0;1;0;30;14;0;28;18;8;0;0;11;0;0
22.01.2017;19;1;18;29;45;47;39;17;19;26;21;37;23;0;11;34;0;36;0;35;0;1;0;29;12;0;27;31;8;0;0;17;0;0
22.01.2017;20;0;21;34;50;54;49;29;28;38;29;35;24;0;4;28;0;35;0;38;0;0;0;38;12;0;19;18;19;0;0;18;0;0
22.01.2017;21;0;24;38;48;38;52;24;35;24;22;32;31;0;0;27;0;32;0;34;0;1;0;26;16;0;19;0;30;0;0;20;0;0
22.01.2017;22;0;26;21;30;0;42;0;38;0;26;0;32;0;0;29;0;37;0;40;0;0;0;15;12;0;19;0;27;0;0;14;0;0
22.01.2017;23;0;17;10;20;0;31;0;32;0;15;0;24;0;0;22;0;30;0;33;0;0;0;13;12;0;11;0;17;0;0;10;0;0
22.01.2017;24;0;3;5;11;0;18;0;13;0;8;0;10;0;0;19;0;14;0;19;0;0;0;12;16;0;12;0;11;0;0;7;0;0
23.01.2017;1;0;6;5;9;0;17;0;10;0;2;0;11;0;0;7;0;8;0;10;0;0;0;18;9;0;6;0;6;0;0;8;0;0
23.01.2017;2;0;2;2;14;0;14;0;12;0;11;0;5;0;0;11;0;4;0;14;0;0;0;18;15;0;15;0;17;0;0;8;0;0
23.01.2017;3;0;2;7;24;0;18;0;8;0;12;0;19;0;0;13;0;20;0;33;0;1;0;15;13;0;22;0;19;0;0;12;0;0
23.01.2017;4;0;8;11;31;7;27;3;17;5;25;7;24;0;0;17;0;34;0;42;8;0;0;18;12;0;22;0;23;0;0;9;0;0
23.01.2017;5;0;18;30;40;34;36;29;20;35;32;26;14;0;4;23;0;30;0;47;17;0;0;9;7;0;20;5;26;0;0;10;0;0
23.01.2017;6;0;25;36;43;40;41;24;26;24;30;31;20;0;12;22;0;24;0;24;8;1;0;15;9;0;32;10;18;0;0;15;0;0
23.01.2017;7;0;23;39;39;46;32;22;26;39;31;29;21;0;13;20;0;25;0;28;0;1;0;19;10;0;30;14;24;0;0;5;0;0
23.01.2017;8;0;28;39;33;53;32;23;30;41;27;34;18;0;22;16;21;28;0;34;0;0;0;23;13;0;21;6;42;15;0;3;0;0
23.01.2017;9;0;21;24;49;55;38;20;23;23;19;23;13;0;12;11;26;25;0;30;0;1;0;25;11;0;15;9;27;17;0;7;0;0
23.01.2017;10;0;16;29;36;39;31;17;18;27;26;22;20;0;23;19;29;19;0;21;0;1;0;25;9;0;16;15;22;12;0;14;0;0
23.01.2017;11;0;11;27;39;31;37;20;17;30;22;18;18;0;22;24;15;14;0;16;0;1;0;26;19;0;17;16;18;12;0;17;0;2
23.01.2017;12;0;23;33;29;40;27;30;28;37;25;25;14;0;23;27;25;18;0;20;0;1;12;21;15;0;15;18;30;8;0;19;0;0
23.01.2017;13;0;25;36;41;58;41;24;26;29;25;19;33;0;24;29;27;30;0;31;0;1;15;21;14;0;18;19;19;14;0;23;0;0
23.01.2017;14;1;21;27;42;54;39;19;35;31;22;0;24;0;13;31;0;18;0;31;0;0;18;23;20;0;18;21;19;16;0;16;0;1
23.01.2017;15;0;27;33;38;57;39;0;51;38;29;0;26;0;16;34;0;23;0;25;0;0;24;26;32;0;23;24;17;16;0;13;0;0
23.01.2017;16;0;19;28;43;45;41;0;42;30;22;0;40;0;22;48;0;36;0;43;0;0;16;26;24;0;24;21;19;0;0;13;0;0
23.01.2017;17;0;25;40;41;52;44;0;32;40;31;0;46;0;10;31;0;38;0;35;0;0;0;28;10;0;25;18;16;0;0;11;0;1
23.01.2017;18;0;19;31;47;51;43;0;27;19;20;8;38;0;9;24;0;32;0;32;0;2;0;26;8;0;25;11;10;0;0;13;0;2
23.01.2017;19;0;17;34;50;58;49;18;22;20;22;31;25;0;11;32;0;27;0;35;0;1;0;36;11;0;22;20;8;0;0;18;0;0
23.01.2017;20;0;18;37;52;56;49;35;25;34;19;53;29;0;5;22;0;48;0;53;0;1;0;34;12;0;24;13;23;0;0;13;0;0
23.01.2017;21;0;21;20;35;11;34;9;29;10;21;15;24;0;0;22;0;27;0;40;0;1;0;17;16;0;19;0;24;0;0;13;0;0
23.01.2017;22;0;26;21;11;0;33;0;34;0;24;0;29;0;0;16;0;26;0;29;0;0;0;20;9;0;16;0;24;0;0;6;0;0
23.01.2017;23;0;10;12;17;0;28;0;16;0;13;0;27;0;0;22;0;26;0;32;0;0;0;8;13;0;11;0;18;0;0;10;0;0
23.01.2017;24;0;3;2;11;0;14;0;8;0;7;0;10;0;0;11;0;10;0;14;0;0;0;11;12;0;8;0;8;0;0;7;0;0
24.01.2017;1;0;4;3;14;0;18;0;7;0;3;0;4;0;0;10;0;5;0;9;0;0;0;12;5;0;8;0;6;0;0;5;0;0
24.01.2017;2;0;3;4;16;0;22;0;10;0;10;0;7;0;0;15;0;3;0;8;0;0;0;16;8;0;8;0;9;0;0;5;0;0
24.01.2017;3;0;1;4;17;0;20;0;14;0;11;0;10;0;0;11;0;14;0;28;0;1;0;11;9;0;18;0;11;0;0;8;0;0
24.01.2017;4;0;8;13;27;7;23;2;11;5;16;4;18;0;0;17;0;27;7;34;6;0;0;16;12;0;22;7;12;0;0;8;0;0
24.01.2017;5;0;15;30;36;30;28;22;21;40;30;32;15;0;14;24;0;27;17;29;20;0;0;8;9;0;21;15;12;0;0;10;0;0
24.01.2017;6;0;27;31;39;33;23;24;31;28;29;29;22;0;17;26;0;21;4;15;10;0;0;11;8;0;25;14;14;0;0;12;0;0
24.01.2017;7;0;25;35;36;41;28;20;27;38;27;24;15;0;16;26;0;18;0;21;0;0;0;21;10;0;27;10;21;0;0;8;0;2
24.01.2017;8;0;33;33;43;61;44;15;38;38;25;42;27;0;21;36;14;31;0;25;0;0;0;26;8;0;29;7;38;0;0;6;0;0
24.01.2017;9;0;22;23;40;43;36;24;27;35;16;25;17;0;21;20;34;25;0;33;0;1;0;28;14;0;25;16;32;0;0;13;0;4
24.01.2017;10;0;18;27;33;37;31;19;19;29;25;18;17;0;26;24;34;19;0;20;0;1;0;24;19;0;28;16;22;0;0;25;0;2
24.01.2017;11;0;16;27;31;36;21;16;14;34;25;23;23;0;23;27;18;15;0;16;0;1;0;31;16;0;26;22;23;0;0;21;0;5
24.01.2017;12;0;26;31;35;41;27;32;32;37;23;22;22;0;32;28;20;17;0;22;0;0;11;21;19;0;23;11;23;0;0;21;0;5
24.01.2017;13;0;30;24;38;56;36;31;33;33;22;28;15;0;37;31;24;30;0;30;0;0;16;23;10;0;29;20;18;0;0;24;0;2
24.01.2017;14;0;21;29;38;38;31;24;22;35;24;21;14;0;23;28;6;16;0;21;0;1;20;21;17;0;28;23;13;0;0;15;0;2
24.01.2017;15;0;21;33;46;56;47;33;29;39;25;20;12;0;23;30;0;22;0;26;0;0;26;25;34;0;24;21;24;0;0;18;0;3
24.01.2017;16;0;20;18;40;44;29;27;21;22;16;35;25;0;29;50;0;40;0;40;0;0;18;22;19;0;21;20;19;0;0;21;0;1
24.01.2017;17;0;25;34;39;39;26;18;24;37;35;46;33;0;21;33;0;44;0;40;0;0;0;28;13;0;20;26;18;0;0;16;0;0
24.01.2017;18;0;21;31;34;36;27;16;21;21;22;29;22;0;12;31;0;28;0;30;0;2;0;28;14;0;23;22;11;0;0;14;0;1
24.01.2017;19;1;17;27;41;39;32;12;21;19;20;33;25;0;9;31;0;34;0;37;0;1;0;26;7;0;18;17;9;0;0;15;0;2
24.01.2017;20;0;22;31;43;46;42;23;27;25;19;45;30;0;0;23;0;42;0;35;0;0;0;29;12;0;16;0;24;0;0;19;0;0
24.01.2017;21;1;19;20;36;23;42;10;24;12;13;18;28;0;0;18;0;35;0;31;0;0;0;16;12;0;14;0;18;0;0;19;0;0
24.01.2017;22;1;27;19;27;0;44;0;33;0;26;0;37;0;0;17;0;34;0;33;0;1;0;13;10;0;17;0;25;0;0;6;0;1
24.01.2017;23;0;15;12;24;0;39;0;21;0;17;0;35;0;0;21;0;40;0;48;0;0;0;16;9;0;19;0;23;0;0;8;0;0
24.01.2017;24;0;4;4;15;0;18;0;7;0;9;0;11;0;0;9;0;14;0;27;0;0;0;12;6;0;11;0;12;0;0;4;0;0
25.01.2017;1;0;5;6;10;0;21;0;8;0;4;0;10;0;0;8;0;10;0;17;0;0;0;18;10;0;8;0;8;0;0;8;0;0
25.01.2017;2;0;1;2;15;0;16;0;6;0;3;0;1;0;0;15;0;3;0;13;0;0;0;19;4;0;12;0;7;0;0;5;0;0
25.01.2017;3;0;3;5;13;0;19;0;13;0;8;0;11;0;0;20;0;16;0;25;0;1;0;18;19;0;14;0;7;0;0;16;0;0
25.01.2017;4;0;5;14;29;6;32;4;13;11;19;7;23;0;0;28;0;32;0;38;3;0;0;20;22;0;14;0;20;0;0;19;0;0
25.01.2017;5;0;18;29;39;43;39;26;26;30;29;30;16;0;13;23;0;30;0;45;15;1;0;14;13;0;20;8;11;0;0;15;0;0
25.01.2017;6;0;26;34;44;31;31;23;26;36;29;34;19;0;11;15;0;25;0;24;7;1;0;12;9;0;24;7;14;0;0;13;0;0
25.01.2017;7;0;18;32;48;52;34;14;16;37;30;39;29;0;15;21;0;27;0;26;0;0;0;22;11;0;34;6;23;0;0;6;0;0
25.01.2017;8;1;28;38;42;52;39;22;23;39;31;38;28;0;18;38;0;29;0;28;0;1;0;28;10;0;25;11;36;0;0;7;0;1
25.01.2017;9;0;27;26;47;54;47;31;27;36;23;28;16;0;24;50;0;32;0;33;0;1;0;29;17;0;30;10;32;0;0;14;0;0
25.01.2017;10;0;18;29;35;43;31;17;21;26;24;18;21;0;27;43;0;19;0;17;0;2;0;31;20;0;32;14;12;0;0;22;0;0
25.01.2017;11;0;17;30;33;42;25;26;20;34;28;0;26;0;19;35;0;16;0;14;0;2;0;30;25;0;29;18;23;0;0;17;0;0
25.01.2017;12;0;21;28;36;43;29;23;21;34;22;0;35;0;24;43;1;17;0;13;0;0;0;26;17;0;17;14;23;0;0;21;0;0
25.01.2017;13;0;28;27;39;53;34;28;30;31;25;0;31;0;26;37;17;28;0;32;0;1;0;33;19;0;21;19;22;0;0;26;0;0
25.01.2017;14;0;19;36;43;43;37;27;21;44;33;0;25;0;14;38;0;22;0;34;0;0;13;30;19;0;32;28;17;0;0;18;0;2
25.01.2017;15;0;27;36;35;64;40;30;25;40;29;0;34;0;22;46;0;21;0;24;0;0;28;33;30;0;28;23;29;0;0;22;0;1
25.01.2017;16;0;27;28;48;42;43;20;27;26;19;23;41;0;20;45;0;44;0;41;0;1;20;15;19;0;20;24;19;0;0;12;0;3
25.01.2017;17;0;25;35;45;42;36;20;26;33;29;48;32;0;19;38;0;43;0;42;0;0;1;20;16;0;22;21;16;0;0;18;0;0
25.01.2017;18;0;22;38;44;48;37;22;26;23;28;39;29;0;10;32;0;36;0;38;0;2;0;31;14;0;22;22;13;0;0;17;0;0
25.01.2017;19;0;24;35;43;45;35;22;21;24;22;34;34;0;14;35;0;32;0;30;0;0;0;38;14;0;22;22;19;0;0;16;0;0
25.01.2017;20;0;21;34;50;47;34;26;24;22;17;50;41;0;0;30;0;53;0;42;0;0;0;39;15;0;18;6;22;0;0;17;0;0
25.01.2017;21;0;22;23;42;15;33;10;26;15;22;19;36;0;0;27;0;36;0;40;0;1;0;18;10;0;17;0;30;0;0;15;0;0
25.01.2017;22;0;25;17;17;0;22;0;23;0;25;0;38;0;0;23;0;31;0;35;0;0;0;10;13;0;12;0;30;0;0;8;0;0
25.01.2017;23;0;12;13;25;0;27;0;10;0;15;0;30;0;0;19;0;29;0;32;0;0;0;6;3;0;16;0;21;0;0;5;0;0
25.01.2017;24;0;2;5;4;0;12;0;5;0;7;0;8;0;0;6;0;10;0;18;0;0;0;4;8;0;12;0;13;0;0;4;0;0
26.01.2017;1;0;1;5;11;0;14;0;6;0;3;0;10;0;0;11;0;7;0;9;0;0;0;13;4;0;5;0;6;0;0;8;0;0
26.01.2017;2;0;2;2;15;0;22;0;10;0;5;0;8;0;0;14;0;6;0;17;0;0;0;22;10;0;12;0;19;0;0;13;0;0
26.01.2017;3;0;3;1;25;0;29;0;17;0;18;0;19;0;0;20;0;24;0;36;0;1;0;16;29;0;14;0;26;0;0;18;0;0
26.01.2017;4;0;11;19;27;0;28;0;17;0;28;0;27;0;0;30;0;27;7;39;13;0;0;15;36;0;20;0;24;0;0;25;0;0
26.01.2017;5;0;20;29;36;28;32;18;23;28;30;31;35;0;0;30;0;28;17;33;23;0;0;9;17;0;23;8;17;0;0;16;0;1
26.01.2017;6;0;22;30;47;41;41;18;18;31;26;28;21;0;7;21;0;20;4;19;7;1;0;11;10;0;28;15;17;0;0;10;0;1
26.01.2017;7;0;24;37;35;51;35;25;30;38;29;28;21;0;13;24;0;24;0;24;0;1;0;24;18;0;28;12;27;0;0;7;0;0
26.01.2017;8;0;31;39;42;59;44;21;35;40;22;30;24;0;17;44;0;30;0;27;0;0;0;26;14;0;35;14;35;0;0;6;0;2
26.01.2017;9;0;27;23;33;46;33;26;25;31;17;0;26;0;21;42;0;25;0;32;0;1;0;32;12;0;36;12;26;0;0;15;0;2
26.01.2017;10;0;15;29;33;30;26;25;15;26;24;0;23;0;32;54;0;19;0;23;0;5;0;25;26;0;20;14;17;0;0;30;0;0
26.01.2017;11;0;15;25;36;33;37;32;15;36;22;0;29;0;19;46;0;20;0;23;0;1;0;28;27;0;26;18;24;0;0;21;0;1
26.01.2017;12;0;25;30;41;50;39;34;30;37;22;0;32;0;21;34;18;20;0;19;0;1;13;26;12;5;26;15;26;12;0;21;0;3
26.01.2017;13;0;26;30;32;52;38;30;29;32;23;0;32;0;24;23;29;33;0;39;0;1;12;35;9;5;22;20;20;19;0;24;0;2
26.01.2017;14;0;19;29;38;40;37;29;22;35;26;0;22;0;13;21;16;14;0;30;0;0;15;33;10;8;24;26;12;27;0;18;0;2
26.01.2017;15;0;24;41;39;47;45;43;31;44;31;12;28;0;22;19;23;24;0;35;0;0;20;32;18;15;24;28;25;20;0;20;0;0
26.01.2017;16;0;29;25;34;39;34;32;30;32;23;34;20;0;31;40;18;31;0;36;0;1;13;23;25;16;25;23;21;10;0;18;0;1
26.01.2017;17;0;30;41;41;50;42;29;35;41;33;34;26;0;15;41;0;36;0;31;0;0;0;26;18;0;32;24;14;0;0;18;0;1
26.01.2017;18;0;19;33;46;48;43;18;22;24;25;29;24;0;10;31;0;29;0;27;0;2;0;32;14;0;26;19;14;0;0;15;0;1
26.01.2017;19;1;17;26;40;42;37;15;22;20;19;26;23;0;10;30;0;31;0;31;0;1;0;29;7;0;18;18;6;0;0;12;0;2
26.01.2017;20;1;19;31;56;49;52;23;25;23;27;31;21;0;6;29;0;35;0;31;0;0;0;36;9;0;16;8;22;0;0;18;0;1
26.01.2017;21;0;29;22;42;14;39;11;38;0;23;14;27;0;0;17;0;31;0;36;0;1;0;19;10;0;20;0;20;0;0;10;0;1
26.01.2017;22;0;22;19;22;0;23;0;27;0;21;0;25;0;0;19;0;28;0;30;0;0;0;14;14;0;9;0;24;0;0;9;0;2
26.01.2017;23;0;15;12;23;0;26;0;23;0;15;0;29;0;0;18;0;28;0;30;0;0;0;8;11;0;12;0;14;0;0;9;0;2
26.01.2017;24;0;5;4;14;0;20;0;14;0;11;0;16;0;0;13;0;17;0;27;0;1;0;5;7;0;12;0;15;0;0;1;0;1
27.01.2017;1;0;2;4;13;0;15;0;7;0;4;0;8;0;0;8;0;9;0;12;0;0;0;13;7;0;9;0;9;0;0;3;0;0
27.01.2017;2;0;1;2;17;0;17;0;13;0;13;0;5;0;0;20;0;4;0;12;0;0;0;19;9;0;14;0;20;0;0;12;0;0
27.01.2017;3;0;3;6;21;0;18;0;16;0;18;0;16;0;0;24;0;19;0;32;0;1;0;16;27;0;24;0;25;0;0;24;0;0
27.01.2017;4;0;8;17;27;2;20;2;16;0;29;5;22;0;0;20;0;32;5;44;5;0;0;23;26;0;24;0;20;0;0;20;0;0
27.01.2017;5;0;20;30;42;38;39;25;25;30;32;32;18;0;15;22;0;41;19;37;17;0;0;12;13;0;23;8;9;0;0;18;0;0
27.01.2017;6;0;25;33;43;39;37;28;26;29;31;24;16;0;14;25;0;23;0;16;0;1;0;11;10;0;22;10;18;0;0;11;0;0
27.01.2017;7;0;21;35;46;46;43;25;26;32;27;28;20;0;15;29;0;21;0;28;0;0;0;21;15;0;24;14;21;0;0;5;0;1
27.01.2017;8;0;33;37;41;49;36;28;33;41;28;34;32;0;21;38;0;35;0;37;0;0;0;27;15;0;31;9;31;0;0;6;0;0
27.01.2017;9;1;27;25;40;50;41;21;29;28;23;0;29;0;19;46;0;31;0;42;0;1;0;32;16;0;27;7;31;0;0;9;0;2
27.01.2017;10;0;17;19;32;47;33;18;20;24;17;0;24;0;29;42;20;18;0;20;0;1;0;32;20;0;33;15;23;0;0;20;0;5
27.01.2017;11;0;21;30;37;36;36;36;23;35;30;0;24;0;22;16;24;20;0;20;0;2;0;31;22;0;29;14;17;0;0;20;0;1
27.01.2017;12;0;22;32;32;44;36;36;30;34;24;0;28;0;20;26;26;20;0;20;0;2;10;26;15;0;18;21;30;6;0;23;0;0
27.01.2017;13;0;29;30;37;56;40;48;31;40;27;0;34;0;24;27;26;27;0;27;0;0;9;22;22;5;20;21;22;15;0;27;0;3
27.01.2017;14;0;26;39;41;56;44;37;30;42;33;0;32;0;10;20;17;21;0;23;0;0;19;31;18;6;25;26;18;19;0;15;0;3
27.01.2017;15;0;26;43;41;55;49;40;35;50;36;9;26;0;22;16;20;18;0;37;0;1;24;26;19;14;20;27;19;27;0;14;0;0
27.01.2017;16;0;25;29;44;54;46;32;32;37;29;44;18;0;26;28;23;36;0;31;0;0;17;16;24;10;23;23;24;12;0;16;0;3
27.01.2017;17;0;31;38;47;50;49;30;32;40;32;46;25;0;17;37;10;41;0;33;0;0;9;19;23;0;19;27;21;7;0;19;0;1
27.01.2017;18;0;21;40;43;53;45;32;28;30;28;37;26;0;17;34;0;33;0;37;0;0;14;22;17;0;19;19;11;13;0;16;0;0
27.01.2017;19;1;14;35;48;54;50;18;20;24;21;40;30;0;13;32;0;37;0;39;0;2;4;34;8;0;26;22;7;1;0;18;0;0
27.01.2017;20;1;24;34;50;56;47;28;32;24;18;48;32;0;12;21;0;46;0;42;0;0;0;34;14;0;22;11;18;0;0;16;0;0
27.01.2017;21;0;23;28;35;25;39;14;28;8;22;16;25;0;5;19;0;29;0;32;0;1;0;14;9;0;23;0;27;0;0;11;0;0
27.01.2017;22;0;27;22;14;0;35;0;37;0;26;0;32;0;0;24;0;28;0;32;0;1;0;6;5;0;20;0;27;0;0;7;0;0
27.01.2017;23;0;10;11;21;0;31;0;18;0;10;0;23;0;0;16;0;24;0;32;0;0;0;5;8;0;15;0;16;0;0;5;0;0
27.01.2017;24;0;2;11;10;0;19;0;10;0;8;0;8;0;0;7;0;7;0;18;0;0;0;6;7;0;12;0;11;0;0;3;0;0
28.01.2017;1;0;3;5;10;0;18;0;8;0;5;0;5;0;0;11;0;3;0;12;0;0;0;18;10;0;8;0;8;0;0;10;0;0
28.01.2017;2;0;0;7;22;0;24;0;9;0;7;0;11;0;0;18;0;7;0;21;0;0;0;27;11;0;20;0;13;0;0;9;0;0
28.01.2017;3;0;5;14;22;0;20;0;23;0;15;0;23;0;0;27;0;26;0;34;0;1;0;18;36;0;17;0;23;0;0;22;0;0
28.01.2017;4;0;7;18;30;3;24;2;16;6;24;7;26;0;11;27;0;33;6;42;11;0;0;23;35;0;15;0;22;0;0;19;0;0
28.01.2017;5;0;18;39;40;25;28;25;23;36;35;38;28;0;14;23;0;32;13;32;18;0;0;13;22;0;21;11;15;0;0;15;0;0
28.01.2017;6;0;28;22;41;40;31;23;32;26;19;27;18;0;10;20;0;20;3;22;3;1;0;16;14;0;32;8;16;0;0;6;0;0
28.01.2017;7;0;19;32;38;44;31;23;25;41;36;12;21;0;13;29;0;20;0;25;0;0;0;23;17;0;26;13;35;0;0;5;0;0
28.01.2017;8;0;29;38;42;51;43;20;33;37;41;0;34;0;16;20;24;32;0;32;0;0;0;25;13;0;26;12;35;0;0;1;0;4
28.01.2017;9;0;20;30;33;37;31;25;29;34;29;0;29;0;18;19;34;25;0;29;0;2;4;28;18;0;19;13;27;10;0;9;0;4
28.01.2017;10;0;15;28;32;34;34;18;21;26;32;0;22;0;20;19;23;19;0;22;0;2;5;23;17;2;13;11;17;7;0;14;0;1
28.01.2017;11;0;15;28;38;32;31;27;28;37;25;0;24;0;22;25;19;19;0;23;0;2;5;17;10;3;14;13;20;14;0;17;0;0
28.01.2017;12;0;19;31;31;48;29;37;21;39;28;0;29;0;23;28;19;24;0;26;0;1;13;23;14;14;23;15;24;13;0;22;0;1
28.01.2017;13;0;24;25;31;52;28;34;23;28;23;0;24;0;30;29;23;23;0;30;0;1;15;36;16;14;22;18;24;22;0;30;0;3
28.01.2017;14;0;23;29;37;35;37;37;26;27;23;0;26;0;11;15;16;18;0;28;0;1;17;30;15;5;27;18;15;21;0;18;0;1
28.01.2017;15;0;21;32;39;49;40;27;21;47;33;0;22;0;15;18;21;10;0;29;0;0;29;33;22;16;21;27;24;19;0;8;0;0
28.01.2017;16;0;25;31;41;53;38;31;23;37;26;28;22;0;31;37;23;30;0;31;0;0;19;18;25;16;17;23;24;12;0;19;0;0
28.01.2017;17;0;18;33;40;52;42;30;14;28;29;24;14;0;18;35;0;22;0;24;0;0;0;20;19;0;23;18;15;0;0;19;0;0
28.01.2017;18;0;17;26;52;49;45;18;15;24;15;21;24;0;9;36;0;19;0;20;0;0;0;28;15;0;23;19;14;0;0;10;0;2
28.01.2017;19;0;22;27;48;58;42;18;21;22;24;23;18;0;12;40;0;18;0;25;0;0;0;41;8;0;27;25;18;0;0;14;0;0
28.01.2017;20;0;17;29;51;45;36;30;14;26;28;40;25;0;0;38;0;35;0;37;0;0;0;24;9;0;29;1;32;0;0;22;0;0
28.01.2017;21;0;18;24;31;12;28;12;23;8;30;5;19;0;0;26;0;25;0;38;0;1;0;15;12;0;19;0;26;0;0;13;0;0
28.01.2017;22;0;23;18;18;0;19;0;29;0;30;0;30;0;0;21;0;24;0;29;0;0;0;6;7;0;15;0;28;0;0;7;0;0
28.01.2017;23;0;9;8;19;0;18;0;13;0;12;0;16;0;0;18;0;19;0;28;0;0;0;7;11;0;19;0;15;0;0;9;0;0
28.01.2017;24;0;3;10;4;0;10;0;5;0;10;0;6;0;0;12;0;8;0;16;0;0;0;9;8;0;12;0;12;0;0;6;0;0
29.01.2017;1;0;1;8;14;0;20;0;4;0;9;0;9;0;0;9;0;7;0;9;0;0;0;21;7;0;10;0;9;0;0;6;0;0
29.01.2017;2;0;2;2;19;0;24;0;11;0;10;0;7;0;0;10;0;10;0;16;0;1;0;26;8;0;13;0;16;0;0;4;0;0
29.01.2017;3;0;5;6;22;0;25;0;19;0;14;0;28;0;0;24;0;27;0;35;0;2;0;19;21;0;10;0;20;0;0;16;0;0
29.01.2017;4;0;6;17;31;6;35;2;17;4;20;8;33;0;0;25;0;32;4;37;7;1;0;13;30;0;17;0;21;0;0;16;0;0
29.01.2017;5;0;17;28;36;22;38;18;18;29;22;34;22;0;3;24;0;31;15;34;19;0;0;7;14;0;19;4;23;0;0;12;0;0
29.01.2017;6;0;19;32;42;33;37;21;20;31;21;23;15;0;11;23;0;24;0;23;6;1;0;14;11;0;14;8;19;0;0;9;0;0
29.01.2017;7;1;18;23;43;39;31;22;24;36;20;18;14;0;16;23;7;20;0;22;0;0;0;26;11;0;16;10;23;5;0;10;0;0
29.01.2017;8;1;30;39;38;54;37;18;32;36;29;29;19;0;20;15;25;28;0;26;0;0;0;29;10;0;14;7;33;20;0;6;0;3
29.01.2017;9;0;14;23;37;31;32;20;20;27;17;19;13;0;23;18;28;25;0;30;0;1;0;29;15;0;11;8;23;11;0;14;0;3
29.01.2017;10;0;14;23;36;36;26;20;17;26;18;13;14;0;29;27;28;14;0;17;0;1;0;23;21;3;15;13;17;7;0;26;0;0
29.01.2017;11;0;16;31;33;42;29;27;16;37;29;15;15;0;18;14;23;14;0;20;0;2;9;25;17;10;18;16;20;10;0;18;0;2
29.01.2017;12;0;20;25;34;45;33;15;25;34;19;11;16;0;22;29;24;15;0;19;0;0;13;17;14;0;19;17;28;11;0;15;0;1
29.01.2017;13;0;25;28;44;55;37;0;49;36;26;0;31;0;26;27;29;30;0;41;0;0;17;28;18;0;23;23;22;14;0;23;0;0
29.01.2017;14;0;23;32;43;56;39;0;42;30;26;0;41;0;19;36;13;29;0;31;0;0;19;32;22;0;27;22;22;18;0;21;0;0
29.01.2017;15;0;27;41;41;55;43;0;51;42;36;0;25;0;21;46;0;20;0;32;0;0;28;32;35;0;18;30;26;17;0;18;0;0
29.01.2017;16;0;27;29;47;49;45;0;51;30;27;0;40;0;35;60;0;34;0;35;0;0;15;24;30;0;22;19;20;4;0;26;0;0
29.01.2017;17;0;29;44;44;52;45;0;48;37;40;11;40;0;15;35;0;34;0;37;0;0;0;29;19;0;29;21;15;0;0;16;0;0
29.01.2017;18;0;17;37;45;44;36;12;32;25;24;16;19;0;16;36;0;21;0;29;0;2;0;26;10;0;30;19;12;0;0;15;0;0
29.01.2017;19;1;19;35;46;53;39;26;24;29;30;33;23;0;15;32;0;24;0;31;0;0;0;36;6;0;29;24;12;0;0;19;0;0
29.01.2017;20;0;29;36;50;66;52;36;33;27;34;50;22;0;9;34;0;36;0;40;0;1;0;29;10;0;34;12;17;0;0;20;0;0
29.01.2017;21;0;30;29;39;20;51;12;30;11;36;7;20;0;0;32;0;22;0;34;0;0;0;21;8;0;27;0;29;0;0;16;0;0
29.01.2017;22;0;28;23;18;0;33;0;36;0;31;0;33;0;0;23;0;28;0;35;0;0;0;10;8;0;23;0;24;0;0;6;0;0
29.01.2017;23;0;9;10;25;0;33;0;16;0;20;0;26;0;0;16;0;21;0;30;0;0;0;7;10;0;20;0;18;0;0;5;0;0
29.01.2017;24;0;2;8;6;0;12;0;12;0;13;0;10;0;0;8;0;10;0;19;0;0;0;10;13;0;11;0;11;0;0;5;0;0
30.01.2017;1;0;2;4;11;0;18;0;6;0;3;0;8;0;0;13;0;12;0;17;0;0;0;19;11;0;8;0;9;0;0;9;0;0
30.01.2017;2;0;3;2;20;0;22;0;16;0;12;0;12;0;0;18;0;16;0;21;0;0;0;27;20;0;11;0;20;0;0;12;0;0
30.01.2017;3;0;2;7;25;0;28;0;15;0;18;0;22;0;0;31;0;24;0;31;0;1;0;22;23;0;10;0;20;0;0;18;0;0
30.01.2017;4;0;11;16;34;6;33;3;19;11;25;7;31;0;5;36;0;42;8;45;9;0;0;21;34;0;15;7;26;0;0;25;0;0
30.01.2017;5;0;22;33;39;32;34;33;30;35;24;47;21;0;17;28;0;22;17;30;26;1;0;14;15;0;18;17;15;0;0;13;0;0
30.01.2017;6;0;26;30;41;43;38;23;27;23;19;32;28;0;13;23;0;15;3;16;7;2;0;19;11;0;26;10;18;0;0;14;0;2
30.01.2017;7;0;19;36;43;47;39;21;29;41;33;27;18;0;14;24;0;25;0;26;0;0;0;23;11;0;34;11;34;0;0;9;0;3
30.01.2017;8;0;35;40;42;54;38;3;44;39;33;33;18;0;16;39;0;30;0;27;0;0;0;29;16;0;33;8;33;0;0;5;0;7
30.01.2017;9;0;20;23;35;39;30;0;39;29;15;23;15;0;22;54;0;29;0;39;0;2;0;33;22;0;28;12;31;0;0;18;0;7
30.01.2017;10;0;15;25;38;35;32;0;30;25;23;23;21;0;37;57;0;18;0;26;0;1;0;34;22;0;27;14;20;0;0;33;0;8
30.01.2017;11;0;15;24;29;34;27;0;38;29;20;19;16;0;27;46;0;18;0;24;0;2;0;36;26;0;20;15;19;0;0;25;0;5
30.01.2017;12;0;26;25;33;34;22;0;43;34;21;17;15;0;31;35;17;18;0;20;0;0;9;22;17;0;22;14;22;0;0;15;0;2
30.01.2017;13;1;25;34;43;67;40;19;41;42;30;33;22;0;39;32;24;31;0;40;0;1;11;29;16;0;30;14;26;12;0;27;0;4
30.01.2017;14;0;24;28;42;45;38;34;30;35;20;27;18;0;12;14;19;29;0;33;0;0;22;32;19;0;24;23;15;3;0;13;0;3
30.01.2017;15;0;21;36;41;61;45;25;25;47;31;22;12;0;17;18;20;18;0;28;0;0;23;38;29;0;29;22;20;0;0;14;0;1
30.01.2017;16;0;27;29;44;44;45;31;33;29;21;37;27;0;33;34;22;33;0;34;0;0;16;18;22;0;23;15;19;0;0;21;0;1
30.01.2017;17;1;24;33;45;42;32;28;29;34;24;30;22;0;14;28;6;33;0;29;0;0;0;25;16;0;27;19;15;0;0;22;0;1
30.01.2017;18;0;17;32;46;44;31;14;22;26;23;23;18;0;7;31;0;29;0;30;0;1;0;31;10;0;26;17;11;0;0;11;0;1
30.01.2017;19;0;24;30;43;55;41;20;27;23;26;35;12;0;9;31;0;26;0;34;0;1;0;36;9;0;26;22;9;0;0;15;0;0
30.01.2017;20;0;18;34;49;48;47;26;26;26;23;40;17;0;1;24;0;34;0;44;0;1;0;22;8;0;30;7;22;0;0;17;0;0
30.01.2017;21;0;21;25;28;17;31;7;26;11;20;7;20;0;0;18;0;19;0;33;0;0;0;17;8;0;18;0;20;0;0;9;0;0
30.01.2017;22;0;22;14;14;0;19;0;33;0;21;0;30;0;0;18;0;28;0;33;0;0;0;7;7;0;15;0;23;0;0;6;0;0
30.01.2017;23;0;9;7;18;0;29;0;13;0;10;0;16;0;0;11;0;16;0;24;0;0;0;10;6;0;19;0;9;0;0;6;0;0
30.01.2017;24;0;3;3;6;0;12;0;5;0;4;0;5;0;0;5;0;6;0;13;0;0;0;10;3;0;11;0;9;0;0;1;0;0
31.01.2017;1;0;3;4;13;0;17;0;8;0;7;0;7;0;0;10;0;9;0;11;0;0;0;12;3;0;6;0;13;0;0;3;0;0
31.01.2017;2;0;1;3;18;0;20;0;8;0;10;0;9;0;0;17;0;10;0;14;0;0;0;21;13;0;9;0;19;0;0;7;0;0
31.01.2017;3;0;1;7;24;0;22;0;11;0;19;0;24;0;0;26;0;29;0;32;0;1;0;23;26;0;11;0;21;0;0;17;0;0
31.01.2017;4;0;8;16;28;0;20;0;14;0;28;0;29;0;0;36;0;33;0;43;8;0;0;19;30;0;14;1;24;0;0;25;0;0
31.01.2017;5;0;20;34;39;20;31;21;23;37;34;30;21;0;12;23;0;35;0;41;13;0;0;9;19;0;13;9;19;0;0;15;0;0
31.01.2017;6;0;27;30;33;38;22;21;31;30;23;29;19;0;14;22;0;26;0;18;0;1;0;14;8;0;25;7;17;0;0;11;0;0
31.01.2017;7;0;21;29;38;37;29;19;29;38;25;14;11;0;17;25;0;23;0;23;0;0;0;20;21;0;22;12;29;0;0;8;0;0
31.01.2017;8;0;26;41;31;40;24;0;40;47;31;30;26;0;18;19;25;32;0;24;0;0;0;21;10;0;28;15;39;0;0;5;0;2
31.01.2017;9;0;19;21;36;39;27;0;34;31;16;2;26;0;30;21;47;26;0;32;0;1;0;27;8;6;24;8;30;0;0;14;0;0
31.01.2017;10;0;14;21;33;41;28;0;24;28;23;0;25;0;32;17;34;16;0;21;0;2;0;30;13;18;22;12;14;0;0;25;0;0
31.01.2017;11;0;13;28;32;40;26;0;23;32;28;0;22;0;21;24;22;19;0;23;0;1;0;33;12;10;30;9;26;0;0;21;0;3
31.01.2017;12;0;19;33;33;36;24;5;39;40;25;0;29;0;22;36;24;19;0;18;0;1;3;25;10;8;15;15;29;0;0;19;0;0
31.01.2017;13;0;25;36;37;49;38;31;31;30;27;0;35;0;29;36;20;31;0;33;0;1;16;29;13;5;27;16;19;0;0;24;0;1
31.01.2017;14;0;28;30;39;41;33;29;33;31;24;0;17;0;17;19;19;12;0;25;0;0;21;32;9;4;31;16;16;0;0;16;0;0
31.01.2017;15;0;24;40;35;46;35;35;26;40;28;0;23;0;15;13;21;14;0;24;0;0;31;31;18;20;21;29;25;0;0;17;0;0
31.01.2017;16;1;27;19;42;46;37;27;31;32;14;7;37;0;21;35;23;36;0;39;0;0;19;23;23;2;32;25;18;0;0;14;0;0
31.01.2017;17;0;23;42;39;44;29;19;23;41;34;38;31;0;17;39;10;36;0;35;0;0;1;30;17;0;28;28;16;0;0;18;0;1
31.01.2017;18;0;20;27;48;47;38;17;25;23;21;42;31;0;13;32;0;38;0;44;0;3;0;28;17;0;17;23;12;0;0;15;0;0
31.01.2017;19;1;15;32;46;47;40;15;21;23;25;42;30;0;14;28;0;41;0;39;0;2;0;33;5;0;21;21;8;0;0;15;0;0
31.01.2017;20;2;27;26;47;53;40;26;35;30;14;39;30;0;7;21;0;42;0;44;0;0;0;25;8;0;19;9;27;0;0;14;0;1
31.01.2017;21;0;21;22;26;14;29;6;28;5;19;6;28;0;0;20;0;25;0;30;0;1;0;14;12;0;20;0;25;0;0;12;0;0
31.01.2017;22;0;23;16;14;0;24;0;32;0;22;0;26;0;0;21;0;29;0;27;0;0;0;8;9;0;11;0;22;0;0;8;0;0
31.01.2017;23;0;17;11;20;0;30;0;30;0;14;0;19;0;0;22;0;18;0;28;0;0;0;10;7;0;14;0;17;0;0;7;0;1
31.01.2017;24;0;7;8;7;0;18;0;9;0;4;0;11;0;0;8;0;8;0;18;0;0;0;13;6;0;15;0;7;0;0;4;0;0
21.09.2018;1;0;6;20;20;0;28;0;19;0;18;0;19;0;0;42;0;11;0;20;0;0;0;23;18;0;14;0;25;0;0;17;0;0
21.09.2018;2;0;4;12;29;0;28;0;26;0;24;0;22;0;0;36;0;23;0;30;0;0;0;20;30;0;18;0;29;0;0;21;0;0
21.09.2018;3;0;8;15;37;0;41;0;22;0;31;0;27;0;0;39;0;34;0;39;0;0;0;23;33;0;18;0;35;0;0;23;0;0
21.09.2018;4;0;19;36;54;9;53;5;35;5;43;10;44;0;0;45;0;40;10;35;21;0;0;12;27;0;20;0;42;0;0;18;0;0
21.09.2018;5;0;34;34;56;48;52;31;33;40;22;55;31;0;3;38;0;32;18;43;36;0;0;19;7;0;29;9;33;0;0;13;0;0
21.09.2018;6;0;36;41;58;53;60;50;47;47;28;42;30;0;32;48;1;28;5;30;13;0;0;23;18;0;37;13;31;0;0;24;0;0
21.09.2018;7;0;35;41;52;72;48;55;44;51;43;51;27;0;38;37;21;38;0;37;0;0;0;29;26;0;40;11;39;0;0;19;0;0
21.09.2018;8;0;37;43;56;67;69;48;46;45;46;39;23;0;28;28;36;36;0;41;0;0;0;31;34;0;37;16;31;8;0;24;0;0
21.09.2018;9;0;44;40;43;64;48;53;51;52;47;35;15;0;33;29;33;40;0;34;0;0;7;36;39;0;15;24;29;17;0;35;0;0
21.09.2018;10;0;29;44;49;61;52;58;41;63;44;32;7;0;50;37;39;25;0;26;0;0;9;20;34;0;20;25;34;12;0;36;0;0
21.09.2018;11;0;37;45;52;69;60;67;46;52;38;41;16;0;42;20;42;25;0;22;0;0;20;24;42;0;21;26;33;22;0;37;19;0
21.09.2018;12;0;20;62;52;62;50;55;32;58;46;32;7;0;38;32;36;23;0;24;0;0;22;23;42;0;15;27;35;16;0;31;32;0
21.09.2018;13;0;28;33;68;69;70;49;33;51;26;32;12;0;32;27;33;29;0;27;0;0;17;36;25;4;9;30;28;19;0;23;54;1
21.09.2018;14;0;37;39;61;58;60;75;45;58;36;26;2;0;32;23;34;26;0;38;0;0;29;46;17;16;33;24;34;26;0;21;65;1
21.09.2018;15;0;40;45;58;63;61;66;37;58;29;42;10;0;37;26;37;34;0;42;0;0;22;26;25;9;31;34;39;25;0;22;46;0
21.09.2018;16;0;40;31;67;88;66;60;43;48;24;46;9;0;35;44;27;38;0;40;0;0;25;28;24;0;24;24;33;20;0;21;8;0
21.09.2018;17;0;43;44;59;64;60;52;40;47;40;40;22;0;26;38;28;40;0;34;0;0;19;27;29;0;18;29;23;16;0;24;0;0
21.09.2018;18;0;40;68;66;73;72;59;41;59;39;46;18;0;26;31;29;44;0;42;0;0;13;29;32;0;28;34;19;20;0;32;0;0
21.09.2018;19;0;33;42;65;58;62;52;39;51;37;43;13;0;38;47;23;34;0;41;0;0;10;39;20;0;35;23;23;7;0;32;0;0
21.09.2018;20;0;42;43;59;61;60;54;46;37;29;54;24;0;25;50;0;53;0;52;0;0;0;38;20;0;31;12;31;0;0;37;0;0
21.09.2018;21;0;33;41;45;47;45;45;31;39;28;39;23;0;0;44;0;41;0;44;0;0;0;29;21;0;32;0;42;0;0;18;0;0
21.09.2018;22;0;29;35;37;9;48;2;51;7;40;6;49;0;0;54;0;41;0;39;0;0;0;25;15;0;26;0;36;0;0;30;0;0
21.09.2018;23;0;23;26;23;0;44;0;38;0;30;0;46;0;0;43;0;48;0;53;0;0;0;20;27;0;17;0;28;0;0;31;0;0
21.09.2018;24;0;10;23;19;0;32;0;24;0;18;0;19;0;0;33;0;16;0;23;0;0;0;17;16;0;19;0;20;0;0;16;0;0
22.09.2018;1;0;10;17;20;0;34;0;18;0;16;0;18;0;0;40;0;11;0;21;0;0;0;19;10;0;16;0;23;0;0;12;0;0
22.09.2018;2;0;6;14;33;0;32;0;19;0;17;0;20;0;0;36;0;25;0;33;0;0;0;19;15;0;18;0;23;0;0;19;0;0
22.09.2018;3;0;8;17;36;0;29;0;23;0;20;0;31;0;0;31;0;37;0;39;0;0;0;20;24;0;14;0;17;0;0;21;0;0
22.09.2018;4;0;19;24;46;8;38;3;30;15;35;14;34;0;0;40;0;43;0;46;5;0;0;13;19;0;23;0;31;0;0;16;0;0
22.09.2018;5;0;31;38;61;49;46;46;39;46;33;42;23;0;7;35;0;41;0;59;19;0;0;17;13;0;34;6;32;0;0;17;0;0
22.09.2018;6;0;41;41;61;53;52;44;36;64;37;34;17;0;34;51;1;39;0;37;5;0;0;20;15;0;33;15;31;0;0;17;0;0
22.09.2018;7;0;35;52;49;55;38;52;41;59;44;42;24;0;39;30;34;30;0;35;0;0;0;28;25;0;34;18;40;3;0;26;0;0
22.09.2018;8;0;40;46;54;62;52;53;46;49;34;32;16;0;43;21;47;36;0;35;0;0;1;37;20;15;19;16;41;25;0;28;0;0
22.09.2018;9;0;38;57;45;49;43;49;47;46;39;28;20;0;34;23;43;32;0;27;0;0;7;36;35;5;19;26;33;15;0;33;0;0
22.09.2018;10;0;30;40;54;53;56;57;34;55;36;28;11;0;43;37;32;24;0;26;0;0;3;31;34;0;17;31;32;24;0;35;0;0
22.09.2018;11;0;22;45;58;70;60;61;28;49;38;40;22;0;29;23;32;25;0;26;0;0;10;27;20;9;27;22;32;20;0;27;0;0
22.09.2018;12;0;25;39;69;62;63;52;29;48;30;33;14;0;32;34;33;27;0;33;0;0;17;25;17;18;25;20;39;17;0;24;0;1
22.09.2018;13;0;35;36;59;65;64;65;39;54;34;28;12;0;36;52;11;32;0;48;0;0;16;40;25;14;19;25;34;30;0;28;0;0
22.09.2018;14;0;38;34;63;79;61;59;46;43;31;29;12;0;33;55;0;25;0;33;0;0;33;32;30;9;29;18;35;17;0;22;0;0
22.09.2018;15;0;40;32;57;68;60;74;47;57;29;31;19;0;46;73;0;27;0;32;0;0;24;31;47;0;20;35;37;21;0;36;0;0
22.09.2018;16;0;49;35;62;74;65;58;54;55;34;42;20;0;24;56;0;38;0;38;0;0;14;28;28;0;32;33;31;6;0;23;0;0
22.09.2018;17;0;42;40;58;66;69;56;51;57;42;41;20;0;24;59;0;37;0;38;0;0;5;36;28;0;27;32;32;0;0;21;0;1
22.09.2018;18;0;44;47;54;67;56;52;48;47;40;46;22;0;26;42;23;43;0;36;0;0;0;40;21;0;35;29;28;0;0;25;0;0
22.09.2018;19;0;32;42;56;62;59;51;41;46;30;38;25;0;43;62;24;38;0;37;0;0;0;37;22;0;32;29;26;0;0;35;0;0
22.09.2018;20;0;44;43;59;75;64;56;44;37;30;60;25;0;27;49;1;59;0;52;0;0;0;36;27;0;28;13;29;0;0;38;0;0
22.09.2018;21;0;31;31;48;42;55;33;42;19;29;26;28;0;0;30;0;38;0;40;0;0;0;23;28;0;22;0;37;0;0;24;0;0
22.09.2018;22;0;31;42;33;0;62;0;62;0;52;0;51;0;0;64;0;40;0;37;0;0;0;18;29;0;23;0;49;0;0;31;0;0
22.09.2018;23;0;20;29;27;0;43;0;36;0;31;0;35;0;0;45;0;37;0;53;0;0;0;13;28;0;24;0;29;0;0;26;0;0
22.09.2018;24;0;9;24;19;0;31;0;31;0;32;0;15;0;0;26;0;12;0;23;0;0;0;21;25;0;17;0;24;0;0;21;0;0
23.09.2018;1;0;11;21;21;0;31;0;28;0;27;0;17;0;0;30;0;12;0;19;0;0;0;26;18;0;18;0;24;0;0;8;0;0
23.09.2018;2;0;8;11;35;0;35;0;27;0;20;0;16;0;0;48;0;18;0;34;0;0;0;19;22;0;21;0;30;0;0;21;0;0
23.09.2018;3;0;10;15;41;22;46;0;28;0;29;0;25;0;0;41;0;35;0;47;0;0;0;19;33;0;24;0;30;0;0;28;0;0
23.09.2018;4;0;17;32;51;39;43;9;37;17;39;25;22;0;10;43;0;41;9;42;14;0;0;16;21;0;23;11;33;0;0;17;0;0
23.09.2018;5;0;36;32;60;62;54;48;48;45;35;53;22;0;23;35;0;38;21;42;25;0;0;25;8;0;37;17;24;0;0;18;0;0
23.09.2018;6;0;39;38;63;61;57;53;40;57;36;38;21;0;32;56;0;32;5;28;7;0;0;22;14;0;31;20;39;0;0;19;0;0
23.09.2018;7;0;35;49;48;69;46;48;37;56;45;34;14;0;40;55;0;36;0;39;0;0;0;32;25;0;40;16;39;0;0;19;0;0
23.09.2018;8;0;48;37;56;63;68;44;56;52;34;32;26;0;33;64;0;33;0;28;0;0;0;33;25;0;43;22;37;0;0;21;0;0
23.09.2018;9;0;36;50;39;52;42;62;38;54;50;34;23;0;33;62;10;41;0;39;0;0;0;42;41;0;31;24;38;0;0;29;0;1
23.09.2018;10;0;31;40;51;55;53;50;37;51;38;34;20;0;48;36;37;36;0;33;0;0;0;27;33;0;36;23;33;0;0;32;0;0
23.09.2018;11;0;27;48;53;71;56;60;35;50;43;29;17;0;38;34;42;21;0;28;0;0;14;29;31;0;34;26;35;17;0;38;0;0
23.09.2018;12;0;21;39;67;58;59;51;25;54;31;30;15;0;33;30;34;24;0;29;0;0;25;34;40;4;31;26;33;5;0;28;0;1
23.09.2018;13;0;35;33;57;74;51;54;44;49;31;34;14;0;33;30;35;35;0;48;0;0;20;42;17;7;38;25;25;0;0;23;0;0
23.09.2018;14;0;30;36;57;63;46;59;41;52;36;33;18;0;31;20;34;25;0;38;0;0;30;41;25;17;40;23;27;0;0;28;0;0
23.09.2018;15;0;39;35;54;67;55;87;53;66;25;35;22;0;44;26;44;30;0;39;0;0;31;25;28;16;36;26;44;0;0;32;0;0
23.09.2018;16;0;44;36;60;74;58;68;51;58;31;42;20;0;31;37;33;39;0;40;0;0;24;19;30;0;38;30;39;0;0;22;0;0
23.09.2018;17;0;45;36;55;66;55;45;48;47;33;44;22;0;25;31;25;45;0;41;0;0;23;17;27;0;28;31;23;0;0;20;0;0
23.09.2018;18;0;36;47;68;73;63;46;45;58;42;54;28;0;25;41;16;52;0;49;0;0;7;33;25;0;41;30;22;0;0;28;0;0
23.09.2018;19;0;37;44;56;49;48;52;45;43;33;44;23;0;36;52;16;43;0;47;7;0;0;38;21;0;32;29;20;0;0;28;0;0
23.09.2018;20;0;40;56;51;57;54;54;43;38;33;55;22;0;21;37;13;43;0;50;19;0;0;36;15;0;25;17;29;0;0;34;0;1
23.09.2018;21;0;25;47;58;53;57;17;34;10;33;23;30;0;0;33;0;38;0;37;0;0;0;27;17;0;22;0;24;0;0;17;0;1
23.09.2018;22;0;30;46;38;0;51;0;58;0;49;0;51;0;0;51;0;48;0;48;0;0;0;22;19;0;26;0;40;0;0;25;0;0
23.09.2018;23;0;21;21;29;0;46;0;44;0;30;0;32;0;0;38;0;40;0;53;0;0;0;17;22;0;23;0;33;0;0;17;0;0
23.09.2018;24;0;5;19;19;0;32;0;21;0;22;0;18;0;0;30;0;12;0;22;0;0;0;14;19;0;19;0;23;0;0;12;0;0
24.09.2018;1;0;8;17;19;0;33;0;17;0;17;0;13;0;0;30;0;12;0;24;0;0;0;25;14;0;22;0;21;0;0;10;0;0
24.09.2018;2;0;4;13;34;0;47;0;21;0;24;0;15;0;0;39;0;18;0;37;0;0;0;28;22;0;29;0;30;0;0;23;0;0
24.09.2018;3;0;11;17;38;0;40;0;36;0;24;0;24;0;0;39;0;34;0;37;0;0;0;27;36;0;15;0;24;0;0;24;0;0
24.09.2018;4;0;23;30;45;12;46;8;39;11;42;12;27;0;0;36;0;42;0;44;7;0;0;10;26;0;18;8;28;0;0;15;0;0
24.09.2018;5;0;31;30;57;43;55;45;33;37;27;51;20;0;12;39;0;32;0;54;27;0;0;20;10;0;29;10;22;0;0;20;0;0
24.09.2018;6;0;41;40;59;51;47;51;49;58;39;33;22;0;27;45;2;31;0;38;6;0;0;26;11;0;35;13;31;0;0;22;0;0
24.09.2018;7;0;42;42;49;54;38;52;54;59;42;33;19;0;45;41;23;29;0;37;0;0;0;30;27;0;38;12;44;0;0;31;0;0
24.09.2018;8;0;45;45;57;63;45;53;52;51;35;36;24;0;30;24;35;34;0;35;0;0;0;33;38;0;42;16;33;0;0;28;0;0
24.09.2018;9;0;50;41;44;56;37;47;58;57;40;42;18;0;28;28;38;37;0;30;0;0;0;44;40;0;32;21;26;0;0;29;0;0
24.09.2018;10;0;31;34;56;56;51;54;44;47;30;29;21;0;47;34;51;31;0;34;0;0;0;34;36;0;31;21;32;0;0;34;0;0
24.09.2018;11;0;32;42;57;61;49;50;44;55;38;38;28;0;42;26;44;28;0;35;0;0;10;41;32;10;41;25;32;0;0;35;0;0
24.09.2018;12;0;26;38;65;64;64;57;32;58;38;27;19;0;33;23;30;22;0;24;0;0;25;36;23;14;32;21;35;0;0;25;0;0
24.09.2018;13;0;35;28;71;86;72;43;40;42;24;38;18;0;33;51;0;34;0;55;0;0;23;43;21;5;43;21;25;0;0;19;0;1
24.09.2018;14;0;41;40;63;71;64;46;46;52;37;38;16;0;36;62;0;26;0;43;0;0;28;44;31;10;47;24;30;0;0;27;0;1
24.09.2018;15;0;44;32;57;66;56;58;48;64;32;32;16;0;38;68;0;29;0;37;0;0;24;28;29;30;46;31;46;0;0;37;0;0
24.09.2018;16;0;44;41;58;68;58;50;47;58;37;41;25;0;32;69;0;33;0;44;0;0;16;24;27;17;39;29;41;0;0;25;0;0
24.09.2018;17;0;45;48;60;80;64;36;45;49;40;52;30;0;20;55;0;38;0;31;0;0;16;38;26;0;37;25;28;0;0;21;0;0
24.09.2018;18;0;45;47;66;69;62;60;48;47;39;42;25;0;32;55;0;44;0;45;0;0;0;44;33;0;39;29;30;0;0;25;0;0
24.09.2018;19;0;38;38;58;70;68;57;46;41;30;45;23;0;44;62;0;44;0;41;0;0;0;34;26;0;30;20;33;0;0;37;0;0
24.09.2018;20;0;44;34;55;58;64;53;46;38;33;51;28;0;11;52;0;51;0;51;0;0;0;32;21;0;30;8;32;0;0;35;0;0
24.09.2018;21;0;31;42;55;61;62;41;35;39;31;47;30;0;0;41;0;35;0;41;0;0;0;25;22;0;31;0;37;0;0;19;0;0
24.09.2018;22;0;35;40;38;34;40;31;41;29;27;36;29;0;0;45;0;41;0;40;0;0;0;16;28;0;27;0;39;0;0;28;0;0
24.09.2018;23;0;22;25;31;0;48;0;41;0;27;0;38;0;0;40;0;39;0;58;0;0;0;12;26;0;28;0;34;0;0;28;0;0
24.09.2018;24;0;16;21;19;0;36;0;39;0;34;0;22;0;0;30;0;14;0;31;0;0;0;13;26;0;21;0;29;0;0;19;0;0
25.09.2018;1;0;10;23;26;0;39;0;26;0;26;0;17;0;0;38;0;12;0;30;0;0;0;35;18;0;23;0;24;0;0;13;0;0
25.09.2018;2;0;4;12;39;0;43;0;31;0;21;0;22;0;0;42;0;27;0;42;0;0;0;28;27;0;23;0;27;0;0;20;0;0
25.09.2018;3;0;7;22;42;0;43;0;26;0;25;0;29;0;0;48;0;37;0;35;0;0;0;26;35;0;17;0;31;0;0;31;0;0
25.09.2018;4;0;18;30;46;8;46;6;33;12;44;5;34;0;0;45;0;32;6;36;12;0;0;15;38;0;16;0;36;0;0;26;0;0
25.09.2018;5;0;34;27;56;55;50;39;45;42;23;38;18;0;0;38;0;36;19;38;19;0;0;30;25;0;31;0;33;0;0;20;0;0
25.09.2018;6;0;43;37;62;54;54;48;39;63;26;36;28;0;25;47;0;36;3;35;3;0;0;27;17;0;32;8;49;0;0;18;0;0
25.09.2018;7;0;32;48;45;60;44;44;36;38;33;30;21;0;35;58;0;29;0;32;0;0;0;28;32;0;35;10;39;0;0;22;0;0
25.09.2018;8;0;36;41;54;64;45;50;44;44;38;24;14;0;35;49;21;29;0;36;0;0;0;36;31;0;31;17;31;0;0;26;0;0
25.09.2018;9;0;36;44;47;53;46;36;44;45;38;9;38;0;26;31;38;36;0;38;0;0;0;43;25;19;30;21;29;0;0;32;0;0
25.09.2018;10;0;32;38;51;61;58;42;34;44;26;0;42;0;43;40;42;28;0;34;0;0;0;34;18;25;41;28;32;0;0;45;0;0
25.09.2018;11;0;31;44;61;74;64;55;34;47;40;0;40;0;36;22;38;22;0;30;0;0;0;48;23;26;51;22;34;0;0;36;0;0
25.09.2018;12;0;28;44;62;63;64;47;35;55;39;14;31;0;32;32;39;27;0;28;0;0;13;54;34;5;29;30;33;0;0;18;0;0
25.09.2018;13;0;33;45;64;63;67;52;42;54;44;45;23;0;42;27;32;38;0;44;0;0;30;35;34;0;37;24;30;0;0;26;0;0
25.09.2018;14;0;33;41;68;67;71;70;34;63;36;27;21;0;36;25;37;29;0;33;0;0;31;51;33;11;47;23;32;0;0;24;0;0
25.09.2018;15;0;47;34;60;63;63;82;46;61;29;40;19;0;55;26;46;33;0;42;0;0;26;27;23;26;47;27;42;0;0;45;0;0
25.09.2018;16;0;47;30;61;72;55;61;49;50;30;30;15;0;35;32;42;35;0;42;0;0;22;27;29;4;35;28;32;0;0;23;0;0
25.09.2018;17;0;48;40;58;69;59;50;47;57;35;42;18;0;18;26;30;34;0;33;0;0;16;27;29;0;25;31;21;0;0;14;0;0
25.09.2018;18;0;40;39;62;76;61;42;45;40;41;40;16;0;27;24;32;39;0;45;0;0;2;45;18;0;34;22;22;0;0;22;0;0
25.09.2018;19;0;30;44;58;66;57;37;35;44;39;39;17;0;30;27;42;35;0;39;0;0;0;27;12;0;37;33;23;0;0;25;0;0
25.09.2018;20;0;35;36;53;66;53;43;41;27;30;44;18;0;7;47;12;39;0;48;15;0;0;26;15;0;36;8;28;0;0;33;0;0
25.09.2018;21;0;30;39;53;26;52;30;50;24;48;15;21;0;0;34;0;26;0;41;5;0;0;19;26;0;34;0;37;0;0;18;0;0
25.09.2018;22;0;27;36;32;0;38;0;46;0;47;0;40;0;0;52;0;38;0;36;0;0;0;13;28;0;18;0;34;0;0;27;0;0
25.09.2018;23;0;21;28;24;0;38;0;41;0;39;0;31;0;0;29;0;30;0;40;0;0;0;13;29;0;19;0;28;0;0;22;0;0
25.09.2018;24;0;7;14;21;0;28;0;27;0;22;0;12;0;0;28;0;11;0;26;0;0;0;14;16;0;23;0;25;0;0;11;0;0
26.09.2018;1;0;7;19;28;0;36;0;19;0;27;0;25;0;0;39;0;19;0;27;0;0;0;27;15;0;13;0;31;0;0;12;0;0
26.09.2018;2;0;8;11;34;0;39;0;34;0;20;0;23;0;0;43;0;21;0;29;0;0;0;24;27;0;16;0;31;0;0;19;0;0
26.09.2018;3;0;8;22;36;0;40;0;21;0;32;0;26;0;0;45;0;32;0;32;0;0;0;17;24;0;11;0;29;0;0;18;0;0
26.09.2018;4;0;19;28;52;1;43;2;28;6;42;5;45;0;0;50;0;34;0;48;17;0;0;15;26;0;15;0;35;0;0;24;0;0
26.09.2018;5;0;33;27;54;40;39;40;36;45;24;49;35;0;22;42;0;41;0;63;26;0;0;21;16;0;31;11;23;0;0;16;0;0
26.09.2018;6;0;35;42;53;45;38;39;33;50;32;41;32;0;28;47;0;32;0;32;0;0;0;23;19;0;31;14;32;0;0;22;0;0
26.09.2018;7;0;37;46;45;53;34;47;37;47;39;49;35;0;35;56;0;37;0;37;0;0;0;30;25;0;31;14;37;0;0;23;0;0
26.09.2018;8;0;41;44;52;58;48;48;43;46;38;40;18;0;38;42;34;33;0;35;0;0;0;35;36;0;29;21;35;0;0;27;0;0
26.09.2018;9;0;41;45;44;50;55;61;43;47;45;27;17;0;35;36;42;34;0;32;0;0;0;40;46;0;28;22;26;0;0;39;0;0
26.09.2018;10;0;27;49;57;56;55;56;27;54;41;41;32;0;49;38;44;32;0;35;0;0;0;30;39;0;36;33;27;0;0;41;0;0
26.09.2018;11;0;27;50;63;72;63;57;25;36;37;30;25;0;29;23;34;24;0;31;0;0;0;54;43;6;45;26;24;0;0;33;0;0
26.09.2018;12;0;33;48;64;75;64;65;44;61;47;31;17;0;40;31;35;29;0;33;0;0;19;41;27;20;31;24;37;10;0;29;0;0
26.09.2018;13;0;43;35;57;67;58;47;47;45;33;35;17;0;37;32;34;37;0;53;0;0;24;38;20;9;21;23;31;22;0;22;0;0
26.09.2018;14;0;41;34;67;75;66;65;54;52;30;33;20;0;34;19;37;28;0;42;0;0;36;43;17;24;33;23;28;24;0;23;13;0
26.09.2018;15;0;50;32;65;66;67;55;51;54;35;47;20;0;43;26;41;31;0;36;0;0;31;24;14;22;28;22;45;18;0;36;36;0
26.09.2018;16;0;48;34;66;65;65;48;50;37;25;35;18;0;31;36;27;37;0;47;0;0;21;28;30;6;23;16;35;17;0;23;19;0
26.09.2018;17;0;41;45;67;78;68;55;48;53;42;60;21;0;20;32;27;46;0;42;0;0;26;25;26;0;32;27;28;2;0;18;4;0
26.09.2018;18;0;46;43;60;67;61;59;54;46;46;45;17;0;28;31;29;41;0;43;0;0;19;26;23;0;34;21;21;0;0;19;0;0
26.09.2018;19;0;41;41;60;60;65;52;50;51;37;35;18;0;39;47;23;39;0;37;0;0;5;28;16;0;42;24;31;0;0;30;0;0
26.09.2018;20;0;43;39;55;59;56;43;43;34;31;44;19;0;35;59;0;45;0;43;0;0;0;31;18;0;33;8;34;0;0;30;0;0
26.09.2018;21;0;33;47;53;31;64;20;40;27;50;24;31;0;3;32;0;34;0;41;0;0;0;21;19;0;26;0;39;0;0;15;0;0
26.09.2018;22;0;32;41;29;0;48;0;58;0;50;0;50;0;0;50;0;39;0;35;0;0;0;18;25;0;29;0;42;0;0;26;0;0
26.09.2018;23;0;18;25;26;0;40;0;37;0;33;0;35;0;0;41;0;37;0;49;0;0;0;16;27;0;25;0;30;0;0;20;0;0
26.09.2018;24;0;9;21;20;0;34;0;24;0;22;0;16;0;0;32;0;15;0;27;0;0;0;17;16;0;22;0;19;0;0;17;0;0
27.09.2018;1;0;10;19;24;0;29;0;23;0;25;0;12;0;0;31;0;11;0;22;0;0;0;27;21;0;20;0;30;0;0;14;0;0
27.09.2018;2;0;7;16;41;0;48;0;28;0;21;0;20;0;0;42;0;19;0;35;0;0;0;29;28;0;25;0;41;0;0;30;0;0
27.09.2018;3;0;10;18;41;0;45;0;31;0;18;0;31;0;0;42;0;38;0;49;0;0;0;26;35;0;24;0;22;0;0;26;0;0
27.09.2018;4;0;23;32;45;1;49;0;40;0;38;0;52;0;0;39;0;39;16;46;22;0;0;19;30;0;22;0;31;0;0;20;0;0
27.09.2018;5;0;38;35;57;49;50;32;42;34;25;49;37;0;11;36;0;34;23;40;29;0;0;23;19;0;31;5;34;0;0;22;0;1
27.09.2018;6;0;42;38;60;54;49;55;55;42;25;35;30;0;29;50;0;28;2;32;10;0;0;27;16;0;33;15;34;0;0;18;0;0
27.09.2018;7;0;37;49;51;59;52;61;60;52;41;49;30;0;39;40;19;44;0;38;0;0;0;26;30;0;31;16;47;0;0;23;0;0
27.09.2018;8;0;49;35;64;58;67;55;63;48;31;43;34;0;34;26;43;45;0;39;0;0;0;31;30;0;27;21;39;0;0;16;0;0
27.09.2018;9;0;42;38;44;54;49;57;54;49;41;33;22;0;34;28;45;36;0;31;0;0;0;45;38;0;26;28;33;9;0;32;0;0
27.09.2018;10;0;26;34;53;69;61;50;38;50;34;40;30;0;47;30;47;30;0;32;0;0;10;27;31;0;28;26;26;20;0;36;0;0
27.09.2018;11;0;22;36;66;68;60;56;38;49;40;37;23;0;34;19;43;26;0;31;0;0;22;35;37;0;34;18;37;26;0;39;0;0
27.09.2018;12;0;33;39;62;76;66;61;44;51;37;30;19;0;37;31;33;25;0;33;0;0;22;33;34;0;24;28;40;23;0;32;0;0
27.09.2018;13;0;37;38;61;67;65;51;38;35;30;33;16;0;36;33;32;39;0;47;0;0;22;39;24;0;24;22;25;28;0;26;0;0
27.09.2018;14;0;43;45;63;73;63;60;49;51;28;26;15;0;33;25;31;26;0;40;0;0;33;34;35;0;30;26;31;19;0;27;0;0
27.09.2018;15;0;49;51;58;69;62;75;53;56;32;40;17;0;42;27;37;31;0;33;0;0;26;25;41;0;22;26;37;20;0;34;0;1
27.09.2018;16;0;44;44;60;69;65;50;44;47;28;38;17;0;38;36;32;36;0;45;0;0;19;21;23;0;22;27;33;17;0;22;0;1
27.09.2018;17;0;42;66;58;62;64;46;41;37;33;44;23;0;18;28;22;36;0;36;0;0;19;21;22;0;24;22;21;5;0;16;0;0
27.09.2018;18;0;29;46;62;56;61;47;37;38;37;43;24;0;28;57;6;44;0;43;0;0;0;34;23;0;20;29;22;14;0;25;0;1
27.09.2018;19;0;31;53;66;64;63;55;42;49;46;38;15;0;34;51;17;30;0;45;0;0;0;39;14;0;37;29;28;11;0;33;0;0
27.09.2018;20;0;40;41;65;78;66;50;42;31;35;65;15;0;15;46;11;54;0;55;0;0;0;31;18;0;38;13;19;0;0;30;0;0
27.09.2018;21;0;36;40;50;18;55;25;49;14;46;26;27;0;0;30;0;41;0;43;0;0;0;19;20;0;25;0;31;0;0;25;0;0
27.09.2018;22;0;33;31;28;0;45;0;49;0;46;0;42;0;0;43;0;40;0;36;0;0;0;10;18;0;18;0;35;0;0;20;0;0
27.09.2018;23;0;15;18;30;0;45;0;33;0;29;0;35;0;0;36;0;32;0;40;0;0;0;12;24;0;20;0;29;0;0;23;0;0
27.09.2018;24;0;10;22;16;0;23;0;30;0;32;0;17;0;0;33;0;12;0;21;0;0;0;8;11;0;16;0;24;0;0;16;0;0
28.09.2018;1;0;11;21;18;0;26;0;26;0;26;0;14;0;0;36;0;11;0;18;0;0;0;21;14;0;16;0;25;0;0;13;0;0
28.09.2018;2;0;6;11;33;0;37;0;25;0;22;0;23;0;0;36;0;22;0;37;0;0;0;24;29;0;20;0;28;0;0;26;0;0
28.09.2018;3;0;9;17;41;0;32;0;25;0;32;0;32;0;0;39;0;39;0;43;0;0;0;23;28;0;15;0;32;0;0;23;0;0
28.09.2018;4;0;22;37;46;7;38;8;42;16;57;13;31;0;0;45;0;47;0;51;0;0;0;17;27;0;16;19;37;0;0;22;0;0
28.09.2018;5;0;35;34;59;50;46;39;38;51;30;41;18;0;3;40;0;47;0;63;17;0;0;26;11;0;34;7;40;0;0;17;0;0
28.09.2018;6;0;42;56;56;54;41;53;42;59;34;32;23;0;31;37;22;25;0;37;9;0;0;23;18;0;32;16;36;0;0;25;0;0
28.09.2018;7;0;40;54;50;53;49;58;45;51;41;38;24;0;36;22;31;36;0;40;0;0;0;24;29;0;28;19;42;0;0;19;0;0
28.09.2018;8;0;49;46;52;57;46;45;51;46;30;43;26;0;34;20;36;41;0;35;0;0;7;30;33;0;27;14;41;0;0;27;0;0
28.09.2018;9;0;36;63;41;44;38;55;40;42;37;30;21;0;37;36;47;33;0;31;0;0;9;32;36;0;25;24;28;0;0;31;0;1
28.09.2018;10;0;29;49;51;50;49;54;35;52;36;29;19;0;44;36;31;27;0;29;0;0;13;19;30;0;28;27;29;16;0;31;0;0
28.09.2018;11;0;26;60;53;65;57;64;36;46;38;26;19;0;36;25;33;21;0;26;0;0;19;32;41;0;27;20;31;16;0;39;0;0
28.09.2018;12;0;26;31;63;70;61;48;28;48;29;34;12;0;36;36;34;29;0;35;0;0;21;35;39;0;24;20;41;23;0;27;0;0
28.09.2018;13;0;39;36;61;76;65;57;45;49;28;33;19;0;44;31;40;37;0;48;0;0;27;31;29;0;12;23;22;22;0;32;0;1
28.09.2018;14;0;32;33;57;79;67;58;46;50;23;35;24;0;38;46;13;40;0;50;0;0;33;38;29;0;31;19;23;26;0;27;0;0
28.09.2018;15;0;53;33;62;67;65;60;61;57;28;35;20;0;40;60;0;29;0;34;0;0;22;28;27;0;22;22;41;19;0;24;0;0
28.09.2018;16;0;48;34;61;78;70;52;49;57;34;43;19;0;41;85;0;38;0;40;0;0;15;22;34;0;28;29;40;7;0;28;0;1
28.09.2018;17;0;42;46;58;70;63;38;42;51;48;48;28;0;26;60;0;47;0;41;0;0;19;25;28;0;21;27;21;0;0;24;0;0
28.09.2018;18;0;41;48;61;75;66;55;44;49;50;51;19;0;26;54;0;52;0;45;0;0;16;24;22;0;34;32;19;0;0;26;0;0
28.09.2018;19;0;45;36;63;78;71;50;54;44;36;43;19;0;34;60;0;38;0;41;0;0;0;32;14;0;44;20;27;0;0;31;0;0
28.09.2018;20;0;37;38;58;63;60;49;45;39;37;49;15;0;33;60;0;43;0;48;0;0;0;32;24;0;26;27;19;0;0;39;0;0
28.09.2018;21;0;33;40;46;33;60;19;43;14;48;14;29;0;3;28;0;33;0;40;0;0;0;22;15;0;29;7;28;0;0;19;0;0
28.09.2018;22;0;32;35;36;0;56;0;54;0;46;0;49;0;0;45;0;41;0;42;0;0;0;14;14;0;27;0;34;0;0;23;0;0
28.09.2018;23;0;21;25;28;0;39;0;32;0;32;0;30;0;0;34;0;32;0;47;0;0;0;13;19;0;28;0;31;0;0;23;0;0
28.09.2018;24;0;9;21;16;0;21;0;21;0;25;0;14;0;0;30;0;12;0;28;0;0;0;14;14;0;22;0;18;0;0;15;0;0
29.09.2018;1;0;7;15;17;0;27;0;18;0;19;0;10;0;0;35;0;5;0;17;0;0;0;24;12;0;22;0;23;0;0;16;0;0
29.09.2018;2;0;8;14;33;0;38;0;26;0;24;0;18;0;0;33;0;24;0;34;0;0;0;20;25;0;14;0;27;0;0;25;0;0
29.09.2018;3;0;0;17;41;25;39;0;12;0;26;0;30;0;0;36;0;42;0;45;0;0;0;23;26;0;20;0;23;0;0;18;0;0
29.09.2018;4;0;15;29;46;25;30;11;27;19;39;36;33;0;13;38;0;42;11;41;11;0;0;15;26;0;14;10;23;0;0;18;0;0
29.09.2018;5;0;40;31;60;54;53;45;53;51;34;49;27;0;29;38;0;34;14;48;28;0;0;26;16;0;28;15;27;0;0;21;0;0
29.09.2018;6;0;41;47;60;51;56;51;52;56;37;38;26;0;30;54;0;34;0;35;14;0;0;22;17;0;25;16;40;0;0;16;0;0
29.09.2018;7;0;30;45;53;67;59;53;39;50;41;46;26;0;40;57;0;47;0;39;0;0;0;32;25;0;24;14;38;0;0;26;0;0
29.09.2018;8;0;48;44;60;66;73;51;53;47;44;33;24;0;35;64;0;34;0;35;0;0;0;32;34;0;33;17;37;0;0;26;0;0
29.09.2018;9;0;37;40;43;52;48;50;39;41;43;33;23;0;40;66;20;33;0;31;0;0;0;43;37;0;29;22;30;0;0;34;0;0
29.09.2018;10;0;28;34;56;50;57;50;34;46;30;27;19;0;52;30;50;25;0;30;0;0;0;35;36;0;37;25;32;0;0;39;0;1
29.09.2018;11;0;25;46;60;62;62;50;32;48;51;31;21;0;40;32;34;31;0;34;0;0;15;35;35;0;32;17;31;13;0;33;0;0
29.09.2018;12;0;29;32;59;63;56;50;38;33;23;24;15;0;37;35;33;26;0;32;0;0;18;30;35;0;34;17;30;0;0;27;0;0
29.09.2018;13;0;40;39;63;66;52;56;46;46;35;46;21;0;42;33;33;45;0;56;0;0;17;31;31;0;30;26;27;0;0;33;0;0
29.09.2018;14;0;44;46;60;81;56;60;50;52;33;42;24;0;35;27;28;41;0;40;0;0;32;37;31;0;45;21;30;0;0;26;0;0
29.09.2018;15;0;37;31;56;67;53;62;44;47;24;31;17;0;49;33;39;34;0;35;0;0;27;28;36;0;37;21;39;0;0;33;0;0
29.09.2018;16;0;41;38;62;72;62;53;46;54;37;42;16;0;37;32;42;35;0;41;0;0;24;25;22;0;33;28;35;0;0;27;0;0
29.09.2018;17;0;42;37;69;88;61;61;39;48;36;46;20;0;26;49;10;40;0;44;0;0;27;17;26;0;34;26;21;0;0;23;0;0
29.09.2018;18;0;39;49;59;76;58;43;41;53;43;35;20;0;21;48;1;39;0;43;0;0;15;26;25;0;44;34;24;0;0;20;0;0
29.09.2018;19;0;36;36;54;67;57;51;40;53;27;33;17;0;38;31;39;27;0;33;5;0;5;30;24;0;44;30;31;0;0;36;0;0
29.09.2018;20;0;44;50;57;65;46;48;45;30;43;52;22;0;21;37;23;37;0;48;11;0;0;33;13;0;44;12;29;0;0;28;0;0
29.09.2018;21;0;31;49;52;25;47;19;40;17;42;19;23;0;0;38;0;28;0;46;0;0;0;32;21;0;36;0;40;0;0;17;0;0
29.09.2018;22;0;35;40;30;0;33;0;50;0;47;0;46;0;0;49;0;38;0;40;0;0;0;13;24;0;28;0;43;0;0;20;0;0
29.09.2018;23;0;18;30;29;0;44;0;37;0;33;0;40;0;0;43;0;34;0;44;0;0;0;10;26;0;24;0;30;0;0;31;0;0
29.09.2018;24;0;10;31;16;0;22;0;25;0;28;0;21;0;0;29;0;18;0;29;0;0;0;12;17;0;19;0;23;0;0;15;0;0
30.09.2018;1;0;9;20;23;0;34;0;22;0;22;0;16;0;0;29;0;12;0;25;0;0;0;22;16;0;12;0;19;0;0;10;0;0
30.09.2018;2;0;4;14;37;0;50;0;28;0;25;0;30;0;0;32;0;28;0;41;0;0;0;22;25;0;13;0;26;0;0;20;0;0
30.09.2018;3;0;12;21;35;0;60;0;36;0;34;0;38;0;0;32;0;45;0;44;0;0;0;32;26;0;20;0;29;0;0;15;0;0
30.09.2018;4;0;19;29;51;13;52;7;36;10;38;11;24;0;0;42;0;44;0;43;4;0;0;16;21;0;20;0;31;0;0;19;0;0
30.09.2018;5;0;29;26;58;60;50;43;36;35;25;43;18;0;23;37;0;37;0;54;19;0;0;21;15;0;31;3;31;0;0;19;0;0
30.09.2018;6;0;45;42;67;62;53;62;54;48;35;38;19;0;30;42;12;37;0;31;8;0;0;26;15;0;32;13;34;0;0;22;0;0
30.09.2018;7;0;34;46;46;52;30;50;46;47;35;28;13;0;34;23;37;30;0;31;0;0;0;32;23;0;31;18;42;0;0;19;0;0
30.09.2018;8;0;41;31;53;62;42;45;53;53;27;32;17;0;32;25;39;35;0;38;0;0;0;34;25;0;37;22;39;0;0;24;0;1
30.09.2018;9;0;39;47;36;47;38;57;46;47;43;32;19;0;35;28;48;38;0;39;0;0;0;43;32;0;30;25;33;0;0;30;0;1
30.09.2018;10;0;24;32;55;67;52;47;34;48;30;36;14;0;55;43;36;31;0;30;0;0;0;33;28;0;47;31;31;0;0;41;0;0
30.09.2018;11;0;29;46;54;83;49;55;34;69;46;44;13;0;41;26;42;32;0;44;0;0;2;33;26;12;52;28;33;0;0;37;0;0
30.09.2018;12;0;23;40;60;77;60;41;27;47;35;43;11;0;34;29;31;28;0;25;0;0;19;25;17;23;35;26;28;0;0;30;0;0
30.09.2018;13;0;37;45;63;74;61;47;37;52;40;38;18;0;30;53;9;31;0;39;0;0;27;33;26;7;30;19;24;0;0;24;0;0
30.09.2018;14;0;47;40;66;82;66;71;54;65;43;48;16;0;29;60;0;41;0;49;0;0;33;37;40;6;24;30;37;17;0;24;0;1
30.09.2018;15;0;45;36;61;81;62;50;45;62;32;53;14;0;44;40;27;38;0;42;0;0;21;25;23;20;33;29;39;10;0;23;0;0
30.09.2018;16;0;41;31;57;78;60;50;46;59;28;42;18;0;26;43;25;34;0;43;0;0;0;45;20;22;37;31;40;0;0;26;0;0
30.09.2018;17;0;43;44;59;75;60;45;43;53;40;53;23;0;22;62;0;42;0;41;0;0;0;48;27;5;23;30;32;0;0;20;0;0
30.09.2018;18;0;37;48;66;89;68;56;38;55;36;50;15;0;27;62;0;49;0;51;0;0;0;44;24;0;36;24;29;0;0;27;0;0
30.09.2018;19;0;31;44;69;81;68;56;31;55;30;44;20;0;31;62;0;41;0;50;0;0;0;43;23;0;39;36;26;0;0;22;0;0
30.09.2018;20;0;45;40;68;79;71;46;50;50;41;57;19;0;21;56;0;51;0;50;0;0;0;39;27;0;30;28;16;0;0;33;0;0
30.09.2018;21;0;32;43;48;60;50;36;32;44;38;37;17;0;0;36;0;36;0;43;0;0;0;23;18;0;31;4;38;0;0;18;0;0
30.09.2018;22;0;30;41;33;16;52;9;44;15;39;19;42;0;0;50;0;43;0;45;0;0;0;18;24;0;25;0;37;0;0;30;0;0
30.09.2018;23;0;20;27;24;0;48;0;27;0;25;0;26;0;0;39;0;37;0;49;0;0;0;16;23;0;20;0;32;0;0;28;0;0
30.09.2018;24;0;9;20;22;0;39;0;21;0;23;0;13;0;0;30;0;17;0;24;0;0;0;14;17;0;20;0;23;0;0;19;0;0
31.09.2018;1;0;7;17;20;0;35;0;16;0;16;0;14;0;0;27;0;10;0;20;0;0;0;24;19;0;18;0;18;0;0;16;0;0
31.09.2018;2;0;5;9;31;0;42;0;15;0;30;0;24;0;0;39;0;24;0;42;0;0;0;19;18;0;24;0;36;0;0;20;0;0
31.09.2018;3;0;10;16;40;0;49;0;24;0;28;0;23;0;0;42;0;35;0;47;0;0;0;29;33;0;21;0;20;0;0;25;0;0
31.09.2018;4;0;17;30;48;9;54;8;31;7;49;8;30;0;0;38;0;42;8;43;11;0;0;21;22;0;22;0;32;0;0;12;0;0
31.09.2018;5;0;29;28;57;57;58;56;39;31;32;32;10;0;0;38;0;36;18;39;34;0;0;22;12;0;29;0;29;0;0;19;0;0
31.09.2018;6;0;44;44;57;61;60;46;39;63;35;26;12;0;20;42;0;27;0;31;11;0;0;25;14;0;34;10;39;0;0;17;0;0
31.09.2018;7;0;39;51;56;65;51;53;40;63;49;31;15;0;36;54;0;28;0;36;0;0;0;29;32;0;37;15;41;0;0;28;0;0
31.09.2018;8;0;44;48;54;70;56;48;43;56;38;38;20;0;33;60;0;34;0;39;0;0;0;33;26;0;36;10;39;0;0;21;0;0
31.09.2018;9;0;44;41;39;54;41;46;49;57;47;33;14;0;29;72;0;30;0;30;0;0;0;39;23;12;33;22;39;0;0;22;0;0
31.09.2018;10;0;27;40;61;58;57;50;33;55;35;35;18;0;48;63;25;25;0;32;0;0;0;37;24;23;38;25;31;0;0;33;0;0
31.09.2018;11;0;36;40;61;71;64;51;41;63;38;34;24;0;40;56;11;24;0;31;0;0;19;40;25;21;44;23;29;0;0;33;0;0
31.09.2018;12;0;28;35;67;73;66;43;26;48;28;37;17;0;27;53;0;24;0;34;0;0;19;28;26;0;33;21;30;0;0;21;0;0
31.09.2018;13;0;33;36;62;87;70;59;46;46;27;28;13;0;33;47;14;30;0;40;0;0;29;33;33;0;42;20;31;0;0;32;0;0
31.09.2018;14;0;49;35;72;76;79;67;52;58;33;44;14;0;36;26;37;35;0;39;0;0;41;44;30;0;38;26;32;0;0;30;36;0
31.09.2018;15;0;45;39;63;56;61;76;49;74;38;40;18;0;43;31;46;32;0;42;0;0;24;28;50;0;46;44;45;0;0;37;38;0
31.09.2018;16;0;47;38;62;87;65;67;46;57;40;37;25;0;29;27;34;34;0;37;0;0;21;29;38;0;43;31;35;0;0;32;0;0
31.09.2018;17;0;59;41;62;83;59;59;61;61;42;50;29;0;27;26;28;51;0;47;0;0;18;29;30;0;35;26;30;0;0;19;0;0
31.09.2018;18;0;47;46;66;74;66;54;50;61;43;49;35;0;29;31;22;51;0;45;0;0;1;45;24;0;37;31;28;0;0;23;0;0
31.09.2018;19;0;36;38;57;66;57;57;45;47;26;42;26;0;40;32;43;39;0;37;0;0;0;40;29;0;39;33;30;0;0;30;0;0
31.09.2018;20;0;37;42;62;63;60;41;44;38;33;62;32;0;12;35;16;48;0;51;13;0;0;36;15;0;27;18;22;0;0;32;0;0
31.09.2018;21;0;32;38;53;17;52;3;62;2;36;28;40;0;0;37;0;48;0;47;9;0;0;30;23;0;27;0;32;0;0;34;0;0
31.09.2018;22;0;33;37;39;0;54;0;60;0;39;0;53;0;0;53;0;47;0;43;0;0;0;20;22;0;30;0;39;0;0;21;0;0
31.09.2018;23;0;22;20;29;0;41;0;42;0;27;0;38;0;0;40;0;47;0;59;0;0;0;21;27;0;25;0;31;0;0;25;0;0
31.09.2018;24;0;13;19;19;0;27;0;30;0;25;0;18;0;0;32;0;16;0;24;0;0;0;13;18;0;21;0;22;0;0;14;0;0
