01.07.2018;1;0;9;23;21;0;31;0;28;0;28;0;15;0;0;48;0;13;0;15;0;0;0;26;19;0;12;0;36;0;0;20;0;0
01.07.2018;2;0;10;23;32;0;43;0;33;0;26;0;19;0;0;44;0;19;0;28;0;0;0;17;38;0;13;0;37;0;0;23;0;0
01.07.2018;3;0;10;21;33;0;45;0;29;0;19;0;30;0;0;43;0;37;0;46;0;0;0;22;40;0;15;0;26;0;0;25;0;0
01.07.2018;4;0;17;42;49;10;52;8;39;2;28;15;34;0;23;40;0;41;0;44;11;0;0;25;33;0;18;0;28;0;0;19;0;0
01.07.2018;5;0;29;33;54;60;53;35;39;39;31;46;15;0;19;31;0;31;0;55;38;0;0;24;19;0;22;8;30;0;0;8;0;0
01.07.2018;6;0;33;40;58;60;51;46;32;41;29;29;21;0;25;51;0;26;0;33;17;0;0;23;15;0;25;17;36;0;0;16;0;0
01.07.2018;7;0;30;38;49;51;41;40;27;34;34;37;26;0;30;50;8;37;0;43;0;0;0;25;23;0;28;18;35;0;0;16;0;0
01.07.2018;8;0;37;47;53;62;47;42;39;49;42;42;33;0;29;27;38;38;0;40;0;0;0;35;33;0;32;32;37;0;0;22;0;0
01.07.2018;9;0;43;47;42;35;34;60;49;43;38;30;20;0;36;34;37;29;0;33;0;0;7;34;39;9;22;22;27;7;0;32;0;0
01.07.2018;10;0;30;44;54;60;47;51;31;53;41;38;20;0;57;40;42;28;0;29;0;0;16;27;23;17;18;27;32;16;0;40;0;0
01.07.2018;11;0;34;44;53;62;45;52;42;49;45;44;27;0;41;33;33;30;0;30;0;0;32;41;31;35;23;18;31;16;0;49;0;0
01.07.2018;12;0;42;39;58;53;50;44;43;49;40;37;29;0;28;26;39;32;0;37;0;0;24;34;21;27;21;26;33;12;0;30;0;0
01.07.2018;13;0;37;36;57;59;43;58;46;41;32;49;23;0;36;27;37;44;0;56;0;0;25;38;26;15;20;19;30;19;0;29;0;0
01.07.2018;14;0;46;36;62;78;55;65;48;56;34;34;18;0;37;26;34;25;0;42;0;0;24;38;21;19;39;21;34;0;0;30;0;0
01.07.2018;15;0;41;33;56;70;54;72;42;48;33;28;10;0;43;33;35;26;0;28;0;0;26;26;17;31;38;27;47;0;0;40;0;0
01.07.2018;16;0;36;39;55;75;55;59;38;46;33;34;22;0;33;33;38;35;0;49;0;0;23;32;11;22;36;36;31;0;0;40;0;0
01.07.2018;17;0;34;42;50;57;48;52;39;36;38;43;23;0;20;32;36;36;0;36;0;0;13;34;29;0;31;32;17;0;0;31;0;0
01.07.2018;18;0;35;43;56;70;53;48;38;36;40;35;17;0;28;47;2;34;0;38;0;0;0;38;25;0;34;23;20;0;0;30;0;0
01.07.2018;19;0;47;34;63;67;51;49;46;44;31;43;32;0;39;38;26;25;0;32;0;0;0;41;20;0;37;25;24;0;0;33;0;0
01.07.2018;20;0;50;41;65;55;53;62;51;45;44;54;35;0;39;43;18;48;0;48;0;0;0;34;22;0;33;27;26;0;0;32;0;0
01.07.2018;21;0;38;47;36;40;25;36;36;44;45;35;15;0;5;38;0;36;0;46;0;0;0;19;25;0;30;0;35;0;0;23;0;0
01.07.2018;22;0;37;36;28;4;37;4;52;9;47;8;42;0;0;40;0;40;8;26;6;0;0;20;22;0;31;0;37;0;0;23;0;0
01.07.2018;23;0;22;29;33;0;33;0;38;0;46;0;39;0;0;45;0;38;25;27;9;0;0;15;27;0;23;0;34;0;0;20;0;0
01.07.2018;24;0;11;22;21;0;23;0;20;0;34;0;20;0;0;33;0;20;5;23;2;0;0;12;17;0;16;0;31;0;0;22;0;0
02.07.2018;1;0;13;18;23;0;36;0;29;0;27;0;15;0;0;44;0;14;0;23;0;0;0;32;24;0;15;0;25;0;0;14;0;0
02.07.2018;2;0;7;22;37;21;44;0;29;0;36;0;28;0;0;39;0;32;0;35;0;0;0;32;32;0;20;0;24;0;0;21;0;0
02.07.2018;3;0;8;13;41;15;39;0;22;0;22;0;36;0;12;45;0;45;0;38;0;0;0;30;36;0;7;0;23;0;0;25;0;0
02.07.2018;4;0;23;29;37;8;53;9;38;8;42;9;35;0;24;47;0;44;13;39;16;0;0;34;31;0;16;0;33;0;0;29;0;0
02.07.2018;5;0;36;34;59;66;58;57;40;50;34;34;12;0;8;39;0;44;26;36;28;0;0;22;15;0;34;0;31;0;0;20;0;0
02.07.2018;6;0;41;38;64;59;63;45;39;59;34;40;21;0;26;42;0;29;7;28;9;0;0;25;11;0;33;13;38;0;0;12;0;0
02.07.2018;7;0;37;42;60;66;58;51;46;55;35;43;23;0;42;44;20;41;0;54;0;0;0;32;23;0;35;14;41;0;0;20;0;0
02.07.2018;8;0;45;40;57;61;55;51;50;51;40;51;29;0;28;21;34;47;0;50;0;0;0;38;25;0;32;18;36;0;0;17;0;0
02.07.2018;9;0;47;35;47;68;49;47;49;50;39;44;24;0;35;34;46;47;0;50;0;0;0;49;24;12;29;23;34;0;0;31;0;1
02.07.2018;10;0;35;40;52;62;50;62;42;49;32;47;27;0;52;34;54;46;0;37;0;0;0;40;27;24;44;21;34;7;0;49;0;0
02.07.2018;11;0;26;39;51;62;54;64;40;44;35;43;20;0;33;26;39;38;0;31;0;0;17;31;24;17;29;22;35;20;0;30;0;0
02.07.2018;12;0;28;40;60;78;63;49;36;48;34;31;13;0;28;21;37;27;0;26;0;0;23;28;14;14;25;19;34;16;0;21;0;0
02.07.2018;13;0;39;29;66;81;71;46;44;35;26;35;11;0;39;32;37;34;0;41;0;0;24;38;22;0;21;18;31;23;0;23;0;1
02.07.2018;14;0;38;34;62;63;64;63;47;52;30;27;14;0;37;25;36;23;0;32;0;0;24;43;32;0;41;24;32;14;0;33;46;0
02.07.2018;15;0;45;33;58;49;59;67;44;61;31;27;14;0;52;24;51;38;0;34;0;0;18;21;38;0;44;23;40;0;0;39;40;1
02.07.2018;16;0;45;30;60;56;62;64;46;53;28;46;15;0;32;30;37;45;0;55;0;0;19;25;34;0;39;23;38;0;0;25;54;0
02.07.2018;17;0;39;41;60;62;63;52;43;50;41;49;17;0;13;26;22;42;0;38;0;0;15;34;29;0;32;28;17;0;0;15;13;0
02.07.2018;18;0;42;40;64;66;65;40;48;49;39;46;13;0;20;26;25;46;0;42;0;0;6;37;22;0;41;31;21;0;0;25;0;0
02.07.2018;19;0;34;47;57;68;61;57;41;56;47;53;12;0;34;33;38;39;0;40;0;0;12;34;14;0;39;35;30;0;0;33;0;0
02.07.2018;20;0;44;52;56;67;59;56;49;46;47;66;13;0;18;33;20;42;0;54;27;0;0;33;12;0;32;36;27;0;0;24;0;0
02.07.2018;21;0;37;42;53;43;55;30;51;5;51;38;22;0;0;29;0;38;0;49;8;0;0;25;26;0;34;0;41;0;0;17;0;0
02.07.2018;22;0;35;34;33;0;37;0;59;0;50;0;48;0;0;41;0;43;0;45;0;0;0;9;28;0;23;0;35;0;0;27;0;0
02.07.2018;23;0;26;26;31;0;33;0;44;0;41;0;35;0;0;39;0;44;0;53;0;0;0;10;24;0;22;0;35;0;0;31;0;0
02.07.2018;24;0;13;33;29;0;31;0;25;0;36;0;17;0;0;28;0;18;0;29;0;0;0;13;17;0;16;0;36;0;0;19;0;0
03.07.2018;1;0;14;15;20;0;32;0;23;0;20;0;16;0;0;37;0;13;0;17;0;0;0;28;19;0;11;0;37;0;0;12;0;0
03.07.2018;2;0;6;19;31;0;28;0;28;0;24;0;25;0;0;36;0;25;0;35;0;0;0;21;25;0;15;0;30;0;0;19;0;0
03.07.2018;3;0;9;17;38;0;25;0;26;0;24;0;30;0;0;38;0;41;0;46;0;0;0;26;24;0;12;0;30;0;0;22;0;0
03.07.2018;4;0;19;39;40;6;30;5;33;11;43;12;37;0;0;42;0;36;0;42;11;0;0;19;17;0;17;9;33;0;0;17;0;0
03.07.2018;5;0;33;28;54;49;41;47;43;35;22;46;27;0;23;42;0;33;0;59;23;0;0;15;10;0;28;13;20;0;0;16;0;0
03.07.2018;6;0;41;41;58;56;52;48;40;45;34;35;23;0;22;44;0;32;0;32;9;0;0;25;10;0;37;14;28;0;0;19;0;0
03.07.2018;7;0;43;42;58;67;51;61;43;42;37;40;22;0;38;54;1;37;0;38;0;0;0;26;26;0;33;16;32;0;0;20;0;0
03.07.2018;8;0;45;47;59;64;58;53;52;55;40;39;19;0;28;48;22;40;0;35;0;0;0;33;35;0;32;21;43;0;0;26;0;0
03.07.2018;9;0;38;39;50;61;40;51;45;49;42;30;16;0;40;38;44;38;0;39;0;0;0;41;32;0;35;26;28;0;0;30;0;0
03.07.2018;10;0;27;40;47;49;40;55;35;56;40;37;13;0;46;33;39;35;0;32;0;0;0;27;27;0;34;24;29;0;0;35;0;0
03.07.2018;11;0;23;45;47;63;48;59;31;42;36;39;22;0;31;29;37;28;0;29;0;0;0;40;35;0;40;19;27;0;0;35;0;1
03.07.2018;12;0;34;39;59;73;56;61;44;50;40;29;16;0;33;29;34;20;0;28;0;0;15;36;42;4;35;17;33;11;0;25;0;0
03.07.2018;13;0;36;34;66;71;67;53;46;53;36;34;21;0;41;33;39;35;0;40;0;0;19;31;13;16;20;21;33;17;0;29;0;0
03.07.2018;14;0;37;39;59;61;62;56;49;56;38;32;27;0;38;29;35;28;0;34;0;0;22;38;14;20;33;19;36;22;0;28;19;0
03.07.2018;15;0;37;37;58;51;67;61;52;52;31;33;20;0;42;33;37;28;0;36;0;0;21;29;22;23;34;27;40;25;0;29;17;1
03.07.2018;16;0;39;30;67;62;68;43;44;52;32;42;27;0;32;31;33;39;0;42;0;0;20;26;24;4;21;26;35;14;0;24;9;0
03.07.2018;17;0;32;42;57;72;65;34;40;51;36;44;19;0;25;32;28;43;0;40;0;0;19;20;27;0;17;27;20;13;0;19;0;0
03.07.2018;18;0;36;44;57;72;60;46;45;50;47;42;18;0;20;47;6;40;0;42;0;0;12;30;21;0;26;33;19;26;0;22;0;0
03.07.2018;19;0;38;47;62;72;64;57;44;54;48;49;12;0;37;56;13;32;2;39;0;0;8;22;21;0;36;26;25;6;0;35;0;1
03.07.2018;20;0;38;41;62;59;61;48;39;39;43;49;11;0;15;33;13;39;20;32;0;0;0;35;18;0;27;12;30;0;0;26;0;0
03.07.2018;21;0;26;35;47;36;53;23;44;17;41;26;18;0;0;32;0;34;4;48;0;0;0;29;26;0;37;0;34;0;0;20;0;0
03.07.2018;22;0;27;30;33;0;60;0;56;0;52;0;48;0;0;50;0;34;0;39;0;0;0;19;25;0;32;0;43;0;0;28;0;0
03.07.2018;23;0;22;30;30;0;50;0;39;0;43;0;34;0;0;39;0;33;0;48;0;0;0;15;27;0;29;0;36;0;0;29;0;0
03.07.2018;24;0;13;25;16;0;26;0;28;0;25;0;17;0;0;28;0;16;0;27;0;0;0;9;12;0;20;0;27;0;0;13;0;0
04.07.2018;1;0;9;16;21;0;22;0;26;0;26;0;9;0;0;34;0;11;0;16;0;0;0;17;14;0;13;0;28;0;0;7;0;0
04.07.2018;2;0;6;11;32;0;44;0;26;0;18;0;28;0;0;36;0;32;0;34;0;0;0;25;26;0;19;0;22;0;0;16;0;0
04.07.2018;3;0;6;16;42;0;45;0;19;0;23;0;38;0;0;36;0;36;0;38;0;0;0;19;27;0;17;0;18;0;0;15;0;0
04.07.2018;4;0;18;32;43;8;50;4;32;8;40;9;38;0;23;44;0;30;13;35;15;0;0;18;25;0;19;1;31;0;0;23;0;0
04.07.2018;5;0;36;29;58;51;51;47;40;38;19;49;31;0;23;37;0;31;19;49;35;0;0;23;16;0;35;7;24;0;0;20;0;0
04.07.2018;6;0;37;45;60;48;59;49;50;49;27;39;28;0;27;49;0;20;0;32;8;0;0;25;15;0;22;15;32;5;0;14;0;0
04.07.2018;7;0;38;45;54;70;57;49;48;46;39;48;27;0;36;35;21;35;0;44;0;0;0;27;26;0;17;17;32;24;0;27;0;0
04.07.2018;8;0;37;45;57;61;58;51;57;54;48;37;20;0;34;24;37;37;0;40;0;0;0;40;31;10;14;20;35;17;0;22;0;0
04.07.2018;9;0;35;48;46;62;55;50;48;47;51;28;24;0;44;29;32;32;0;35;0;0;5;44;18;19;24;25;32;18;0;31;0;0
04.07.2018;10;0;36;32;57;64;61;56;50;46;28;36;23;0;44;33;39;30;0;27;0;0;11;19;16;17;21;26;30;16;0;36;0;0
04.07.2018;11;0;24;46;57;72;60;50;36;41;47;35;25;0;36;24;37;30;0;29;0;0;16;24;29;0;24;18;30;17;0;32;0;0
04.07.2018;12;0;23;34;65;74;60;59;36;41;31;35;20;0;32;33;29;24;0;25;0;0;20;24;36;0;15;21;31;15;0;27;0;0
04.07.2018;13;0;36;40;61;70;58;60;41;37;29;28;13;0;31;36;26;36;0;42;0;0;21;34;27;0;17;18;24;26;0;27;0;0
04.07.2018;14;0;35;47;57;77;59;61;39;49;28;29;13;0;36;20;32;28;0;34;0;0;29;35;32;0;26;16;32;19;0;25;45;0
04.07.2018;15;0;39;37;67;64;68;67;42;50;30;40;9;0;44;27;39;34;0;33;0;0;26;23;42;0;21;28;39;14;0;32;50;0
04.07.2018;16;0;37;46;59;54;58;55;39;45;25;44;16;0;31;34;26;39;0;46;0;0;22;33;25;0;22;26;28;15;0;23;42;0
04.07.2018;17;0;37;58;57;68;52;68;43;37;35;44;21;0;24;46;0;38;0;35;0;0;20;21;33;0;28;28;24;2;0;22;0;0
04.07.2018;18;0;39;41;60;66;54;41;38;35;38;43;15;0;21;37;12;38;0;41;0;0;15;29;21;0;20;26;21;13;0;19;0;0
04.07.2018;19;0;25;33;55;69;54;45;36;36;31;38;14;0;36;42;23;31;0;36;0;0;10;29;17;0;33;28;28;8;0;38;0;0
04.07.2018;20;0;40;42;60;65;55;53;48;44;30;59;22;0;26;46;0;51;0;44;0;0;0;34;16;0;31;26;26;0;0;30;22;0
04.07.2018;21;0;33;41;51;42;50;42;33;38;26;39;23;0;0;39;0;46;0;59;0;0;0;25;28;0;26;3;30;0;0;21;36;0
04.07.2018;22;0;33;41;40;35;49;31;53;36;41;32;26;0;0;47;0;44;0;46;0;0;0;18;28;0;35;18;25;0;0;29;0;0
04.07.2018;23;0;22;26;25;0;41;0;40;0;34;0;30;0;0;35;0;32;0;47;0;0;0;14;29;0;19;0;30;0;0;27;0;0
04.07.2018;24;0;16;28;20;0;35;0;35;0;36;0;17;0;0;41;0;13;0;23;0;0;0;14;27;0;19;0;35;0;0;27;0;0
05.07.2018;1;0;8;14;17;0;26;0;19;0;17;0;10;0;0;35;0;7;0;12;0;0;0;20;14;0;8;0;24;0;0;11;0;0
05.07.2018;2;0;5;12;32;0;32;0;29;0;23;0;12;0;0;30;0;18;0;32;0;0;0;17;30;0;16;0;23;0;0;21;0;0
05.07.2018;3;0;10;18;38;0;34;0;33;0;36;0;28;0;0;36;0;32;0;38;0;0;0;26;31;0;22;0;30;0;0;23;0;0
05.07.2018;4;0;16;29;48;15;39;13;31;20;37;12;23;0;0;44;0;39;0;46;5;0;0;12;29;0;23;12;26;0;0;24;0;0
05.07.2018;5;0;38;28;59;49;47;44;36;41;29;45;25;0;14;35;0;39;0;60;23;0;0;19;10;0;36;10;22;0;0;17;0;0
05.07.2018;6;0;43;44;62;64;57;53;42;53;33;37;21;0;24;46;12;35;0;37;6;0;0;23;14;0;36;13;27;3;0;20;0;0
05.07.2018;7;0;37;64;51;56;47;46;40;50;40;34;20;0;35;18;42;32;0;41;0;0;0;28;23;0;23;21;36;20;0;26;0;0
05.07.2018;8;0;44;41;55;61;58;50;49;49;35;35;20;0;35;36;36;36;0;33;0;0;7;31;29;0;17;17;45;21;0;27;0;0
05.07.2018;9;0;51;63;45;60;46;59;52;38;40;31;21;0;34;31;46;29;0;30;0;0;2;36;35;0;22;24;30;16;0;35;0;0
05.07.2018;10;0;40;43;43;55;47;59;41;52;35;39;13;0;51;39;44;30;0;33;0;0;15;24;31;3;22;25;29;20;0;43;0;1
05.07.2018;11;0;40;63;51;73;49;66;38;47;41;49;12;0;40;30;42;30;0;32;0;0;24;34;40;8;24;22;33;22;0;39;0;0
05.07.2018;12;0;28;36;64;73;63;54;36;48;33;41;14;0;36;35;34;32;0;31;0;0;20;37;41;0;21;17;39;15;0;30;0;0
05.07.2018;13;0;32;38;60;65;59;58;36;48;37;29;17;0;36;28;37;32;0;39;0;0;23;31;29;0;13;15;32;20;0;23;0;0
05.07.2018;14;0;39;35;54;49;55;53;47;51;32;43;27;0;39;24;38;31;0;36;0;0;27;37;30;0;27;19;36;21;0;22;30;0
05.07.2018;15;0;39;34;58;43;51;64;48;60;36;37;35;0;47;26;51;39;0;48;0;0;29;22;35;0;22;27;44;23;0;30;53;0
05.07.2018;16;0;48;28;54;63;55;55;51;42;30;43;23;0;28;28;33;40;0;49;0;0;24;24;27;0;25;20;30;16;0;23;50;0
05.07.2018;17;0;41;36;60;61;60;49;42;46;37;43;22;0;20;33;27;44;0;46;0;0;25;30;22;0;33;30;25;4;0;23;55;0
05.07.2018;18;0;34;42;73;85;78;60;39;51;41;44;21;0;28;34;32;45;0;48;0;0;19;29;25;0;39;28;20;0;0;26;4;0
05.07.2018;19;0;29;49;63;71;64;51;36;52;36;56;29;0;38;31;39;38;0;41;0;0;8;34;16;0;34;31;23;0;0;35;0;0
05.07.2018;20;0;38;37;59;61;65;48;48;31;36;60;27;0;20;31;22;53;0;54;0;0;0;34;15;0;22;22;14;0;0;29;0;0
05.07.2018;21;0;27;44;55;56;56;37;31;27;41;41;26;0;0;23;0;53;0;50;0;0;0;24;19;0;26;3;25;0;0;18;0;0
05.07.2018;22;0;26;32;38;27;40;13;49;0;45;0;42;0;0;36;0;40;0;44;0;0;0;25;18;0;23;0;35;0;0;17;0;0
05.07.2018;23;0;25;29;28;0;44;0;37;0;37;0;38;0;0;40;0;33;0;40;0;0;0;21;25;0;20;0;38;0;0;22;0;0
05.07.2018;24;0;12;19;22;0;36;0;33;0;29;0;21;0;0;30;0;22;0;23;0;0;0;18;17;0;17;0;28;0;0;15;0;0
06.07.2018;1;0;9;19;16;0;24;0;25;0;24;0;15;0;0;36;0;15;0;16;0;0;0;21;19;0;12;0;26;0;0;14;0;0
06.07.2018;2;0;9;13;32;13;35;0;33;0;22;0;17;0;0;43;0;22;0;32;0;0;0;17;34;0;12;0;26;0;0;27;0;0
06.07.2018;3;0;9;17;35;14;39;0;31;0;26;0;29;0;0;43;0;36;0;36;0;0;0;23;32;0;19;0;24;0;0;18;0;0
06.07.2018;4;0;20;31;47;43;42;9;35;18;43;18;34;0;7;37;0;41;11;36;10;0;0;20;23;0;24;11;32;0;0;13;0;0
06.07.2018;5;0;37;33;61;51;49;54;50;39;28;57;31;0;26;34;0;34;14;50;28;0;0;19;13;0;39;15;18;0;0;19;0;0
06.07.2018;6;0;36;43;64;65;58;47;44;57;40;38;21;0;24;47;0;29;0;31;4;0;0;28;12;0;40;17;27;0;0;14;0;0
06.07.2018;7;0;42;43;52;63;51;57;54;51;39;38;23;0;32;30;33;32;0;39;0;0;0;26;24;0;40;12;41;0;0;23;0;0
06.07.2018;8;0;48;39;52;71;58;57;60;40;34;45;24;0;30;27;36;48;0;44;0;0;0;39;34;0;38;14;35;0;0;25;0;0
06.07.2018;9;0;44;44;46;58;50;54;52;53;47;38;20;0;39;30;37;36;0;32;0;0;0;48;46;0;30;22;33;0;0;33;0;0
06.07.2018;10;0;36;41;54;59;53;69;43;56;39;48;24;0;52;38;45;36;0;30;0;0;0;39;35;0;42;26;31;0;0;34;0;0
06.07.2018;11;0;47;45;57;71;55;79;58;51;38;51;30;0;36;24;34;45;0;37;0;0;18;33;33;12;34;23;28;13;0;32;0;1
06.07.2018;12;0;29;31;69;66;60;54;38;48;28;53;17;0;31;24;33;43;0;40;0;0;19;22;33;9;18;18;33;11;0;26;0;0
06.07.2018;13;0;40;28;58;62;50;62;53;50;28;37;19;0;39;41;35;37;0;44;0;0;29;33;30;0;23;21;46;23;0;21;0;0
06.07.2018;14;0;33;42;66;84;62;65;36;53;44;38;15;0;35;35;32;32;0;43;0;0;38;36;37;0;27;21;38;20;0;29;0;0
06.07.2018;15;0;43;33;60;66;50;66;50;53;30;43;20;0;44;39;36;40;0;54;0;0;27;28;41;0;27;25;47;27;0;42;0;0
06.07.2018;16;0;32;31;58;72;50;61;44;50;31;46;12;0;38;38;32;41;0;49;0;0;26;34;22;0;37;25;39;10;0;31;0;0
06.07.2018;17;0;50;47;62;67;61;63;53;45;37;54;30;0;24;34;20;44;0;47;0;0;32;22;30;0;30;24;20;0;0;24;0;0
06.07.2018;18;0;52;45;64;73;56;74;57;50;37;55;26;0;28;27;22;49;0;53;0;0;27;35;26;0;42;25;25;0;0;23;0;0
06.07.2018;19;0;40;62;58;63;53;56;48;49;33;48;21;0;41;31;34;45;0;40;0;0;12;36;22;0;34;24;38;0;0;30;0;0
06.07.2018;20;0;41;47;58;60;60;52;43;39;28;67;23;0;23;42;17;66;0;52;0;0;0;32;12;0;26;33;21;0;0;28;0;0
06.07.2018;21;0;33;47;56;46;53;39;34;29;33;49;25;0;0;39;0;52;0;48;0;0;0;31;18;0;25;0;32;0;0;26;0;0
06.07.2018;22;0;36;37;34;0;54;0;52;0;36;0;64;0;0;41;0;59;0;50;0;0;0;25;23;0;34;0;38;0;0;26;0;0
06.07.2018;23;0;25;33;29;0;48;0;46;0;32;0;51;0;0;41;0;60;0;66;0;0;0;20;27;0;35;0;32;0;0;21;0;0
06.07.2018;24;0;20;27;19;0;35;0;39;0;38;0;30;0;0;33;0;31;0;43;0;0;0;20;25;0;21;0;33;0;0;20;0;0
07.07.2018;1;0;16;24;24;0;34;0;32;0;30;0;20;0;0;49;0;24;0;22;0;0;0;22;19;0;14;0;35;0;0;17;0;0
07.07.2018;2;0;14;25;38;0;42;0;34;0;34;0;19;0;0;51;0;25;0;36;0;0;0;20;34;0;22;0;29;0;0;25;0;0
07.07.2018;3;0;11;31;44;0;54;0;37;0;37;0;34;0;0;46;0;50;0;55;0;0;0;24;38;0;27;0;27;0;0;27;0;0
07.07.2018;4;0;19;42;48;10;54;12;37;9;41;11;26;0;1;46;0;44;0;42;2;0;0;30;34;0;26;9;34;0;0;28;0;0
07.07.2018;5;0;33;45;54;45;44;46;38;42;28;44;19;0;28;41;0;47;0;57;16;0;0;20;15;0;29;13;21;0;0;19;0;0
07.07.2018;6;0;40;46;65;56;52;60;51;64;36;36;21;0;34;49;1;32;0;34;6;0;0;22;14;0;33;17;34;0;0;22;0;0
07.07.2018;7;0;42;41;52;51;36;46;49;49;34;43;24;0;36;29;39;42;0;43;0;0;0;30;23;0;32;15;31;0;0;23;0;0
07.07.2018;8;0;44;46;57;62;42;61;57;59;43;35;17;0;38;21;45;38;0;42;0;0;0;42;32;0;33;22;49;0;0;29;0;1
07.07.2018;9;0;37;39;42;55;39;51;41;48;42;33;13;0;40;39;48;35;0;35;0;0;0;52;36;0;35;22;28;2;0;29;0;0
07.07.2018;10;0;39;44;52;55;47;73;51;69;41;45;16;0;47;43;47;33;0;28;0;0;6;25;23;19;28;31;38;16;0;42;0;0
07.07.2018;11;0;27;45;52;74;38;62;37;66;43;38;16;0;36;39;45;25;0;34;0;0;12;22;19;15;37;35;41;24;0;29;0;0
07.07.2018;12;0;31;42;62;68;60;60;37;67;38;43;21;0;38;43;33;32;0;29;0;0;15;35;19;20;24;27;43;19;0;27;0;0
07.07.2018;13;0;37;41;65;59;63;66;40;53;35;34;15;0;36;39;30;35;0;46;0;0;22;29;22;17;14;17;45;22;0;24;0;0
07.07.2018;14;0;37;36;59;68;62;67;36;52;32;30;15;0;39;43;34;21;0;32;0;0;22;39;16;23;35;22;44;21;0;25;0;0
07.07.2018;15;0;45;33;59;70;64;73;47;68;26;39;27;0;44;37;43;31;0;36;0;0;33;35;19;21;38;30;54;25;0;31;0;0
07.07.2018;16;0;44;40;67;67;60;54;43;56;32;45;22;0;34;55;24;40;0;43;0;0;20;26;37;8;31;26;37;13;0;19;0;0
07.07.2018;17;0;38;37;63;69;57;52;37;34;34;47;21;0;21;55;0;39;0;36;0;0;21;27;31;0;32;31;19;0;0;18;0;0
07.07.2018;18;0;30;47;61;66;49;51;34;43;37;43;23;0;19;36;16;40;0;39;0;0;0;43;20;0;35;23;21;0;0;16;0;0
07.07.2018;19;0;25;41;58;59;55;45;31;42;24;49;24;0;36;32;34;45;0;46;0;0;0;38;15;0;41;28;33;0;0;25;0;0
07.07.2018;20;0;38;30;57;65;60;41;41;28;21;57;26;0;22;35;20;63;17;50;0;0;0;35;12;0;31;5;33;0;0;26;0;0
07.07.2018;21;0;23;36;46;30;54;33;38;21;30;22;24;0;9;37;0;39;20;29;0;0;0;28;23;0;30;0;29;0;0;23;0;0
07.07.2018;22;0;27;38;34;0;43;0;49;0;41;0;49;0;0;42;0;49;28;21;0;0;0;17;22;0;26;0;30;0;0;21;0;0
07.07.2018;23;0;21;33;25;0;40;0;45;0;42;0;31;0;0;44;0;37;16;45;0;0;0;13;25;0;20;0;36;0;0;25;0;0
07.07.2018;24;0;21;21;28;0;42;0;37;0;35;0;22;0;0;49;0;20;0;25;0;0;0;14;19;0;23;0;36;0;0;22;0;0
08.07.2018;1;0;16;20;20;10;32;0;35;0;28;0;15;0;0;50;0;15;0;17;0;0;0;24;21;0;14;0;33;0;0;16;0;0
08.07.2018;2;0;13;18;37;17;37;0;38;0;33;0;15;0;20;54;0;18;0;30;0;0;0;16;39;0;15;0;33;0;0;33;0;0
08.07.2018;3;0;11;13;38;0;40;0;30;0;25;0;24;0;11;47;0;30;0;37;0;0;0;23;39;0;20;0;22;0;0;27;0;0
08.07.2018;4;0;19;33;53;11;59;9;39;13;41;11;38;0;0;50;0;37;7;40;9;0;0;16;24;0;19;0;36;0;0;22;0;0
08.07.2018;5;0;32;28;63;52;66;57;37;42;26;51;21;0;4;38;0;46;21;37;20;0;0;17;14;0;33;0;29;0;0;19;0;0
08.07.2018;6;0;42;42;57;44;53;53;45;48;35;41;14;0;30;51;0;32;3;26;6;0;0;21;16;0;25;16;35;0;0;16;0;0
08.07.2018;7;0;31;46;56;61;47;53;36;50;34;37;23;0;34;40;17;31;0;42;0;0;0;22;29;0;28;14;34;0;0;18;0;0
08.07.2018;8;0;36;45;54;52;48;47;43;52;45;34;18;0;41;29;48;35;0;36;0;0;0;30;35;0;31;22;46;0;0;27;0;0
08.07.2018;9;0;45;44;47;65;53;46;50;51;46;27;13;0;39;53;28;31;0;33;0;0;0;38;28;14;29;21;32;0;0;36;0;0
08.07.2018;10;0;25;39;52;48;50;54;34;51;34;35;20;0;41;57;19;27;0;28;0;0;0;32;19;24;35;23;33;0;0;34;0;0
08.07.2018;11;0;32;42;53;65;44;64;37;46;35;36;17;0;40;26;34;26;0;30;0;0;0;42;17;27;35;18;27;0;0;38;0;0
08.07.2018;12;0;29;39;65;71;59;54;39;58;38;35;13;0;36;32;34;29;0;23;0;0;0;43;21;14;33;23;37;0;0;29;0;0
08.07.2018;13;0;32;31;62;63;62;53;36;46;34;36;16;0;46;32;38;36;0;48;0;0;18;45;21;14;31;21;35;2;0;31;0;0
08.07.2018;14;0;40;39;64;68;59;60;45;46;37;23;11;0;33;20;37;20;0;27;0;0;24;41;24;23;33;18;27;23;0;32;24;0
08.07.2018;15;0;45;37;61;46;63;71;44;66;30;34;16;0;53;31;40;32;0;36;0;0;26;32;25;28;44;26;48;13;0;44;53;0
08.07.2018;16;0;44;27;62;63;65;58;43;47;27;39;14;0;32;33;34;35;0;38;0;0;18;36;23;7;38;22;30;0;0;26;58;0
08.07.2018;17;0;46;41;60;57;68;53;41;48;35;42;22;0;24;50;10;36;0;40;0;0;0;44;29;0;34;25;23;0;0;22;49;0
08.07.2018;18;0;37;41;64;57;62;57;38;48;34;37;22;0;31;61;0;37;0;35;0;0;0;40;22;0;29;25;22;0;0;29;29;0
08.07.2018;19;0;38;40;58;62;61;67;43;54;32;37;16;0;49;75;0;37;0;39;0;0;0;32;18;0;35;30;30;0;0;42;0;0
08.07.2018;20;0;43;42;56;60;55;57;48;35;30;60;30;0;31;55;0;41;0;45;15;0;0;33;14;0;26;16;26;0;0;36;0;0
08.07.2018;21;0;34;40;45;22;44;19;47;6;39;11;32;0;0;39;0;33;0;48;3;0;0;21;27;0;26;0;33;0;0;29;0;0
08.07.2018;22;0;42;43;29;0;40;0;66;0;45;0;52;0;0;54;0;44;0;45;0;0;0;24;32;0;34;0;42;0;0;27;0;0
08.07.2018;23;0;22;24;35;0;41;0;44;0;31;0;33;0;0;53;0;36;0;51;0;0;0;10;37;0;30;0;38;0;0;33;0;0
08.07.2018;24;0;10;23;19;0;25;0;24;0;31;0;13;0;0;28;0;14;0;31;0;0;0;10;16;0;19;0;30;0;0;17;0;0
09.07.2018;1;0;11;14;21;0;29;0;25;0;12;0;12;0;0;45;0;8;0;16;0;0;0;27;22;0;14;0;22;0;0;19;0;2
09.07.2018;2;0;8;14;40;0;49;0;35;0;29;0;24;0;0;36;0;24;0;34;0;0;0;30;25;0;26;0;28;0;0;22;0;0
09.07.2018;3;0;11;14;39;0;33;0;33;0;22;0;22;0;0;39;0;33;0;39;0;0;0;29;36;0;18;0;19;0;0;22;0;0
09.07.2018;4;0;20;30;44;4;41;7;35;27;35;7;40;0;0;35;0;46;0;47;7;0;0;15;18;0;21;13;22;0;0;16;0;0
09.07.2018;5;0;35;30;57;57;38;55;47;33;27;48;18;0;27;42;0;37;0;50;17;0;0;22;12;0;35;10;21;0;0;21;0;0
09.07.2018;6;0;40;35;57;53;47;49;38;45;29;38;20;0;29;49;0;34;0;33;0;0;0;27;9;0;31;16;24;0;0;19;0;0
09.07.2018;7;0;45;48;54;59;54;64;48;60;45;24;13;0;36;50;0;27;0;39;0;0;0;29;27;0;36;16;38;0;0;24;0;1
09.07.2018;8;0;41;40;57;61;46;44;49;50;35;37;21;0;35;44;28;39;0;39;0;0;0;39;25;0;37;20;39;0;0;21;0;0
09.07.2018;9;0;38;38;53;62;44;49;49;47;37;28;23;0;36;31;36;34;0;28;0;0;4;50;28;0;34;23;27;0;0;28;0;0
09.07.2018;10;0;27;29;53;56;44;59;35;40;25;31;17;0;44;26;35;29;0;31;0;0;0;27;35;0;43;19;26;0;0;37;0;0
09.07.2018;11;0;31;43;46;63;47;59;36;49;40;40;20;0;36;22;40;23;0;24;0;0;0;34;24;0;50;20;36;0;0;27;0;0
09.07.2018;12;0;31;34;53;70;54;58;36;51;36;44;13;0;34;31;35;28;0;28;0;0;13;31;30;1;32;17;35;12;0;24;43;0
09.07.2018;13;0;36;32;64;60;66;56;50;49;33;27;9;0;34;37;25;27;0;37;0;0;21;26;15;7;17;19;30;22;0;25;7;1
09.07.2018;14;0;36;34;64;60;64;50;42;45;31;36;15;0;26;29;29;30;0;39;0;0;29;39;11;22;34;20;31;18;0;22;30;0
09.07.2018;15;0;36;39;59;61;62;73;48;73;37;32;8;0;43;28;39;33;0;42;0;0;28;31;18;26;34;36;43;25;0;34;30;1
09.07.2018;16;0;36;34;58;66;61;55;47;54;34;45;22;0;39;32;41;42;0;45;0;0;18;24;25;6;29;31;35;14;0;29;25;0
09.07.2018;17;0;46;37;68;73;77;55;51;47;36;47;21;0;19;19;29;34;0;36;0;0;19;22;28;0;28;23;21;0;0;20;27;0
09.07.2018;18;0;39;39;63;61;67;46;39;45;40;39;20;0;24;23;27;45;0;46;0;0;15;29;25;0;25;22;19;0;0;19;9;0
09.07.2018;19;0;32;45;60;65;57;57;41;49;36;46;25;0;41;32;32;41;0;40;0;0;12;25;21;0;29;33;27;0;0;42;0;0
09.07.2018;20;0;40;38;61;75;60;52;42;34;22;60;25;0;23;17;26;55;0;57;0;0;0;32;18;0;30;26;12;0;0;25;0;0
09.07.2018;21;0;35;42;48;44;41;37;36;32;28;45;21;0;3;18;7;37;0;38;0;0;0;17;25;0;25;21;13;0;0;14;0;0
09.07.2018;22;0;29;30;35;14;44;7;48;9;42;12;37;0;0;41;0;44;0;45;0;0;0;13;22;0;20;0;36;0;0;27;0;0
09.07.2018;23;0;19;21;24;0;41;0;36;0;24;0;35;0;0;34;0;36;0;48;0;0;0;15;22;0;21;0;27;0;0;24;0;0
09.07.2018;24;0;15;19;21;0;30;0;33;0;27;0;15;0;0;25;0;13;0;23;0;0;0;10;19;0;15;0;25;0;0;15;0;0
10.07.2018;1;0;7;17;16;0;23;0;21;0;20;0;10;0;0;30;0;8;0;21;0;0;0;24;16;0;21;0;21;0;0;8;0;0
10.07.2018;2;0;7;13;31;0;32;0;20;0;25;0;19;0;0;25;0;23;0;34;0;0;0;25;22;0;23;0;26;0;0;15;0;0
10.07.2018;3;0;8;19;41;0;50;0;29;0;35;0;34;0;0;40;0;34;0;43;0;0;0;18;23;0;21;0;32;0;0;18;0;0
10.07.2018;4;0;19;34;40;4;43;5;36;17;49;10;28;0;0;45;0;36;13;39;13;0;0;19;19;0;22;0;37;0;0;16;0;0
10.07.2018;5;0;34;40;61;50;56;47;36;42;35;57;24;0;11;40;0;44;17;45;26;0;0;17;13;0;32;5;26;0;0;19;0;1
10.07.2018;6;0;38;39;63;63;58;59;54;50;33;32;21;0;25;48;1;26;0;35;7;0;0;28;13;0;37;15;27;13;0;22;0;0
10.07.2018;7;0;36;46;52;60;48;57;52;51;45;38;25;0;36;43;18;29;0;36;0;0;0;27;27;0;19;18;32;18;0;21;0;0
10.07.2018;8;0;45;43;51;58;53;59;61;51;43;37;25;0;31;23;33;33;0;40;0;0;0;35;44;0;20;18;35;17;0;22;0;0
10.07.2018;9;0;43;45;38;47;42;48;51;59;55;27;15;0;38;30;47;28;0;31;0;0;0;39;33;11;18;26;35;8;0;31;0;0
10.07.2018;10;0;27;36;44;56;44;50;42;46;38;29;17;0;53;33;42;25;0;29;0;0;12;21;30;2;27;18;29;10;0;35;0;0
10.07.2018;11;0;31;49;51;76;52;63;45;58;45;38;15;0;38;23;37;21;0;26;0;0;19;18;34;0;31;19;29;23;0;37;0;0
10.07.2018;12;0;27;47;61;56;59;45;39;53;36;43;22;0;35;35;39;32;0;31;0;0;16;27;34;0;18;19;34;15;0;29;0;0
10.07.2018;13;0;47;41;62;70;60;57;53;46;32;29;14;0;45;33;35;34;0;40;0;0;21;30;31;0;22;17;31;24;0;34;0;0
10.07.2018;14;0;45;46;60;79;61;59;59;63;39;35;14;0;39;29;37;27;0;30;0;0;29;34;31;0;40;26;40;14;0;28;0;0
10.07.2018;15;0;45;46;59;69;54;65;53;52;27;28;12;0;41;22;40;28;0;31;0;0;21;17;38;18;31;27;36;21;0;34;0;0
10.07.2018;16;0;51;33;55;78;51;54;47;46;25;41;23;0;37;29;36;36;0;42;0;0;26;19;25;0;37;26;29;15;0;21;0;0
10.07.2018;17;0;44;45;57;66;58;45;45;40;40;50;23;0;18;50;8;49;0;43;0;0;18;21;24;0;20;28;15;11;0;17;0;0
10.07.2018;18;0;35;74;55;60;55;49;35;37;43;39;22;0;22;51;8;39;0;42;0;0;15;25;25;0;18;29;17;23;0;26;0;0
10.07.2018;19;0;36;52;64;63;61;63;44;47;25;47;30;0;41;38;30;33;0;42;0;0;9;24;20;0;35;24;29;7;0;38;0;0
10.07.2018;20;0;39;37;62;68;64;53;43;36;31;51;23;0;12;48;0;46;0;47;0;0;0;26;19;0;27;5;32;0;0;33;0;0
10.07.2018;21;0;25;41;48;47;48;24;36;21;30;28;33;0;0;31;0;36;0;39;0;0;0;21;20;0;30;0;30;0;0;19;0;0
10.07.2018;22;0;33;39;27;0;47;0;59;0;46;0;50;0;0;51;0;39;0;37;0;0;0;16;24;0;24;0;42;0;0;27;0;0
10.07.2018;23;0;26;25;29;0;60;0;42;0;24;0;34;0;0;29;0;34;0;40;0;0;0;10;27;0;36;0;25;0;0;26;0;0
10.07.2018;24;0;27;20;17;0;40;0;39;0;22;0;12;0;0;26;0;10;0;24;0;0;0;9;17;0;35;0;24;0;0;16;0;0
11.07.2018;1;0;31;30;24;14;54;0;47;0;25;0;23;0;0;32;0;9;0;19;0;0;0;30;21;0;48;0;21;0;0;15;0;0
11.07.2018;2;0;33;18;39;53;38;0;43;0;25;0;29;0;0;42;0;24;0;30;0;0;0;28;25;0;43;0;27;0;0;26;0;0
11.07.2018;3;0;17;20;44;27;34;0;28;0;24;0;36;0;0;38;0;31;0;35;0;0;0;19;30;0;31;0;18;0;0;19;0;0
11.07.2018;4;0;17;28;40;9;37;5;33;10;39;10;30;0;0;44;0;42;0;52;4;0;0;17;27;0;29;3;26;0;0;18;0;0
11.07.2018;5;0;31;36;60;62;46;45;42;48;33;49;25;0;7;39;0;47;0;56;11;0;0;23;14;0;49;12;22;0;0;20;0;1
11.07.2018;6;0;40;35;59;69;59;50;40;56;31;37;19;0;31;39;15;32;0;35;0;0;0;19;10;0;33;19;35;15;0;19;0;0
11.07.2018;7;0;42;67;56;82;59;59;48;39;39;38;25;0;36;17;30;26;0;34;0;0;0;32;29;0;35;14;30;23;0;25;0;0
11.07.2018;8;0;52;56;52;76;54;57;54;41;36;40;20;0;29;21;30;33;0;41;0;0;4;29;31;0;42;23;28;17;0;19;0;0
11.07.2018;9;0;60;60;46;78;51;63;56;47;45;34;22;0;38;34;33;29;0;31;0;0;10;38;37;0;45;25;31;12;0;35;0;0
11.07.2018;10;0;50;60;53;75;57;76;55;51;36;41;27;0;51;32;40;35;0;35;0;0;17;24;20;23;50;25;29;21;0;43;0;0
11.07.2018;11;0;52;49;54;77;57;75;53;59;39;49;20;0;35;22;37;30;0;23;0;0;22;25;22;25;47;20;24;16;0;33;42;0
11.07.2018;12;0;43;48;68;86;65;64;45;57;47;33;17;0;36;33;29;26;0;30;0;0;29;35;19;22;41;21;38;15;0;26;26;0
11.07.2018;13;0;31;31;64;69;63;54;37;38;35;26;8;0;35;36;30;31;0;45;0;0;18;38;17;12;25;22;25;22;0;26;23;0
11.07.2018;14;0;45;39;68;68;63;68;54;52;37;32;13;0;30;24;14;26;0;26;0;0;27;43;16;18;37;18;26;17;0;31;57;1
11.07.2018;15;0;54;35;63;66;68;81;61;64;34;36;19;0;42;38;26;30;0;36;0;0;19;28;23;25;44;26;38;23;0;38;60;2
11.07.2018;16;0;52;34;63;72;70;60;61;71;39;39;19;0;36;44;35;30;0;38;0;0;22;24;20;10;27;30;52;17;0;31;42;0
11.07.2018;17;0;50;39;61;71;65;52;49;51;39;40;25;0;20;40;19;35;0;37;0;0;13;25;26;0;29;32;25;9;0;25;15;1
11.07.2018;18;0;41;45;54;68;55;41;48;44;48;41;22;0;25;30;13;34;0;35;0;0;2;42;30;0;32;27;26;3;0;26;0;0
11.07.2018;19;0;32;36;57;54;54;49;41;40;25;42;25;0;32;38;28;33;0;33;0;0;0;31;28;0;29;29;26;0;0;34;0;0
11.07.2018;20;0;40;44;57;73;63;57;40;42;31;59;32;0;28;41;16;56;0;55;0;0;0;27;22;0;30;28;18;0;0;28;0;0
11.07.2018;21;0;29;39;51;44;45;47;36;30;45;27;32;0;4;40;0;34;0;47;0;0;0;24;24;0;24;16;35;0;0;27;0;0
11.07.2018;22;0;37;34;33;34;36;26;33;0;41;0;48;0;0;38;0;35;0;39;0;0;0;17;28;0;30;0;40;0;0;22;0;0
11.07.2018;23;0;29;32;26;0;41;0;49;0;39;0;33;0;0;35;0;35;0;47;0;0;0;17;41;0;25;0;39;0;0;26;0;0
11.07.2018;24;0;25;22;25;0;46;0;47;0;38;0;15;0;0;32;0;15;0;23;0;0;0;17;32;0;18;0;27;0;0;27;0;0
12.07.2018;1;0;18;19;20;0;37;0;34;0;28;0;14;0;0;36;0;9;0;17;0;0;0;32;28;0;19;0;25;0;0;12;0;0
12.07.2018;2;0;10;12;39;25;46;0;30;0;27;0;23;0;0;33;0;22;0;26;0;0;0;27;31;0;21;0;26;0;0;17;0;0
12.07.2018;3;0;17;17;43;8;52;0;33;0;29;0;28;0;0;37;0;36;0;34;0;0;0;22;29;0;20;0;21;0;0;18;0;0
12.07.2018;4;0;23;30;48;33;49;13;35;29;41;24;20;0;11;48;0;39;7;43;11;0;0;19;21;0;24;7;35;0;0;21;0;0
12.07.2018;5;0;37;36;57;59;46;47;50;45;34;55;25;0;24;36;0;36;18;51;32;0;0;24;12;0;40;8;26;0;0;21;0;0
12.07.2018;6;0;43;35;63;66;49;51;53;56;40;33;22;0;29;44;15;23;0;26;10;0;0;29;10;0;39;16;34;0;0;19;0;0
12.07.2018;7;0;39;41;47;58;40;53;50;52;49;30;20;0;34;21;32;31;0;31;0;0;0;32;31;0;21;19;37;21;0;18;0;2
12.07.2018;8;0;46;34;61;73;51;48;47;51;42;37;36;0;38;30;43;34;0;31;0;0;0;33;39;0;18;21;39;22;0;26;0;3
12.07.2018;9;0;51;48;41;60;48;55;54;48;49;30;22;0;39;32;47;34;0;28;0;0;0;49;23;17;33;28;29;4;0;35;0;2
12.07.2018;10;0;31;42;51;57;44;61;36;61;40;36;27;0;51;39;44;30;0;26;0;0;0;39;31;23;38;30;25;0;0;40;0;0
12.07.2018;11;0;43;50;51;61;42;61;45;61;51;34;27;0;43;29;41;24;0;30;0;0;10;40;30;25;43;20;33;8;0;39;0;8
12.07.2018;12;0;25;42;64;73;53;39;29;50;39;34;24;0;33;36;28;27;0;30;0;0;23;37;30;13;24;22;33;14;0;28;0;0
12.07.2018;13;0;31;31;63;56;51;32;33;43;31;36;31;0;33;27;36;34;0;43;0;0;27;30;26;0;15;21;30;17;0;28;0;0
12.07.2018;14;0;50;31;60;76;45;45;47;53;31;42;31;0;33;22;29;26;0;38;0;0;29;43;28;3;31;18;30;23;0;25;0;1
12.07.2018;15;0;40;35;54;52;45;51;46;57;31;33;30;0;47;29;42;30;0;40;0;0;24;25;21;25;22;28;44;25;0;37;0;0
12.07.2018;16;0;41;34;66;58;52;39;37;48;33;34;22;0;31;28;38;28;0;37;0;0;24;24;22;18;31;32;37;7;0;23;0;1
12.07.2018;17;0;42;46;63;60;53;44;40;53;40;52;36;0;22;22;34;47;0;43;0;0;24;28;26;13;26;28;21;0;0;22;0;0
12.07.2018;18;0;32;51;64;59;49;29;35;46;44;44;29;0;26;32;20;43;0;43;0;0;12;31;26;0;30;24;18;0;0;31;0;0
12.07.2018;19;0;37;39;65;67;46;37;37;44;29;57;41;0;37;51;13;38;0;40;0;0;0;31;16;0;36;30;23;0;0;30;0;1
12.07.2018;20;0;42;56;58;53;45;37;36;31;30;58;41;0;19;49;0;51;0;51;0;0;0;34;11;0;24;28;21;0;0;26;0;1
12.07.2018;21;0;25;49;46;27;36;9;35;12;34;28;36;0;0;29;0;34;0;46;0;0;0;19;17;0;24;1;34;0;0;20;0;0
12.07.2018;22;0;28;42;26;0;25;0;46;0;41;0;44;0;0;38;0;36;0;40;0;0;0;21;22;0;20;0;38;0;0;24;0;0
12.07.2018;23;0;20;30;31;0;31;0;37;0;38;0;39;0;0;38;0;37;0;41;0;0;0;23;26;0;20;0;36;0;0;22;0;0
12.07.2018;24;0;9;19;16;0;22;0;23;0;22;0;19;0;0;33;0;17;0;27;0;0;0;19;21;0;18;0;27;0;0;17;0;0
13.07.2018;1;0;6;14;20;0;28;0;23;0;20;0;12;0;0;31;0;11;0;23;0;0;0;27;15;0;18;0;15;0;0;10;0;0
13.07.2018;2;0;13;15;32;0;43;0;33;0;27;0;25;0;0;40;0;30;0;31;0;0;0;27;26;0;22;0;32;0;0;24;0;0
13.07.2018;3;0;11;16;41;0;48;0;31;0;31;0;29;0;0;45;0;31;0;30;0;0;0;24;35;0;12;0;26;0;0;21;0;0
13.07.2018;4;0;17;31;45;10;38;9;28;13;41;14;34;0;3;46;0;50;0;51;7;0;0;18;23;0;15;12;24;0;0;20;0;0
13.07.2018;5;0;40;34;56;46;45;43;44;34;31;46;31;0;28;43;0;42;0;58;18;0;0;25;16;0;30;7;21;0;0;22;0;1
13.07.2018;6;0;40;32;57;56;41;38;35;46;28;35;34;0;29;44;0;28;0;31;0;0;0;27;12;0;36;14;31;0;0;20;0;0
13.07.2018;7;0;41;49;57;66;39;53;53;51;45;40;23;0;37;26;33;37;0;37;0;0;0;32;25;0;38;14;39;0;0;25;0;0
13.07.2018;8;0;42;42;52;56;39;37;45;44;43;39;25;0;35;26;44;36;0;47;0;0;0;36;31;0;35;16;37;0;0;24;0;0
13.07.2018;9;0;51;37;46;60;39;46;56;48;45;38;16;0;35;26;54;34;0;34;0;0;0;46;33;0;37;24;29;0;0;32;0;0
13.07.2018;10;0;36;43;54;64;53;50;36;50;38;42;21;0;46;34;39;25;0;22;0;0;16;28;34;13;28;21;32;18;0;45;0;0
13.07.2018;11;0;40;44;57;67;51;53;40;52;40;44;24;0;37;25;43;24;0;26;0;0;28;26;30;19;26;22;34;19;0;30;0;0
13.07.2018;12;0;34;31;71;61;57;50;31;49;30;45;32;0;31;21;36;28;0;32;0;0;21;27;29;22;23;24;30;16;0;27;0;1
13.07.2018;13;0;39;38;65;55;53;49;34;50;36;37;26;0;35;34;31;40;0;45;0;0;30;31;22;15;17;18;30;23;0;26;0;0
13.07.2018;14;0;41;35;66;75;51;58;38;47;41;48;34;0;35;30;38;35;0;37;0;0;27;42;21;23;41;21;32;20;0;32;0;0
13.07.2018;15;0;50;33;58;63;47;72;48;67;33;44;35;0;40;24;46;29;0;32;0;0;20;25;25;36;25;38;43;20;0;42;0;0
13.07.2018;16;0;47;38;59;76;57;46;47;48;40;44;31;0;32;36;33;34;0;37;0;0;17;27;18;10;36;25;36;6;0;23;0;1
13.07.2018;17;0;50;40;51;60;42;55;39;43;38;49;35;0;20;50;0;37;0;37;0;0;14;32;34;0;28;30;25;0;0;21;0;0
13.07.2018;18;0;46;47;61;54;50;45;42;50;41;50;42;0;27;45;8;44;0;45;0;0;0;42;25;0;27;26;22;0;0;19;0;0
13.07.2018;19;0;32;41;63;59;49;47;30;53;35;51;45;0;39;24;43;42;0;39;0;0;0;38;23;0;35;31;28;0;0;34;0;0
13.07.2018;20;0;44;40;64;56;44;49;46;37;35;49;40;0;28;31;19;47;17;34;0;0;0;31;18;0;36;13;26;0;0;32;0;0
13.07.2018;21;0;26;44;51;35;41;37;28;25;29;28;33;0;0;26;0;34;19;24;0;0;0;25;22;0;25;0;28;0;0;26;0;0
13.07.2018;22;0;29;32;38;0;38;0;34;0;37;0;55;0;0;41;0;40;17;18;0;0;0;21;22;0;22;0;31;0;0;22;0;0
13.07.2018;23;0;21;21;29;0;35;0;25;0;27;0;36;0;0;34;0;45;27;30;0;0;0;13;30;0;25;0;31;0;0;19;0;0
13.07.2018;24;0;12;22;15;0;21;0;26;0;28;0;15;0;0;30;0;15;0;24;0;0;0;11;24;0;15;0;29;0;0;19;0;0
14.07.2018;1;0;11;17;22;0;34;0;30;0;29;0;14;0;0;38;0;13;0;18;0;0;0;26;18;0;9;0;24;0;0;15;0;0
14.07.2018;2;0;11;13;44;0;54;0;38;0;25;0;26;0;0;40;0;25;0;40;0;0;0;31;41;0;21;0;29;0;0;30;0;0
14.07.2018;3;0;8;22;36;0;38;0;31;0;27;0;26;0;11;50;0;37;0;42;0;0;0;35;42;0;16;0;31;0;0;25;0;1
14.07.2018;4;0;14;31;38;6;38;6;24;19;49;9;37;0;22;47;0;39;6;34;10;0;0;24;36;0;19;0;32;0;0;28;0;0
14.07.2018;5;0;36;30;55;49;50;42;34;39;31;51;32;0;5;37;0;32;15;42;21;0;0;26;16;0;31;0;31;0;0;15;0;0
14.07.2018;6;0;36;36;60;59;44;42;34;55;32;38;34;0;28;49;0;25;5;26;7;0;0;24;18;0;34;10;43;0;0;19;0;0
14.07.2018;7;0;32;41;51;60;33;39;30;37;34;48;36;0;26;48;3;32;0;35;0;0;0;28;26;0;38;13;33;0;0;19;0;0
14.07.2018;8;0;47;47;51;58;44;42;43;50;46;44;32;0;33;28;41;35;0;35;0;0;0;39;33;0;30;22;33;0;0;22;0;0
14.07.2018;9;0;33;43;40;40;40;51;44;40;41;29;24;0;36;38;35;34;0;35;0;0;0;39;26;11;30;27;24;0;0;28;0;0
14.07.2018;10;0;34;40;57;59;51;60;38;54;42;43;30;0;53;41;36;28;0;25;0;0;10;37;28;36;37;27;29;9;0;50;0;0
14.07.2018;11;0;29;48;48;77;41;59;33;52;43;36;25;0;29;32;36;17;0;27;0;0;26;31;24;27;32;30;33;18;0;32;0;0
14.07.2018;12;0;38;44;65;76;58;59;34;63;42;36;25;0;28;36;37;24;0;33;0;0;19;33;29;20;19;26;32;19;0;28;0;0
14.07.2018;13;0;45;38;60;57;50;60;46;58;38;36;20;0;35;39;25;35;0;51;0;0;24;29;28;13;21;18;30;23;0;26;29;0
14.07.2018;14;0;39;42;59;47;51;51;39;65;41;27;19;0;40;30;34;22;0;35;0;0;28;50;24;25;44;20;35;18;0;33;57;1
14.07.2018;15;0;43;33;61;47;52;82;56;74;37;31;14;0;47;39;48;24;0;32;0;0;29;36;43;23;50;34;50;13;0;36;42;0
14.07.2018;16;0;54;32;63;50;61;57;58;66;41;49;27;0;32;44;39;32;0;37;0;0;28;28;37;21;38;34;30;0;0;25;48;1
14.07.2018;17;0;40;37;63;55;59;47;35;57;40;48;25;0;11;28;19;35;0;33;0;0;23;28;31;0;30;30;17;0;0;12;21;0
14.07.2018;18;0;35;34;64;75;61;44;36;38;38;36;15;0;23;46;4;30;0;35;0;0;10;42;25;0;36;23;20;0;0;15;0;0
14.07.2018;19;0;36;46;58;70;49;66;40;59;49;50;9;0;44;58;26;33;0;32;0;0;7;31;18;0;42;30;29;0;0;38;0;0
14.07.2018;20;0;49;43;60;52;48;53;51;44;35;49;26;0;12;49;10;40;0;52;11;0;0;34;20;0;37;14;29;0;0;33;0;0
14.07.2018;21;0;30;46;51;22;45;13;49;45;50;5;38;0;0;38;0;31;0;38;2;0;0;19;21;0;25;0;35;0;0;17;0;0
14.07.2018;22;0;36;38;33;0;40;0;53;0;55;0;53;0;0;44;0;41;0;45;0;0;0;11;22;0;29;0;36;0;0;22;0;0
14.07.2018;23;0;19;26;27;0;29;0;27;0;36;0;35;0;0;31;0;30;0;42;0;0;0;9;29;0;20;0;29;0;0;19;0;0
14.07.2018;24;0;11;22;22;0;28;0;21;0;37;0;19;0;0;33;0;14;0;25;0;0;0;16;17;0;19;0;34;0;0;12;0;0
15.07.2018;1;0;10;18;20;0;31;0;20;0;28;0;19;0;0;42;0;12;0;22;0;0;0;26;15;0;18;0;24;0;0;13;0;0
15.07.2018;2;0;10;13;29;0;44;0;33;0;28;0;20;0;0;49;0;26;0;37;0;0;0;25;38;0;16;0;28;0;0;30;0;0
15.07.2018;3;0;11;19;39;0;44;0;36;0;27;0;27;0;0;44;0;34;0;34;0;0;0;25;48;0;18;0;21;0;0;25;0;0
15.07.2018;4;0;21;24;43;7;45;6;36;5;34;10;48;0;0;36;0;39;0;57;17;0;0;15;33;0;25;8;26;0;0;21;0;0
15.07.2018;5;0;34;34;61;51;41;40;34;38;30;58;36;0;25;40;0;33;0;55;25;0;0;25;16;0;30;11;20;0;0;12;0;0
15.07.2018;6;0;34;39;57;49;40;36;36;49;28;44;31;0;33;48;0;27;0;38;15;0;0;21;13;0;24;17;32;0;0;22;0;0
15.07.2018;7;0;34;45;51;55;39;36;36;47;42;39;28;0;32;51;0;26;0;35;0;0;0;33;27;0;32;18;34;0;0;24;0;0
15.07.2018;8;0;42;45;51;52;43;33;49;43;41;30;18;0;36;50;26;26;0;39;0;0;0;46;30;4;29;20;37;0;0;31;0;0
15.07.2018;9;0;59;49;47;76;48;65;57;52;53;44;24;0;40;44;36;34;0;36;0;0;11;45;35;23;29;28;29;0;0;42;0;0
15.07.2018;10;0;40;47;60;71;48;57;43;64;38;41;20;0;48;40;45;23;0;28;0;0;28;33;29;29;41;34;26;0;0;50;18;0
15.07.2018;11;0;47;52;53;53;45;65;42;79;56;51;24;0;37;39;33;26;0;30;0;0;30;34;28;49;41;27;36;6;0;44;61;0
15.07.2018;12;0;43;49;65;54;53;54;36;58;48;41;29;0;42;32;33;28;0;27;0;0;34;41;35;40;18;21;31;18;0;40;56;0
15.07.2018;13;0;41;29;65;57;54;50;48;65;32;49;27;0;42;40;26;43;0;49;0;0;28;37;26;27;16;21;45;17;0;39;27;0
15.07.2018;14;0;42;41;62;47;51;41;41;56;45;37;27;0;36;34;25;24;0;35;0;0;27;52;31;30;28;18;36;20;0;42;30;0
15.07.2018;15;0;40;30;53;47;46;57;44;57;34;38;25;0;55;39;35;25;0;29;0;0;22;31;27;33;26;22;41;27;0;36;23;0
15.07.2018;16;0;32;33;59;53;53;39;36;49;31;37;22;0;28;46;30;31;0;35;0;0;23;24;22;14;29;22;39;15;0;26;25;0
15.07.2018;17;0;51;37;59;58;56;45;54;57;40;49;25;0;19;43;19;40;0;47;0;0;25;25;26;7;39;33;23;0;0;17;22;0
15.07.2018;18;0;31;45;66;56;58;41;35;66;46;46;32;0;25;39;21;41;0;40;0;0;13;31;28;0;41;32;18;0;0;24;29;0
15.07.2018;19;0;32;42;58;60;44;39;32;58;34;51;38;0;36;38;31;28;0;30;0;0;14;19;18;0;35;30;26;0;0;26;7;0
15.07.2018;20;0;36;43;55;55;38;52;38;40;31;52;46;0;28;30;22;44;0;47;0;0;18;17;28;0;30;25;18;0;0;24;0;0
15.07.2018;21;0;61;43;54;53;35;49;55;58;33;57;48;0;2;35;0;41;0;51;0;0;5;32;33;0;27;20;33;0;0;18;0;0
15.07.2018;22;0;51;47;33;28;30;31;65;30;38;27;53;0;0;49;0;36;0;39;0;0;0;25;41;0;27;0;39;0;0;23;0;0
15.07.2018;23;0;48;21;28;0;39;0;49;0;36;0;45;0;0;43;0;44;0;56;0;0;0;16;37;0;23;0;30;0;0;26;0;0
15.07.2018;24;0;24;23;22;0;32;0;37;0;32;0;26;0;0;26;0;22;0;39;0;0;0;19;26;0;21;0;28;0;0;24;0;0
16.07.2018;1;0;17;23;24;0;34;0;35;0;25;0;24;0;0;39;0;21;0;31;0;0;0;34;36;0;17;0;22;0;0;17;0;0
16.07.2018;2;0;14;14;37;0;48;0;34;0;27;0;27;0;0;43;0;28;0;45;0;0;0;32;40;0;19;0;28;0;0;21;0;0
16.07.2018;3;0;10;14;43;0;52;0;25;0;26;0;29;0;0;56;0;39;0;43;0;0;0;37;47;0;12;0;23;0;0;37;0;0
16.07.2018;4;0;23;32;52;8;53;4;40;5;47;8;43;0;0;43;0;37;16;42;21;0;0;20;40;0;19;0;31;0;0;27;0;0
16.07.2018;5;0;45;33;58;43;41;50;45;39;24;61;42;0;17;37;0;38;17;41;24;0;0;25;32;0;26;7;26;0;0;28;0;0
16.07.2018;6;0;49;37;62;58;45;41;51;56;41;52;35;0;22;43;0;37;7;30;12;0;0;30;21;0;35;12;29;0;0;13;0;0
16.07.2018;7;0;48;52;57;59;42;55;57;58;50;58;49;0;36;46;14;39;0;36;0;0;0;32;39;4;28;13;40;0;0;24;0;0
16.07.2018;8;0;55;47;62;64;59;46;68;51;48;47;35;0;26;32;28;45;0;45;0;0;7;35;29;10;17;22;34;12;0;25;0;0
16.07.2018;9;0;36;48;55;78;58;40;40;51;54;33;22;0;43;52;35;36;0;42;0;0;13;43;22;20;29;29;32;19;0;40;0;0
16.07.2018;10;0;67;43;50;71;50;67;73;57;49;48;36;0;51;47;27;34;0;32;0;0;29;40;37;31;28;24;33;13;0;46;0;0
16.07.2018;11;0;47;41;52;97;61;72;65;51;44;47;26;0;37;40;21;35;0;35;0;0;27;42;37;23;31;24;29;18;0;38;0;0
16.07.2018;12;0;49;46;61;99;56;56;53;49;35;51;25;0;28;32;25;31;0;36;0;0;24;42;25;28;25;21;33;22;0;26;0;0
16.07.2018;13;0;58;53;67;70;60;53;61;42;39;41;25;0;29;46;23;46;0;51;0;0;16;45;25;13;22;23;40;19;0;19;0;0
16.07.2018;14;0;53;59;66;89;56;58;58;48;31;31;27;0;41;44;24;26;0;33;0;0;22;62;39;23;26;20;30;16;0;31;0;0
16.07.2018;15;0;50;38;57;69;46;80;50;61;32;41;29;0;40;45;29;32;0;34;0;0;23;36;38;31;24;29;47;22;0;32;0;0
16.07.2018;16;0;61;46;61;73;57;62;60;49;33;45;27;0;34;38;31;40;0;46;0;0;22;32;30;10;24;27;39;20;0;19;0;0
16.07.2018;17;0;51;46;57;56;54;69;50;45;41;45;24;0;20;48;9;48;0;51;0;0;24;33;34;15;19;26;29;17;0;14;0;0
16.07.2018;18;0;50;47;69;51;56;56;50;36;41;44;30;0;28;52;0;48;0;47;0;0;23;29;34;3;16;23;26;18;0;20;0;0
16.07.2018;19;0;44;38;61;55;46;51;49;47;37;57;39;0;36;63;0;45;0;49;0;0;13;31;30;0;24;27;30;17;0;35;0;0
16.07.2018;20;0;34;38;54;52;43;46;38;37;34;66;42;0;19;54;0;55;0;57;0;0;0;35;21;0;30;27;15;0;0;25;0;0
16.07.2018;21;0;35;43;53;50;45;42;36;41;39;50;22;0;0;28;0;44;0;50;0;0;0;24;21;0;27;0;39;0;0;23;0;0
16.07.2018;22;0;40;39;35;8;40;22;37;11;42;6;44;0;0;42;0;34;0;28;0;0;0;19;21;0;20;0;34;0;0;25;0;0
16.07.2018;23;0;41;26;34;0;40;0;50;0;41;0;42;0;0;40;0;44;0;51;0;0;0;13;29;0;25;0;31;0;0;21;0;1
16.07.2018;24;0;16;24;19;0;20;0;30;0;36;0;30;0;0;29;0;23;0;37;0;0;0;15;17;0;18;0;31;0;0;19;0;0
17.07.2018;1;0;11;13;21;0;30;0;25;0;16;0;15;0;0;34;0;8;0;24;0;0;0;32;21;0;20;0;19;0;0;14;0;0
17.07.2018;2;0;8;12;37;0;40;0;32;0;27;0;26;0;0;41;0;24;0;41;0;0;0;30;39;0;15;0;38;0;0;24;0;0
17.07.2018;3;0;8;13;39;0;40;0;19;0;25;0;30;0;0;51;0;35;0;47;0;0;0;20;35;0;20;0;21;0;0;28;0;0
17.07.2018;4;0;16;37;45;10;32;9;29;25;51;13;37;0;0;43;0;41;0;40;0;0;0;19;30;0;21;14;30;0;0;26;0;0
17.07.2018;5;0;29;35;50;36;31;36;38;49;31;46;33;0;14;39;0;40;0;63;19;0;0;23;18;0;32;14;25;0;0;24;0;0
17.07.2018;6;0;37;57;65;48;46;39;36;57;39;33;37;0;27;43;15;39;0;40;7;0;0;22;13;0;30;11;34;7;0;18;0;0
17.07.2018;7;0;40;46;53;59;44;49;38;47;35;38;34;0;43;55;13;34;0;35;0;0;0;31;26;0;16;16;40;14;0;26;0;0
17.07.2018;8;0;50;54;50;52;41;51;52;49;42;41;30;0;27;30;30;43;0;45;0;0;8;24;30;9;14;21;39;16;0;23;0;0
17.07.2018;9;0;50;52;41;54;37;59;62;51;38;28;22;0;45;43;36;32;0;36;0;0;7;33;27;14;14;27;33;16;0;34;0;0
17.07.2018;10;0;31;58;52;45;44;53;42;39;38;29;27;0;50;34;36;26;0;27;0;0;17;25;29;25;20;17;29;16;0;46;0;0
17.07.2018;11;0;31;45;49;50;49;57;36;48;40;37;28;0;36;33;34;30;0;29;0;0;21;24;26;25;23;25;35;21;0;43;0;0
17.07.2018;12;0;22;38;61;66;50;43;26;46;40;30;25;0;36;44;25;23;0;29;0;0;13;28;17;12;24;33;27;20;0;41;0;1
17.07.2018;13;0;42;34;61;73;51;62;47;36;28;34;26;0;47;41;26;31;0;47;0;0;20;39;25;11;23;19;30;25;0;45;0;0
17.07.2018;14;0;43;34;57;67;50;59;42;57;41;33;26;0;39;38;26;29;0;30;0;0;27;44;39;5;28;25;40;17;0;36;0;0
17.07.2018;15;0;43;33;51;65;49;49;44;45;40;40;19;0;45;40;32;33;0;33;0;0;20;27;42;0;32;33;33;6;0;31;0;1
17.07.2018;16;0;37;33;61;73;59;42;38;47;38;42;22;0;40;41;33;36;0;42;0;0;16;26;33;0;35;36;41;0;0;28;0;0
17.07.2018;17;0;36;44;60;54;54;44;35;41;45;44;29;0;21;33;24;41;0;37;0;0;16;23;31;0;27;26;36;0;0;18;0;0
17.07.2018;18;0;36;41;59;70;56;57;46;41;42;36;23;0;27;29;26;37;0;41;0;0;18;29;24;0;39;27;26;0;0;30;0;0
17.07.2018;19;0;32;33;63;76;57;63;40;37;34;44;29;0;35;38;21;36;0;39;0;0;20;19;22;0;44;23;22;0;0;39;0;0
17.07.2018;20;0;36;40;58;69;53;59;45;44;38;53;20;0;25;34;18;48;0;49;0;0;5;33;14;0;26;25;21;0;0;28;0;0
17.07.2018;21;0;31;44;49;59;42;33;33;33;40;19;25;0;5;34;0;36;0;44;0;0;0;24;22;0;33;6;33;0;0;34;0;0
17.07.2018;22;0;37;39;31;0;30;6;45;8;41;0;55;0;0;43;0;36;0;37;0;0;0;21;11;0;22;0;46;0;0;23;0;0
17.07.2018;23;0;20;26;31;0;30;0;27;0;26;0;43;0;0;33;0;44;0;55;0;0;0;16;21;0;26;0;29;0;0;20;0;0
17.07.2018;24;0;11;17;16;0;24;0;19;0;23;0;16;0;0;29;0;11;0;36;0;0;0;13;16;0;19;0;22;0;0;12;0;0
18.07.2018;1;0;12;22;16;0;25;0;28;0;28;0;13;0;0;41;0;8;0;17;0;0;0;26;25;0;17;0;27;0;0;16;0;0
18.07.2018;2;0;8;12;33;0;36;0;25;0;25;0;18;0;0;45;0;22;0;36;0;0;0;18;30;0;12;0;35;0;0;28;0;0
18.07.2018;3;0;5;16;39;21;42;0;23;0;24;0;33;0;0;37;0;37;0;40;0;0;0;18;35;0;13;0;22;0;0;17;0;0
18.07.2018;4;0;18;32;50;32;36;10;33;24;40;30;31;0;9;34;0;39;8;36;8;0;0;12;22;0;18;9;32;0;0;16;0;0
18.07.2018;5;0;34;26;57;54;41;48;39;55;31;60;32;0;26;39;0;35;21;41;26;0;0;17;16;0;33;20;29;0;0;20;0;0
18.07.2018;6;0;40;42;61;53;46;34;38;61;42;55;36;0;28;48;0;34;4;29;16;0;0;22;12;0;28;16;35;0;0;16;0;1
18.07.2018;7;0;34;42;55;64;45;40;34;43;36;48;37;0;38;30;33;42;0;37;0;0;0;31;26;0;37;15;35;0;0;25;0;0
18.07.2018;8;0;42;37;53;59;46;41;48;53;41;32;25;0;28;26;35;36;0;34;0;0;0;36;34;0;37;17;33;0;0;26;0;0
18.07.2018;9;0;42;45;41;54;42;50;48;56;49;32;23;0;39;35;40;34;0;30;0;0;0;45;30;17;27;24;34;0;0;32;0;2
18.07.2018;10;0;34;35;45;53;45;50;36;48;35;33;20;0;40;36;35;27;0;22;0;0;0;29;16;21;35;28;30;0;0;33;0;0
18.07.2018;11;0;21;38;56;63;54;46;23;39;36;37;25;0;33;32;20;28;0;31;0;0;13;22;32;7;34;17;29;15;0;28;0;0
18.07.2018;12;0;26;35;61;68;57;46;26;43;39;43;22;0;28;38;29;27;0;31;0;0;23;25;27;0;24;20;28;20;0;22;0;0
18.07.2018;13;0;41;46;68;58;57;48;44;54;41;40;29;0;37;39;23;38;0;43;0;0;29;44;28;0;15;23;27;19;0;32;0;0
18.07.2018;14;0;41;37;62;71;53;44;44;52;36;36;24;0;26;25;25;26;0;39;0;0;33;42;28;13;33;23;33;18;0;22;0;0
18.07.2018;15;0;44;29;63;65;46;48;44;69;29;45;28;0;43;33;34;32;0;35;0;0;24;28;25;27;33;32;38;26;0;33;0;0
18.07.2018;16;0;39;35;61;68;49;45;47;54;34;41;24;0;36;39;26;31;0;42;0;0;27;25;28;6;32;27;37;13;0;29;0;0
18.07.2018;17;0;40;32;60;65;49;51;50;46;33;40;15;0;28;38;16;37;0;36;0;0;22;22;37;0;33;28;22;0;0;25;0;0
18.07.2018;18;0;45;44;58;69;53;36;48;44;37;47;29;0;15;38;0;44;0;45;0;0;15;26;27;0;42;19;15;0;0;19;0;1
18.07.2018;19;0;36;39;60;58;51;46;42;50;36;55;39;0;37;74;3;35;0;41;0;0;5;38;24;0;43;22;42;0;0;39;0;0
18.07.2018;20;0;42;45;59;51;48;48;47;40;27;57;35;0;23;52;7;52;0;54;0;0;0;35;17;0;38;18;34;0;0;27;0;0
18.07.2018;21;0;32;64;53;35;45;22;43;20;43;24;44;0;0;38;0;41;0;51;0;0;0;27;30;0;26;0;38;0;0;22;0;0
18.07.2018;22;0;33;48;37;0;35;0;47;0;52;0;45;0;0;53;0;37;0;42;0;0;0;17;23;0;24;0;47;0;0;32;0;0
18.07.2018;23;0;23;23;30;0;34;0;38;0;32;0;39;0;0;35;0;38;0;53;0;0;0;18;23;0;26;0;30;0;0;24;0;0
18.07.2018;24;0;10;17;19;0;15;0;27;0;27;0;16;0;0;26;0;13;0;31;0;0;0;12;22;0;17;0;25;0;0;21;0;0
19.07.2018;1;0;11;18;23;0;31;0;28;0;27;0;14;0;0;33;0;15;0;21;0;0;0;26;24;0;11;0;20;0;0;15;0;0
19.07.2018;2;0;6;13;33;0;45;0;31;0;22;0;23;0;0;37;0;24;0;29;0;0;0;20;32;0;13;0;27;0;0;23;0;0
19.07.2018;3;0;11;14;37;0;46;0;27;0;28;0;30;0;0;43;0;36;0;43;0;0;0;21;31;0;16;0;23;0;0;24;0;0
19.07.2018;4;0;18;42;46;7;44;4;30;10;45;4;43;0;0;43;0;37;0;46;9;0;0;16;22;0;19;17;21;0;0;22;0;0
19.07.2018;5;0;39;47;52;47;44;41;41;40;30;45;30;0;10;37;0;36;0;61;26;0;0;21;9;0;30;9;25;0;0;17;0;0
19.07.2018;6;0;34;36;66;51;47;40;36;52;31;43;38;0;24;44;0;32;0;35;9;0;0;28;12;0;35;15;30;0;0;18;0;0
19.07.2018;7;0;30;42;58;56;41;32;32;47;36;39;36;0;39;34;20;31;0;36;0;0;0;30;18;0;33;15;33;0;0;22;0;1
19.07.2018;8;0;42;41;54;58;38;34;49;52;44;43;33;0;43;39;39;37;0;38;0;0;0;33;33;0;35;20;37;0;0;27;0;0
19.07.2018;9;0;40;44;35;47;32;44;48;56;43;38;17;0;33;36;35;28;0;28;0;0;0;44;31;0;33;28;30;0;0;32;0;0
19.07.2018;10;0;30;36;56;52;48;49;33;52;35;37;25;0;45;43;35;28;0;30;0;0;9;24;22;19;25;26;32;14;0;39;0;1
19.07.2018;11;0;22;45;54;66;45;47;25;52;41;36;24;0;36;34;30;26;0;29;0;0;19;21;34;11;22;22;33;17;0;34;0;1
19.07.2018;12;0;27;45;60;61;45;45;27;55;43;46;30;0;39;39;34;32;0;36;0;0;19;30;38;5;18;24;36;11;0;30;0;0
19.07.2018;13;0;35;34;64;62;51;49;37;32;31;35;31;0;38;33;28;32;0;37;0;0;19;35;16;13;13;20;29;18;0;27;0;0
19.07.2018;14;0;37;34;59;71;55;47;34;46;31;33;21;0;34;32;30;33;0;41;0;0;33;49;22;21;28;16;35;16;0;26;0;0
19.07.2018;15;0;40;35;54;70;48;54;39;54;28;36;18;0;47;42;38;32;0;44;0;0;22;24;18;25;32;30;48;26;0;32;0;0
19.07.2018;16;0;42;31;57;83;56;49;47;58;30;52;19;0;29;46;27;37;0;43;0;0;27;24;22;15;17;42;32;10;0;20;0;0
19.07.2018;17;0;42;43;54;67;51;45;43;52;43;44;15;0;22;53;0;44;0;45;0;0;22;22;36;0;25;33;28;2;0;33;0;0
19.07.2018;18;0;35;43;65;77;60;38;34;44;34;48;27;0;21;45;0;37;0;37;0;0;9;34;27;0;37;26;24;0;0;29;0;0
19.07.2018;19;0;29;47;67;69;53;41;31;55;34;54;35;0;37;60;0;41;0;42;0;0;0;32;12;0;34;28;32;0;0;31;0;0
19.07.2018;20;0;36;38;61;64;55;31;40;41;30;52;39;0;26;54;0;42;0;47;0;0;0;30;15;0;34;23;27;0;0;25;0;0
19.07.2018;21;0;28;34;59;63;47;21;25;39;29;39;36;0;0;34;0;47;0;54;0;0;0;25;13;0;33;0;35;0;0;23;0;0
19.07.2018;22;0;32;31;47;18;38;0;43;6;44;0;49;0;0;37;0;33;0;41;0;0;0;19;20;0;26;0;33;0;0;27;0;0
19.07.2018;23;0;22;27;32;0;30;0;24;0;28;0;44;0;0;37;0;40;0;53;0;0;0;11;19;0;22;0;31;0;0;24;0;0
19.07.2018;24;0;10;18;16;0;25;0;17;0;22;0;17;0;0;31;0;14;0;33;0;0;0;13;22;0;15;0;27;0;0;20;0;0
20.07.2018;1;0;6;17;17;0;34;0;13;0;18;0;13;0;0;32;0;9;0;15;0;0;0;25;21;0;14;0;18;0;0;19;0;0
20.07.2018;2;0;8;11;34;0;40;0;30;0;16;0;21;0;0;31;0;28;0;35;0;0;0;21;36;0;16;0;22;0;0;26;0;0
20.07.2018;3;0;8;17;42;0;45;0;20;0;20;0;35;0;15;42;0;36;0;33;0;0;0;31;35;0;16;0;17;0;0;22;0;0
20.07.2018;4;0;19;31;43;11;41;6;35;7;40;13;39;0;8;38;0;34;7;39;16;0;0;17;20;0;24;0;30;0;0;18;0;0
20.07.2018;5;0;37;25;55;51;44;36;36;44;23;46;30;0;3;37;0;36;15;36;19;0;0;17;12;0;37;0;32;0;0;16;0;0
20.07.2018;6;0;36;49;52;57;44;38;35;51;41;38;32;0;30;46;0;25;0;31;9;0;0;25;15;0;32;6;40;0;0;19;0;1
20.07.2018;7;0;42;49;55;57;41;46;44;47;44;36;26;0;34;51;0;34;0;36;0;0;0;26;32;0;37;12;40;0;0;25;0;0
20.07.2018;8;0;31;26;35;51;33;34;32;33;19;32;23;0;23;33;13;31;0;19;0;0;0;25;29;0;25;10;29;0;0;21;0;0
20.07.2018;9;0;42;43;34;45;30;49;52;50;36;29;21;0;34;30;35;29;0;27;0;0;0;33;20;10;26;21;35;0;0;24;0;1
20.07.2018;10;0;26;34;53;57;49;46;32;48;26;31;27;0;43;33;37;21;0;21;0;0;10;27;20;20;20;26;33;16;0;40;0;1
20.07.2018;11;0;26;41;48;67;46;49;29;51;37;36;23;0;38;30;20;26;0;23;0;0;20;23;21;16;16;20;36;17;0;33;0;0
20.07.2018;12;0;26;32;58;73;53;51;28;33;24;36;27;0;29;29;27;24;0;31;0;0;15;26;17;20;16;19;36;17;0;29;0;1
20.07.2018;13;0;26;35;62;80;56;41;31;39;31;31;15;0;33;42;27;31;0;42;0;0;21;42;23;17;22;18;40;26;0;33;6;0
20.07.2018;14;0;38;31;60;63;53;62;45;60;40;25;10;0;40;43;20;25;0;36;0;0;33;40;25;20;32;31;41;22;0;24;44;2
20.07.2018;15;0;41;39;63;54;51;68;46;78;43;36;21;0;47;49;39;36;0;36;0;0;18;34;25;35;27;48;48;29;0;39;52;1
20.07.2018;16;0;38;29;61;52;59;47;36;52;34;35;20;0;36;38;39;31;0;39;0;0;18;32;21;20;29;41;38;13;0;32;42;0
20.07.2018;17;0;45;49;63;51;48;41;42;56;51;49;20;0;22;34;19;43;0;38;0;0;1;42;29;5;30;26;25;0;0;26;48;0
20.07.2018;18;0;33;42;58;76;57;44;37;60;47;47;15;0;26;36;24;46;0;46;0;0;0;49;28;0;36;27;27;0;0;25;37;1
20.07.2018;19;0;36;51;67;67;57;47;36;64;51;49;22;0;37;42;30;42;0;40;0;0;0;41;20;0;31;33;28;0;0;30;0;0
20.07.2018;20;0;40;44;56;46;40;43;44;30;37;68;26;0;21;58;1;57;0;53;11;0;0;35;14;0;24;14;21;0;0;28;0;0
20.07.2018;21;0;36;32;56;29;44;8;49;6;45;18;30;0;0;35;0;38;0;42;0;0;0;23;22;0;18;0;31;0;0;25;0;0
20.07.2018;22;0;26;36;35;0;32;0;48;0;55;0;51;0;0;49;0;40;0;38;0;0;0;21;23;0;20;0;37;0;0;30;0;0
20.07.2018;23;0;23;24;28;0;24;0;38;0;37;0;45;0;0;37;0;47;0;53;0;0;0;18;21;0;20;0;32;0;0;22;0;0
20.07.2018;24;0;16;27;24;0;26;0;31;0;41;0;19;0;0;25;0;17;0;28;0;0;0;13;24;0;18;0;29;0;0;18;0;0
;;;;;;;;;;;;;;;;;;;;;;;;;;;;;;;;;;
